生成启动时间为 2026/6/4 15:17:13。
日志记录详细程度设置为: Detailed。     0>未使用终端记录器，因为正在将输出重定向到文件。
       进程 = "C:\Program Files\dotnet\dotnet.exe"
       MSBuild 可执行文件路径 = "C:\Program Files\dotnet\sdk\10.0.300\MSBuild.exe"
       命令行参数 = "C:\Program Files\dotnet\sdk\10.0.300\MSBuild.exe -maxcpucount --verbosity:m -tlp:default=auto --property:NuGetInteractive=false --verbosity:m --nologo -restore:false Rokurics-Windows\Rokurics.sln /flp:logfile=Rokurics-Windows\Rokurics\build-full.log -consoleloggerparameters:Summary -distributedlogger:Microsoft.DotNet.Cli.Commands.MSBuild.MSBuildLogger,C:\Program Files\dotnet\sdk\10.0.300\dotnet.dll*Microsoft.DotNet.Cli.Commands.MSBuild.MSBuildForwardingLogger,C:\Program Files\dotnet\sdk\10.0.300\dotnet.dll"
       当前目录 = "C:\Users\Vita\Vitemis\Outposts"
       MSBuild 版本 = "18.6.3+caa81fa49"
       基于 Windows 注册表项 LongPathsEnabled，LongPaths 功能为 已启用。
       基于 Windows 注册表项 VerifiedAndReputablePolicyState，SAC 状态 = 0: 已关闭。
       C:\Users\Vita\Vitemis\Outposts\Rokurics-Windows\Rokurics.sln.metaproj : message : 值为“C:\Program Files\dotnet\sdk\10.0.300\”的属性“MSBuildExtensionsPath”从环境中展开。
       在 Evaluation 期间加载的程序集: System.Threading.Tasks.Parallel, Version=10.0.0.0, Culture=neutral, PublicKeyToken=b03f5f7f11d50a3a (位置: C:\Program Files\dotnet\shared\Microsoft.NETCore.App\10.0.8\System.Threading.Tasks.Parallel.dll，MVID: c4ac9312-6477-44e3-9858-af6507de959c，AssemblyLoadContext: Default)
       “NuGetInteractive”属性是全局属性，不能修改。
       C:\Program Files\dotnet\sdk\10.0.300\NuGet.targets(125,5): message : 在 C:\Program Files\dotnet\sdk\10.0.300\NuGet.targets (125,5) 处重新分配属性: $(_GenerateRestoreGraphProjectEntryInputProperties)=“
       C:\Program Files\dotnet\sdk\10.0.300\NuGet.targets(125,5): message :       ExcludeRestorePackageImports=true;
       C:\Program Files\dotnet\sdk\10.0.300\NuGet.targets(125,5): message :       _RestoreSolutionFileUsed=true;
       C:\Program Files\dotnet\sdk\10.0.300\NuGet.targets(125,5): message :       SolutionDir=C:\Users\Vita\Vitemis\Outposts\Rokurics-Windows\;
       C:\Program Files\dotnet\sdk\10.0.300\NuGet.targets(125,5): message :       SolutionName=Rokurics;
       C:\Program Files\dotnet\sdk\10.0.300\NuGet.targets(125,5): message :       SolutionFileName=Rokurics.sln;
       C:\Program Files\dotnet\sdk\10.0.300\NuGet.targets(125,5): message :       SolutionPath=C:\Users\Vita\Vitemis\Outposts\Rokurics-Windows\Rokurics.sln;
       C:\Program Files\dotnet\sdk\10.0.300\NuGet.targets(125,5): message :       SolutionExt=.sln;
       C:\Program Files\dotnet\sdk\10.0.300\NuGet.targets(125,5): message :     ”(先前值:“ExcludeRestorePackageImports=true”)
       在 Evaluation 期间加载的程序集: System.Numerics.Vectors, Version=10.0.0.0, Culture=neutral, PublicKeyToken=b03f5f7f11d50a3a (位置: C:\Program Files\dotnet\shared\Microsoft.NETCore.App\10.0.8\System.Numerics.Vectors.dll，MVID: 0b5b7753-0ad4-412e-9a92-fe8620136761，AssemblyLoadContext: Default)
       项目中不存在 BeforeTargets 特性中的“C:\Program Files\dotnet\sdk\10.0.300\Current\SolutionFile\ImportAfter\Microsoft.NET.Sdk.Solution.targets (24,11)”位置列出的目标“_MTPBuild”，将忽略该目标。
       项目中不存在 BeforeTargets 特性中的“C:\Program Files\dotnet\sdk\10.0.300\Current\SolutionFile\ImportAfter\Microsoft.NET.Sdk.Solution.targets (33,11)”位置列出的目标“Store”，将忽略该目标。
       项目中不存在 BeforeTargets 特性中的“C:\Program Files\dotnet\sdk\10.0.300\Current\SolutionFile\ImportAfter\Microsoft.NET.Sdk.Solution.targets (33,11)”位置列出的目标“VSTest”，将忽略该目标。
       项目中不存在 BeforeTargets 特性中的“C:\Program Files\dotnet\sdk\10.0.300\Current\SolutionFile\ImportAfter\Microsoft.NET.Sdk.Solution.targets (33,11)”位置列出的目标“_MTPBuild”，将忽略该目标。
       项目中不存在 BeforeTargets 特性中的“C:\Program Files\dotnet\sdk\10.0.300\NuGet.targets (705,11)”位置列出的目标“_CheckForInvalidConfigurationAndPlatform”，将忽略该目标。
     1>节点 1 上的项目“C:\Users\Vita\Vitemis\Outposts\Rokurics-Windows\Rokurics.sln”(默认目标)。
     1>来自项目“C:\Users\Vita\Vitemis\Outposts\Rokurics-Windows\Rokurics.sln”的文件“C:\Users\Vita\Vitemis\Outposts\Rokurics-Windows\Rokurics.sln.metaproj”中的目标“ValidateSolutionConfiguration”(入口点):
     1>正在使用程序集“Microsoft.Build.Tasks.Core, Version=15.1.0.0, Culture=neutral, PublicKeyToken=b03f5f7f11d50a3a”中的“Message”任务。
       任务“Message”
         正在生成解决方案配置“Debug|ARM64”。
       已完成执行任务“Message”的操作。
     1>已完成在项目“Rokurics.sln”中生成目标“ValidateSolutionConfiguration”的操作。
     1>来自项目“C:\Users\Vita\Vitemis\Outposts\Rokurics-Windows\Rokurics.sln”的文件“C:\Users\Vita\Vitemis\Outposts\Rokurics-Windows\Rokurics.sln.metaproj”中的目标“ValidateToolsVersions”(入口点):
     1>已完成在项目“Rokurics.sln”中生成目标“ValidateToolsVersions”的操作。
     1>来自项目“C:\Users\Vita\Vitemis\Outposts\Rokurics-Windows\Rokurics.sln”的文件“C:\Users\Vita\Vitemis\Outposts\Rokurics-Windows\Rokurics.sln.metaproj”中的目标“ValidateProjects”(入口点):
       任务“Message”
         在解决方案配置“Debug|ARM64”中未选定生成项目“Rokurics.Tests”。
       已完成执行任务“Message”的操作。
     1>已完成在项目“Rokurics.sln”中生成目标“ValidateProjects”的操作。
     1>来自项目“C:\Users\Vita\Vitemis\Outposts\Rokurics-Windows\Rokurics.sln”的文件“C:\Users\Vita\Vitemis\Outposts\Rokurics-Windows\Rokurics.sln.metaproj”中的目标“Build”(入口点):
       正在使用程序集“Microsoft.Build.Tasks.Core, Version=15.1.0.0, Culture=neutral, PublicKeyToken=b03f5f7f11d50a3a”中的“MSBuild”任务。
       任务“MSBuild”
         全局属性:
           BuildingSolutionFile=true
           CurrentSolutionConfigurationContents=<SolutionConfiguration>
           <ProjectConfiguration Project="{A1B2C3D4-E5F6-7890-ABCD-EF1234567890}" AbsolutePath="C:\Users\Vita\Vitemis\Outposts\Rokurics-Windows\Rokurics\Rokurics.csproj" BuildProjectInSolution="True">Debug|ARM64</ProjectConfiguration>
           <ProjectConfiguration Project="{B2C3D4E5-F6A7-8901-BCDE-F12345678901}" AbsolutePath="C:\Users\Vita\Vitemis\Outposts\Rokurics-Windows\Rokurics.Tests\Rokurics.Tests.csproj" BuildProjectInSolution="False">Debug|ARM64</ProjectConfiguration>
         </SolutionConfiguration>
           SolutionDir=C:\Users\Vita\Vitemis\Outposts\Rokurics-Windows\
           SolutionExt=.sln
           SolutionFileName=Rokurics.sln
           SolutionName=Rokurics
           SolutionPath=C:\Users\Vita\Vitemis\Outposts\Rokurics-Windows\Rokurics.sln
         项目“C:\Users\Vita\Vitemis\Outposts\Rokurics-Windows\Rokurics\Rokurics.csproj”的其他属性:
           Configuration=Debug
           Platform=ARM64
     0>SDK“Microsoft.NET.Sdk”已由“DefaultSdkResolver”解析程序成功解析为位置“C:\Program Files\dotnet\sdk\10.0.300\Sdks\Microsoft.NET.Sdk\Sdk”和版本“”。
       C:\Program Files\dotnet\sdk\10.0.300\Sdks\Microsoft.NET.Sdk\Sdk\Sdk.props(49,11): message : 值为“C:\Program Files\dotnet\sdk\10.0.300\”的属性“MSBuildExtensionsPath”从环境中展开。
       C:\Program Files\dotnet\sdk\10.0.300\Current\Microsoft.Common.props(60,5): message : 在 C:\Program Files\dotnet\sdk\10.0.300\Current\Microsoft.Common.props (60,5) 处重新分配属性: $(MSBuildProjectExtensionsPath)=“C:\Users\Vita\Vitemis\Outposts\Rokurics-Windows\Rokurics\obj\”(先前值:“obj\”)
       C:\Users\Vita\Vitemis\Outposts\Rokurics-Windows\Rokurics\obj\Rokurics.csproj.nuget.g.props(7,5): message : 值为“C:\Users\Vita”的属性“USERPROFILE”从环境中展开。
       C:\Users\Vita\.nuget\packages\microsoft.windows.sdk.buildtools\10.0.26100.1\buildTransitive\Microsoft.Windows.SDK.BuildTools.props(4,37): message : 值为“ARM64”的属性“PROCESSOR_ARCHITECTURE”从环境中展开。
       C:\Users\Vita\.nuget\packages\microsoft.windowsappsdk\1.7.250310001\buildTransitive\Microsoft.UI.Xaml.Markup.Compiler.props(15,5): message : 在 C:\Users\Vita\.nuget\packages\microsoft.windowsappsdk\1.7.250310001\buildTransitive\Microsoft.UI.Xaml.Markup.Compiler.props (15,5) 处重新分配属性: $(CustomBeforeMicrosoftCommonTargets)=“C:\Users\Vita\.nuget\packages\microsoft.windowsappsdk\1.7.250310001\buildTransitive\Microsoft.UI.Xaml.Markup.Compiler.BeforeCommon.targets”(先前值:“C:\Users\Vita\.nuget\packages\microsoft.windowsappsdk\1.7.250310001\buildTransitive\Microsoft.Build.Msix.props”)
       C:\Program Files\dotnet\sdk\10.0.300\Current\Microsoft.Common.props(84,119): message : 值为“C:\Users\Vita\AppData\Local\Microsoft\MSBuild”的属性“MSBuildUserExtensionsPath”从环境中展开。
       “Configuration”属性是全局属性，不能修改。
       “Platform”属性是全局属性，不能修改。
       “Configuration”属性是全局属性，不能修改。
       “Platform”属性是全局属性，不能修改。
       C:\Program Files\dotnet\sdk\10.0.300\Sdks\Microsoft.NET.Sdk\targets\Microsoft.NET.Sdk.props(90,5): message : 在 C:\Program Files\dotnet\sdk\10.0.300\Sdks\Microsoft.NET.Sdk\targets\Microsoft.NET.Sdk.props (90,5) 处重新分配属性: $(AssemblySearchPaths)=“{CandidateAssemblyFiles};{HintPathFromItem}”(先前值:“{CandidateAssemblyFiles}”)
       C:\Program Files\dotnet\sdk\10.0.300\Sdks\Microsoft.NET.Sdk\targets\Microsoft.NET.Sdk.props(91,5): message : 在 C:\Program Files\dotnet\sdk\10.0.300\Sdks\Microsoft.NET.Sdk\targets\Microsoft.NET.Sdk.props (91,5) 处重新分配属性: $(AssemblySearchPaths)=“{CandidateAssemblyFiles};{HintPathFromItem};{TargetFrameworkDirectory}”(先前值:“{CandidateAssemblyFiles};{HintPathFromItem}”)
       C:\Program Files\dotnet\sdk\10.0.300\Sdks\Microsoft.NET.Sdk\targets\Microsoft.NET.Sdk.props(92,5): message : 在 C:\Program Files\dotnet\sdk\10.0.300\Sdks\Microsoft.NET.Sdk\targets\Microsoft.NET.Sdk.props (92,5) 处重新分配属性: $(AssemblySearchPaths)=“{CandidateAssemblyFiles};{HintPathFromItem};{TargetFrameworkDirectory};{RawFileName}”(先前值:“{CandidateAssemblyFiles};{HintPathFromItem};{TargetFrameworkDirectory}”)
       “DefaultSdkResolver”解析程序已尝试解析 SDK“Microsoft.NET.SDK.WorkloadAutoImportPropsLocator”。
       警告: null
       错误: MSB4276: 默认 SDK 解析程序解析 SDK“Microsoft.NET.SDK.WorkloadAutoImportPropsLocator”失败，因为目录“C:\Program Files\dotnet\sdk\10.0.300\Sdks\Microsoft.NET.SDK.WorkloadAutoImportPropsLocator\Sdk”不存在。
       在 Evaluation 期间加载的程序集: Microsoft.Build.NuGetSdkResolver, Version=7.6.0.0, Culture=neutral, PublicKeyToken=31bf3856ad364e35 (位置: C:\Program Files\dotnet\sdk\10.0.300\Microsoft.Build.NuGetSdkResolver.dll，MVID: 151ed02f-1ab6-4f32-8c0a-fe25c317d11a，AssemblyLoadContext: MSBuild plugin C:\Program Files\dotnet\sdk\10.0.300\Microsoft.Build.NuGetSdkResolver.dll)
       在 Evaluation 期间加载的程序集: NuGet.Common, Version=7.6.0.0, Culture=neutral, PublicKeyToken=31bf3856ad364e35 (位置: C:\Program Files\dotnet\sdk\10.0.300\NuGet.Common.dll，MVID: c7cb08cf-8731-44a8-9d1a-502b05090f5f，AssemblyLoadContext: MSBuild plugin C:\Program Files\dotnet\sdk\10.0.300\Microsoft.Build.NuGetSdkResolver.dll)
       在 Evaluation 期间加载的程序集: Microsoft.NET.Sdk.WorkloadMSBuildSdkResolver, Version=10.0.300.0, Culture=neutral, PublicKeyToken=31bf3856ad364e35 (位置: C:\Program Files\dotnet\sdk\10.0.300\Microsoft.NET.Sdk.WorkloadMSBuildSdkResolver.dll，MVID: 6bd6f385-a7b5-45e0-b650-8be633ce4495，AssemblyLoadContext: MSBuild plugin C:\Program Files\dotnet\sdk\10.0.300\Microsoft.NET.Sdk.WorkloadMSBuildSdkResolver.dll)
       在 Evaluation 期间加载的程序集: Microsoft.DotNet.Cli.CoreUtils, Version=10.0.300.0, Culture=neutral, PublicKeyToken=adb9793829ddae60 (位置: C:\Program Files\dotnet\sdk\10.0.300\Microsoft.DotNet.Cli.CoreUtils.dll，MVID: f753002e-04cb-4491-a1be-1eec0e0cda1d，AssemblyLoadContext: MSBuild plugin C:\Program Files\dotnet\sdk\10.0.300\Microsoft.NET.Sdk.WorkloadMSBuildSdkResolver.dll)
       在 Evaluation 期间加载的程序集: Microsoft.NET.Sdk.WorkloadManifestReader, Version=10.0.300.0, Culture=neutral, PublicKeyToken=adb9793829ddae60 (位置: C:\Program Files\dotnet\sdk\10.0.300\Microsoft.NET.Sdk.WorkloadManifestReader.dll，MVID: b5fad3c7-5665-40f1-9059-7407f11c4a66，AssemblyLoadContext: MSBuild plugin C:\Program Files\dotnet\sdk\10.0.300\Microsoft.NET.Sdk.WorkloadMSBuildSdkResolver.dll)
       在 Evaluation 期间加载的程序集: Microsoft.Deployment.DotNet.Releases, Version=2.0.0.0, Culture=neutral, PublicKeyToken=31bf3856ad364e35 (位置: C:\Program Files\dotnet\sdk\10.0.300\Microsoft.Deployment.DotNet.Releases.dll，MVID: 2c0d9534-e211-4d4d-9419-0799af0445a8，AssemblyLoadContext: MSBuild plugin C:\Program Files\dotnet\sdk\10.0.300\Microsoft.NET.Sdk.WorkloadMSBuildSdkResolver.dll)
       SDK“Microsoft.NET.SDK.WorkloadAutoImportPropsLocator”已由“Microsoft.DotNet.MSBuildWorkloadSdkResolver”解析程序成功解析为位置“null”和版本“null”。
       C:\Users\Vita\Vitemis\Outposts\Rokurics-Windows\Rokurics\Rokurics.csproj(4,5): message : 在 C:\Users\Vita\Vitemis\Outposts\Rokurics-Windows\Rokurics\Rokurics.csproj (4,5) 处重新分配属性: $(OutputType)=“WinExe”(先前值:“Library”)
       C:\Users\Vita\Vitemis\Outposts\Rokurics-Windows\Rokurics\Rokurics.csproj(13,5): message : 在 C:\Users\Vita\Vitemis\Outposts\Rokurics-Windows\Rokurics\Rokurics.csproj (13,5) 处重新分配属性: $(Platforms)=“x86;x64;ARM64”(先前值:“AnyCPU”)
       C:\Users\Vita\Vitemis\Outposts\Rokurics-Windows\Rokurics\Rokurics.csproj(26,5): message : 在 C:\Users\Vita\Vitemis\Outposts\Rokurics-Windows\Rokurics\Rokurics.csproj (26,5) 处重新分配属性: $(PlatformTarget)=“ARM64”(先前值:“arm64”)
       “Configuration”属性是全局属性，不能修改。
       “Platform”属性是全局属性，不能修改。
       C:\Program Files\dotnet\sdk\10.0.300\Sdks\Microsoft.NET.Sdk\targets\Microsoft.NET.Sdk.ImportPublishProfile.targets(28,5): message : 在 C:\Program Files\dotnet\sdk\10.0.300\Sdks\Microsoft.NET.Sdk\targets\Microsoft.NET.Sdk.ImportPublishProfile.targets (28,5) 处重新分配属性: $(PublishProfileImported)=“false”(先前值:“true”)
       在 Evaluation 期间加载的程序集: NuGet.Frameworks, Version=7.6.0.0, Culture=neutral, PublicKeyToken=31bf3856ad364e35 (位置: C:\Program Files\dotnet\sdk\10.0.300\NuGet.Frameworks.dll，MVID: b71a8488-747b-4ae6-afcc-1671a79bedf7，AssemblyLoadContext: Assembly.LoadFile(C:\Program Files\dotnet\sdk\10.0.300\NuGet.Frameworks.dll))
       C:\Program Files\dotnet\sdk\10.0.300\Sdks\Microsoft.NET.Sdk\targets\Microsoft.NET.TargetFrameworkInference.targets(84,5): message : 在 C:\Program Files\dotnet\sdk\10.0.300\Sdks\Microsoft.NET.Sdk\targets\Microsoft.NET.TargetFrameworkInference.targets (84,5) 处重新分配属性: $(TargetPlatformIdentifier)=“Windows”(先前值:“windows”)
       C:\Program Files\dotnet\sdk\10.0.300\Sdks\Microsoft.NET.Sdk\targets\Microsoft.NET.DefaultOutputPaths.targets(127,5): message : 在 C:\Program Files\dotnet\sdk\10.0.300\Sdks\Microsoft.NET.Sdk\targets\Microsoft.NET.DefaultOutputPaths.targets (127,5) 处重新分配属性: $(DefaultItemExcludes)=“;bin\ARM64\Debug\/**;obj\ARM64\Debug\/**”(先前值:“;bin\ARM64\Debug\/**”)
       C:\Program Files\dotnet\sdk\10.0.300\Sdks\Microsoft.NET.Sdk\targets\Microsoft.NET.DefaultOutputPaths.targets(142,5): message : 在 C:\Program Files\dotnet\sdk\10.0.300\Sdks\Microsoft.NET.Sdk\targets\Microsoft.NET.DefaultOutputPaths.targets (142,5) 处重新分配属性: $(OutputPath)=“bin\ARM64\Debug\net8.0-windows10.0.19041.0\”(先前值:“bin\ARM64\Debug\”)
       C:\Program Files\dotnet\sdk\10.0.300\Sdks\Microsoft.NET.Sdk\targets\Microsoft.NET.DefaultOutputPaths.targets(147,5): message : 在 C:\Program Files\dotnet\sdk\10.0.300\Sdks\Microsoft.NET.Sdk\targets\Microsoft.NET.DefaultOutputPaths.targets (147,5) 处重新分配属性: $(IntermediateOutputPath)=“obj\ARM64\Debug\net8.0-windows10.0.19041.0\”(先前值:“obj\ARM64\Debug\”)
       “DefaultSdkResolver”解析程序已尝试解析 SDK“Microsoft.NET.SDK.WorkloadManifestTargetsLocator”。
       警告: null
       错误: MSB4276: 默认 SDK 解析程序解析 SDK“Microsoft.NET.SDK.WorkloadManifestTargetsLocator”失败，因为目录“C:\Program Files\dotnet\sdk\10.0.300\Sdks\Microsoft.NET.SDK.WorkloadManifestTargetsLocator\Sdk”不存在。
       SDK“Microsoft.NET.SDK.WorkloadManifestTargetsLocator”已由“Microsoft.DotNet.MSBuildWorkloadSdkResolver”解析程序成功解析为位置“C:\Program Files\dotnet\sdk-manifests\10.0.100\microsoft.net.sdk.android\36.1.43”和版本“null”。
       C:\Program Files\dotnet\sdk\10.0.300\Sdks\Microsoft.NET.Sdk\targets\Microsoft.NET.RuntimeIdentifierInference.targets(401,5): message : 在 C:\Program Files\dotnet\sdk\10.0.300\Sdks\Microsoft.NET.Sdk\targets\Microsoft.NET.RuntimeIdentifierInference.targets (401,5) 处重新分配属性: $(IntermediateOutputPath)=“obj\ARM64\Debug\net8.0-windows10.0.19041.0\win-arm64\”(先前值:“obj\ARM64\Debug\net8.0-windows10.0.19041.0\”)
       C:\Program Files\dotnet\sdk\10.0.300\Sdks\Microsoft.NET.Sdk\targets\Microsoft.NET.RuntimeIdentifierInference.targets(402,5): message : 在 C:\Program Files\dotnet\sdk\10.0.300\Sdks\Microsoft.NET.Sdk\targets\Microsoft.NET.RuntimeIdentifierInference.targets (402,5) 处重新分配属性: $(OutputPath)=“bin\ARM64\Debug\net8.0-windows10.0.19041.0\win-arm64\”(先前值:“bin\ARM64\Debug\net8.0-windows10.0.19041.0\”)
       C:\Program Files\dotnet\sdk\10.0.300\Sdks\Microsoft.NET.Sdk\targets\Microsoft.NET.Sdk.BeforeCommon.targets(379,5): message : 在 C:\Program Files\dotnet\sdk\10.0.300\Sdks\Microsoft.NET.Sdk\targets\Microsoft.NET.Sdk.BeforeCommon.targets (379,5) 处重新分配属性: $(RoslynTargetsPath)=“C:\Program Files\dotnet\sdk\10.0.300\Sdks\Microsoft.NET.Sdk\targets\..\..\..\Roslyn”(先前值:“C:\Program Files\dotnet\sdk\10.0.300\Roslyn”)
       C:\Program Files\dotnet\sdk\10.0.300\Roslyn\Microsoft.Managed.Core.targets(6,5): message : 在 C:\Program Files\dotnet\sdk\10.0.300\Roslyn\Microsoft.Managed.Core.targets (6,5) 处重新分配属性: $(_BuildTasksDirectory)=“C:\Program Files\dotnet\sdk\10.0.300\Sdks\Microsoft.NET.Sdk\targets\..\..\..\Roslyn\”(先前值:“C:\Program Files\dotnet\sdk\10.0.300\Roslyn\”)
       C:\Program Files\dotnet\sdk\10.0.300\Roslyn\Microsoft.CSharp.Core.targets(213,5): message : 在 C:\Program Files\dotnet\sdk\10.0.300\Roslyn\Microsoft.CSharp.Core.targets (213,5) 处重新分配属性: $(CommandLineArgsForDesignTimeEvaluation)=“-langversion:12.0 -define:TRACE”(先前值:“-langversion:12.0”)
       “Platform”属性是全局属性，不能修改。
       “Configuration”属性是全局属性，不能修改。
       C:\Program Files\dotnet\sdk\10.0.300\Microsoft.Common.CurrentVersion.targets(175,5): message : 在 C:\Program Files\dotnet\sdk\10.0.300\Microsoft.Common.CurrentVersion.targets (175,5) 处重新分配属性: $(_DebugSymbolsProduced)=“true”(先前值:“false”)
       C:\Program Files\dotnet\sdk\10.0.300\Microsoft.Common.CurrentVersion.targets(185,5): message : 在 C:\Program Files\dotnet\sdk\10.0.300\Microsoft.Common.CurrentVersion.targets (185,5) 处重新分配属性: $(_DocumentationFileProduced)=“false”(先前值:“true”)
       “SolutionName”属性是全局属性，不能修改。
       “SolutionFileName”属性是全局属性，不能修改。
       “SolutionPath”属性是全局属性，不能修改。
       “SolutionDir”属性是全局属性，不能修改。
       “SolutionExt”属性是全局属性，不能修改。
       C:\Program Files\dotnet\sdk\10.0.300\Microsoft.Common.CurrentVersion.targets(393,5): message : 在 C:\Program Files\dotnet\sdk\10.0.300\Microsoft.Common.CurrentVersion.targets (393,5) 处重新分配属性: $(MSBuildCopyMarkerName)=“Rokurics.csproj.Up2Date”(先前值:“Rokurics.csproj”)
       C:\Program Files\dotnet\sdk\10.0.300\Microsoft.Common.CurrentVersion.targets(580,5): message : 在 C:\Program Files\dotnet\sdk\10.0.300\Microsoft.Common.CurrentVersion.targets (580,5) 处重新分配属性: $(DelaySign)=“”(先前值:“false”)
       C:\Program Files\dotnet\sdk\10.0.300\Microsoft.Common.CurrentVersion.targets(1188,5): message : 在 C:\Program Files\dotnet\sdk\10.0.300\Microsoft.Common.CurrentVersion.targets (1188,5) 处重新分配属性: $(PrepareForBuildDependsOn)=“;WindowsAppSDKVerifyKitVersion;GetFrameworkPaths;GetReferenceAssemblyPaths;AssignLinkMetadata”(先前值:“;WindowsAppSDKVerifyKitVersion”)
       C:\Program Files\dotnet\sdk\10.0.300\Microsoft.Common.CurrentVersion.targets(2622,5): message : 值为“C:\Users\Vita\AppData\Local”的属性“LOCALAPPDATA”从环境中展开。
       C:\Program Files\dotnet\sdk\10.0.300\Microsoft.Common.CurrentVersion.targets(3950,5): message : 在 C:\Program Files\dotnet\sdk\10.0.300\Microsoft.Common.CurrentVersion.targets (3950,5) 处重新分配属性: $(_SGenGenerateSerializationAssembliesConfig)=“Auto”(先前值:“”)
       C:\Program Files\dotnet\sdk\10.0.300\Microsoft.Common.CurrentVersion.targets(3951,5): message : 在 C:\Program Files\dotnet\sdk\10.0.300\Microsoft.Common.CurrentVersion.targets (3951,5) 处重新分配属性: $(_SGenGenerateSerializationAssembliesConfig)=“Off”(先前值:“Auto”)
       C:\Program Files\dotnet\sdk\10.0.300\Microsoft.Common.CurrentVersion.targets(5162,5): message : 在 C:\Program Files\dotnet\sdk\10.0.300\Microsoft.Common.CurrentVersion.targets (5162,5) 处重新分配属性: $(_TargetsThatPrepareProjectReferences)=“
       C:\Program Files\dotnet\sdk\10.0.300\Microsoft.Common.CurrentVersion.targets(5162,5): message :       AssignProjectConfiguration;
       C:\Program Files\dotnet\sdk\10.0.300\Microsoft.Common.CurrentVersion.targets(5162,5): message :       _SplitProjectReferencesByFileExistence
       C:\Program Files\dotnet\sdk\10.0.300\Microsoft.Common.CurrentVersion.targets(5162,5): message :     ”(先前值:“_SplitProjectReferencesByFileExistence”)
       C:\Program Files\dotnet\sdk\10.0.300\Microsoft.Common.CurrentVersion.targets(6975,5): message : 值为“C:\Program Files\dotnet\sdk\10.0.300”的属性“MSBuildExtensionsPath32”从环境中展开。
       “NuGetInteractive”属性是全局属性，不能修改。
       C:\Users\Vita\.nuget\packages\microsoft.web.webview2\1.0.2903.40\build\Common.targets(45,5): message : 在 C:\Users\Vita\.nuget\packages\microsoft.web.webview2\1.0.2903.40\build\Common.targets (45,5) 处重新分配属性: $(EffectivePlatform)=“arm64”(先前值:“ARM64”)
       C:\Users\Vita\.nuget\packages\microsoft.windowsappsdk\1.7.250310001\buildTransitive\MrtCore.PriGen.targets(237,5): message : 在 C:\Users\Vita\.nuget\packages\microsoft.windowsappsdk\1.7.250310001\buildTransitive\MrtCore.PriGen.targets (237,5) 处重新分配属性: $(AppxPackagePipelineVersion)=“2.0”(先前值:“1.0”)
       C:\Users\Vita\.nuget\packages\microsoft.windowsappsdk\1.7.250310001\buildTransitive\MrtCore.PriGen.targets(262,5): message : 在 C:\Users\Vita\.nuget\packages\microsoft.windowsappsdk\1.7.250310001\buildTransitive\MrtCore.PriGen.targets (262,5) 处重新分配属性: $(InsertReverseMap)=“false”(先前值:“true”)
       C:\Users\Vita\.nuget\packages\microsoft.windowsappsdk\1.7.250310001\buildTransitive\MrtCore.PriGen.targets(340,5): message : 在 C:\Users\Vita\.nuget\packages\microsoft.windowsappsdk\1.7.250310001\buildTransitive\MrtCore.PriGen.targets (340,5) 处重新分配属性: $(PrepareForRunDependsOn)=“
       C:\Users\Vita\.nuget\packages\microsoft.windowsappsdk\1.7.250310001\buildTransitive\MrtCore.PriGen.targets(340,5): message :       
       C:\Users\Vita\.nuget\packages\microsoft.windowsappsdk\1.7.250310001\buildTransitive\MrtCore.PriGen.targets(340,5): message :       CopyFilesToOutputDirectory
       C:\Users\Vita\.nuget\packages\microsoft.windowsappsdk\1.7.250310001\buildTransitive\MrtCore.PriGen.targets(340,5): message :     ;
       C:\Users\Vita\.nuget\packages\microsoft.windowsappsdk\1.7.250310001\buildTransitive\MrtCore.PriGen.targets(340,5): message :       _GetSdkToolPaths;
       C:\Users\Vita\.nuget\packages\microsoft.windowsappsdk\1.7.250310001\buildTransitive\MrtCore.PriGen.targets(340,5): message :       GetMrtPackagingOutputs;
       C:\Users\Vita\.nuget\packages\microsoft.windowsappsdk\1.7.250310001\buildTransitive\MrtCore.PriGen.targets(340,5): message :       _GetDefaultResourceLanguage;
       C:\Users\Vita\.nuget\packages\microsoft.windowsappsdk\1.7.250310001\buildTransitive\MrtCore.PriGen.targets(340,5): message :       _GenerateProjectPriFile;
       C:\Users\Vita\.nuget\packages\microsoft.windowsappsdk\1.7.250310001\buildTransitive\MrtCore.PriGen.targets(340,5): message :     ”(先前值:“
       C:\Users\Vita\.nuget\packages\microsoft.windowsappsdk\1.7.250310001\buildTransitive\MrtCore.PriGen.targets(340,5): message :       CopyFilesToOutputDirectory
       C:\Users\Vita\.nuget\packages\microsoft.windowsappsdk\1.7.250310001\buildTransitive\MrtCore.PriGen.targets(340,5): message :     ”)
       C:\Users\Vita\.nuget\packages\microsoft.windowsappsdk\1.7.250310001\buildTransitive\MrtCore.PriGen.targets(884,5): message : 在 C:\Users\Vita\.nuget\packages\microsoft.windowsappsdk\1.7.250310001\buildTransitive\MrtCore.PriGen.targets (884,5) 处重新分配属性: $(GetCopyToOutputDirectoryItemsDependsOn)=“
       C:\Users\Vita\.nuget\packages\microsoft.windowsappsdk\1.7.250310001\buildTransitive\MrtCore.PriGen.targets(884,5): message :       ResolveProjectReferences;
       C:\Users\Vita\.nuget\packages\microsoft.windowsappsdk\1.7.250310001\buildTransitive\MrtCore.PriGen.targets(884,5): message :       
       C:\Users\Vita\.nuget\packages\microsoft.windowsappsdk\1.7.250310001\buildTransitive\MrtCore.PriGen.targets(884,5): message :       AssignTargetPaths;
       C:\Users\Vita\.nuget\packages\microsoft.windowsappsdk\1.7.250310001\buildTransitive\MrtCore.PriGen.targets(884,5): message :       
       C:\Users\Vita\.nuget\packages\microsoft.windowsappsdk\1.7.250310001\buildTransitive\MrtCore.PriGen.targets(884,5): message :       AssignProjectConfiguration;
       C:\Users\Vita\.nuget\packages\microsoft.windowsappsdk\1.7.250310001\buildTransitive\MrtCore.PriGen.targets(884,5): message :       _SplitProjectReferencesByFileExistence
       C:\Users\Vita\.nuget\packages\microsoft.windowsappsdk\1.7.250310001\buildTransitive\MrtCore.PriGen.targets(884,5): message :     ;
       C:\Users\Vita\.nuget\packages\microsoft.windowsappsdk\1.7.250310001\buildTransitive\MrtCore.PriGen.targets(884,5): message :       _GetProjectReferenceTargetFrameworkProperties;
       C:\Users\Vita\.nuget\packages\microsoft.windowsappsdk\1.7.250310001\buildTransitive\MrtCore.PriGen.targets(884,5): message :       _PopulateCommonStateForGetCopyToOutputDirectoryItems
       C:\Users\Vita\.nuget\packages\microsoft.windowsappsdk\1.7.250310001\buildTransitive\MrtCore.PriGen.targets(884,5): message :     ;
       C:\Users\Vita\.nuget\packages\microsoft.windowsappsdk\1.7.250310001\buildTransitive\MrtCore.PriGen.targets(884,5): message :       _SetPortablePriProperties;
       C:\Users\Vita\.nuget\packages\microsoft.windowsappsdk\1.7.250310001\buildTransitive\MrtCore.PriGen.targets(884,5): message :       AddPriPayloadFilesToCopyToOutputDirectoryItems
       C:\Users\Vita\.nuget\packages\microsoft.windowsappsdk\1.7.250310001\buildTransitive\MrtCore.PriGen.targets(884,5): message :     ”(先前值:“
       C:\Users\Vita\.nuget\packages\microsoft.windowsappsdk\1.7.250310001\buildTransitive\MrtCore.PriGen.targets(884,5): message :       AssignTargetPaths;
       C:\Users\Vita\.nuget\packages\microsoft.windowsappsdk\1.7.250310001\buildTransitive\MrtCore.PriGen.targets(884,5): message :       
       C:\Users\Vita\.nuget\packages\microsoft.windowsappsdk\1.7.250310001\buildTransitive\MrtCore.PriGen.targets(884,5): message :       AssignProjectConfiguration;
       C:\Users\Vita\.nuget\packages\microsoft.windowsappsdk\1.7.250310001\buildTransitive\MrtCore.PriGen.targets(884,5): message :       _SplitProjectReferencesByFileExistence
       C:\Users\Vita\.nuget\packages\microsoft.windowsappsdk\1.7.250310001\buildTransitive\MrtCore.PriGen.targets(884,5): message :     ;
       C:\Users\Vita\.nuget\packages\microsoft.windowsappsdk\1.7.250310001\buildTransitive\MrtCore.PriGen.targets(884,5): message :       _GetProjectReferenceTargetFrameworkProperties;
       C:\Users\Vita\.nuget\packages\microsoft.windowsappsdk\1.7.250310001\buildTransitive\MrtCore.PriGen.targets(884,5): message :       _PopulateCommonStateForGetCopyToOutputDirectoryItems
       C:\Users\Vita\.nuget\packages\microsoft.windowsappsdk\1.7.250310001\buildTransitive\MrtCore.PriGen.targets(884,5): message :     ”)
       C:\Users\Vita\.nuget\packages\microsoft.windowsappsdk\1.7.250310001\buildTransitive\Microsoft.WinUI.AppX.targets(7,5): message : 在 C:\Users\Vita\.nuget\packages\microsoft.windowsappsdk\1.7.250310001\buildTransitive\Microsoft.WinUI.AppX.targets (7,5) 处重新分配属性: $(MSBuildWarningsAsMessages)=“
       C:\Users\Vita\.nuget\packages\microsoft.windowsappsdk\1.7.250310001\buildTransitive\Microsoft.WinUI.AppX.targets(7,5): message :        ;1701;1702;
       C:\Users\Vita\.nuget\packages\microsoft.windowsappsdk\1.7.250310001\buildTransitive\Microsoft.WinUI.AppX.targets(7,5): message : 
       C:\Users\Vita\.nuget\packages\microsoft.windowsappsdk\1.7.250310001\buildTransitive\Microsoft.WinUI.AppX.targets(7,5): message :        
       C:\Users\Vita\.nuget\packages\microsoft.windowsappsdk\1.7.250310001\buildTransitive\Microsoft.WinUI.AppX.targets(7,5): message :        APPX1707;
       C:\Users\Vita\.nuget\packages\microsoft.windowsappsdk\1.7.250310001\buildTransitive\Microsoft.WinUI.AppX.targets(7,5): message :     ”(先前值:“;1701;1702”)
       C:\Users\Vita\.nuget\packages\microsoft.windowsappsdk\1.7.250310001\buildTransitive\Microsoft.UI.Xaml.Markup.Compiler.interop.targets(152,9): message : 在 C:\Users\Vita\.nuget\packages\microsoft.windowsappsdk\1.7.250310001\buildTransitive\Microsoft.UI.Xaml.Markup.Compiler.interop.targets (152,9) 处重新分配属性: $(PrepareResourcesDependsOn)=“
       C:\Users\Vita\.nuget\packages\microsoft.windowsappsdk\1.7.250310001\buildTransitive\Microsoft.UI.Xaml.Markup.Compiler.interop.targets(152,9): message :             ResolveKeySource;
       C:\Users\Vita\.nuget\packages\microsoft.windowsappsdk\1.7.250310001\buildTransitive\Microsoft.UI.Xaml.Markup.Compiler.interop.targets(152,9): message :             AddImplicitDefineConstants;
       C:\Users\Vita\.nuget\packages\microsoft.windowsappsdk\1.7.250310001\buildTransitive\Microsoft.UI.Xaml.Markup.Compiler.interop.targets(152,9): message :             MarkupCompilePass1;
       C:\Users\Vita\.nuget\packages\microsoft.windowsappsdk\1.7.250310001\buildTransitive\Microsoft.UI.Xaml.Markup.Compiler.interop.targets(152,9): message :             XamlPreCompile;
       C:\Users\Vita\.nuget\packages\microsoft.windowsappsdk\1.7.250310001\buildTransitive\Microsoft.UI.Xaml.Markup.Compiler.interop.targets(152,9): message :             MarkupCompilePass2;
       C:\Users\Vita\.nuget\packages\microsoft.windowsappsdk\1.7.250310001\buildTransitive\Microsoft.UI.Xaml.Markup.Compiler.interop.targets(152,9): message :             
       C:\Users\Vita\.nuget\packages\microsoft.windowsappsdk\1.7.250310001\buildTransitive\Microsoft.UI.Xaml.Markup.Compiler.interop.targets(152,9): message :       ;
       C:\Users\Vita\.nuget\packages\microsoft.windowsappsdk\1.7.250310001\buildTransitive\Microsoft.UI.Xaml.Markup.Compiler.interop.targets(152,9): message :       PrepareResourceNames;
       C:\Users\Vita\.nuget\packages\microsoft.windowsappsdk\1.7.250310001\buildTransitive\Microsoft.UI.Xaml.Markup.Compiler.interop.targets(152,9): message :       ResGen;
       C:\Users\Vita\.nuget\packages\microsoft.windowsappsdk\1.7.250310001\buildTransitive\Microsoft.UI.Xaml.Markup.Compiler.interop.targets(152,9): message :       CompileLicxFiles
       C:\Users\Vita\.nuget\packages\microsoft.windowsappsdk\1.7.250310001\buildTransitive\Microsoft.UI.Xaml.Markup.Compiler.interop.targets(152,9): message :     
       C:\Users\Vita\.nuget\packages\microsoft.windowsappsdk\1.7.250310001\buildTransitive\Microsoft.UI.Xaml.Markup.Compiler.interop.targets(152,9): message :         ”(先前值:“
       C:\Users\Vita\.nuget\packages\microsoft.windowsappsdk\1.7.250310001\buildTransitive\Microsoft.UI.Xaml.Markup.Compiler.interop.targets(152,9): message :       ;
       C:\Users\Vita\.nuget\packages\microsoft.windowsappsdk\1.7.250310001\buildTransitive\Microsoft.UI.Xaml.Markup.Compiler.interop.targets(152,9): message :       PrepareResourceNames;
       C:\Users\Vita\.nuget\packages\microsoft.windowsappsdk\1.7.250310001\buildTransitive\Microsoft.UI.Xaml.Markup.Compiler.interop.targets(152,9): message :       ResGen;
       C:\Users\Vita\.nuget\packages\microsoft.windowsappsdk\1.7.250310001\buildTransitive\Microsoft.UI.Xaml.Markup.Compiler.interop.targets(152,9): message :       CompileLicxFiles
       C:\Users\Vita\.nuget\packages\microsoft.windowsappsdk\1.7.250310001\buildTransitive\Microsoft.UI.Xaml.Markup.Compiler.interop.targets(152,9): message :     ”)
       C:\Users\Vita\.nuget\packages\microsoft.windowsappsdk\1.7.250310001\buildTransitive\Microsoft.UI.Xaml.Markup.Compiler.interop.targets(204,9): message : 在 C:\Users\Vita\.nuget\packages\microsoft.windowsappsdk\1.7.250310001\buildTransitive\Microsoft.UI.Xaml.Markup.Compiler.interop.targets (204,9) 处重新分配属性: $(IncludeCustomOutputGroupForPackaging)=“true”(先前值:“false”)
       C:\Users\Vita\.nuget\packages\microsoft.windowsappsdk\1.7.250310001\buildTransitive\Microsoft.UI.Xaml.Markup.Compiler.interop.targets(1031,9): message : 在 C:\Users\Vita\.nuget\packages\microsoft.windowsappsdk\1.7.250310001\buildTransitive\Microsoft.UI.Xaml.Markup.Compiler.interop.targets (1031,9) 处重新分配属性: $(ResolveReferencesDependsOn)=“
       C:\Users\Vita\.nuget\packages\microsoft.windowsappsdk\1.7.250310001\buildTransitive\Microsoft.UI.Xaml.Markup.Compiler.interop.targets(1031,9): message :             
       C:\Users\Vita\.nuget\packages\microsoft.windowsappsdk\1.7.250310001\buildTransitive\Microsoft.UI.Xaml.Markup.Compiler.interop.targets(1031,9): message :       BeforeResolveReferences;
       C:\Users\Vita\.nuget\packages\microsoft.windowsappsdk\1.7.250310001\buildTransitive\Microsoft.UI.Xaml.Markup.Compiler.interop.targets(1031,9): message :       AssignProjectConfiguration;
       C:\Users\Vita\.nuget\packages\microsoft.windowsappsdk\1.7.250310001\buildTransitive\Microsoft.UI.Xaml.Markup.Compiler.interop.targets(1031,9): message :       ResolveProjectReferences;
       C:\Users\Vita\.nuget\packages\microsoft.windowsappsdk\1.7.250310001\buildTransitive\Microsoft.UI.Xaml.Markup.Compiler.interop.targets(1031,9): message :       FindInvalidProjectReferences;
       C:\Users\Vita\.nuget\packages\microsoft.windowsappsdk\1.7.250310001\buildTransitive\Microsoft.UI.Xaml.Markup.Compiler.interop.targets(1031,9): message :       ResolveNativeReferences;
       C:\Users\Vita\.nuget\packages\microsoft.windowsappsdk\1.7.250310001\buildTransitive\Microsoft.UI.Xaml.Markup.Compiler.interop.targets(1031,9): message :       ResolveAssemblyReferences;
       C:\Users\Vita\.nuget\packages\microsoft.windowsappsdk\1.7.250310001\buildTransitive\Microsoft.UI.Xaml.Markup.Compiler.interop.targets(1031,9): message :       GenerateBindingRedirects;
       C:\Users\Vita\.nuget\packages\microsoft.windowsappsdk\1.7.250310001\buildTransitive\Microsoft.UI.Xaml.Markup.Compiler.interop.targets(1031,9): message :       GenerateBindingRedirectsUpdateAppConfig;
       C:\Users\Vita\.nuget\packages\microsoft.windowsappsdk\1.7.250310001\buildTransitive\Microsoft.UI.Xaml.Markup.Compiler.interop.targets(1031,9): message :       ResolveComReferences;
       C:\Users\Vita\.nuget\packages\microsoft.windowsappsdk\1.7.250310001\buildTransitive\Microsoft.UI.Xaml.Markup.Compiler.interop.targets(1031,9): message :       AfterResolveReferences
       C:\Users\Vita\.nuget\packages\microsoft.windowsappsdk\1.7.250310001\buildTransitive\Microsoft.UI.Xaml.Markup.Compiler.interop.targets(1031,9): message :     ;
       C:\Users\Vita\.nuget\packages\microsoft.windowsappsdk\1.7.250310001\buildTransitive\Microsoft.UI.Xaml.Markup.Compiler.interop.targets(1031,9): message :             ImplicitlyExpandTargetFramework;
       C:\Users\Vita\.nuget\packages\microsoft.windowsappsdk\1.7.250310001\buildTransitive\Microsoft.UI.Xaml.Markup.Compiler.interop.targets(1031,9): message :             ImplicitlyExpandTargetPlatform
       C:\Users\Vita\.nuget\packages\microsoft.windowsappsdk\1.7.250310001\buildTransitive\Microsoft.UI.Xaml.Markup.Compiler.interop.targets(1031,9): message :         ”(先前值:“
       C:\Users\Vita\.nuget\packages\microsoft.windowsappsdk\1.7.250310001\buildTransitive\Microsoft.UI.Xaml.Markup.Compiler.interop.targets(1031,9): message :       BeforeResolveReferences;
       C:\Users\Vita\.nuget\packages\microsoft.windowsappsdk\1.7.250310001\buildTransitive\Microsoft.UI.Xaml.Markup.Compiler.interop.targets(1031,9): message :       AssignProjectConfiguration;
       C:\Users\Vita\.nuget\packages\microsoft.windowsappsdk\1.7.250310001\buildTransitive\Microsoft.UI.Xaml.Markup.Compiler.interop.targets(1031,9): message :       ResolveProjectReferences;
       C:\Users\Vita\.nuget\packages\microsoft.windowsappsdk\1.7.250310001\buildTransitive\Microsoft.UI.Xaml.Markup.Compiler.interop.targets(1031,9): message :       FindInvalidProjectReferences;
       C:\Users\Vita\.nuget\packages\microsoft.windowsappsdk\1.7.250310001\buildTransitive\Microsoft.UI.Xaml.Markup.Compiler.interop.targets(1031,9): message :       ResolveNativeReferences;
       C:\Users\Vita\.nuget\packages\microsoft.windowsappsdk\1.7.250310001\buildTransitive\Microsoft.UI.Xaml.Markup.Compiler.interop.targets(1031,9): message :       ResolveAssemblyReferences;
       C:\Users\Vita\.nuget\packages\microsoft.windowsappsdk\1.7.250310001\buildTransitive\Microsoft.UI.Xaml.Markup.Compiler.interop.targets(1031,9): message :       GenerateBindingRedirects;
       C:\Users\Vita\.nuget\packages\microsoft.windowsappsdk\1.7.250310001\buildTransitive\Microsoft.UI.Xaml.Markup.Compiler.interop.targets(1031,9): message :       GenerateBindingRedirectsUpdateAppConfig;
       C:\Users\Vita\.nuget\packages\microsoft.windowsappsdk\1.7.250310001\buildTransitive\Microsoft.UI.Xaml.Markup.Compiler.interop.targets(1031,9): message :       ResolveComReferences;
       C:\Users\Vita\.nuget\packages\microsoft.windowsappsdk\1.7.250310001\buildTransitive\Microsoft.UI.Xaml.Markup.Compiler.interop.targets(1031,9): message :       AfterResolveReferences
       C:\Users\Vita\.nuget\packages\microsoft.windowsappsdk\1.7.250310001\buildTransitive\Microsoft.UI.Xaml.Markup.Compiler.interop.targets(1031,9): message :     ”)
       C:\Users\Vita\.nuget\packages\microsoft.windowsappsdk\1.7.250310001\buildTransitive\Microsoft.WindowsAppSDK.targets(54,9): message : 在 C:\Users\Vita\.nuget\packages\microsoft.windowsappsdk\1.7.250310001\buildTransitive\Microsoft.WindowsAppSDK.targets (54,9) 处重新分配属性: $(ResolveReferencesDependsOn)=“
       C:\Users\Vita\.nuget\packages\microsoft.windowsappsdk\1.7.250310001\buildTransitive\Microsoft.WindowsAppSDK.targets(54,9): message :             
       C:\Users\Vita\.nuget\packages\microsoft.windowsappsdk\1.7.250310001\buildTransitive\Microsoft.WindowsAppSDK.targets(54,9): message :             
       C:\Users\Vita\.nuget\packages\microsoft.windowsappsdk\1.7.250310001\buildTransitive\Microsoft.WindowsAppSDK.targets(54,9): message :       BeforeResolveReferences;
       C:\Users\Vita\.nuget\packages\microsoft.windowsappsdk\1.7.250310001\buildTransitive\Microsoft.WindowsAppSDK.targets(54,9): message :       AssignProjectConfiguration;
       C:\Users\Vita\.nuget\packages\microsoft.windowsappsdk\1.7.250310001\buildTransitive\Microsoft.WindowsAppSDK.targets(54,9): message :       ResolveProjectReferences;
       C:\Users\Vita\.nuget\packages\microsoft.windowsappsdk\1.7.250310001\buildTransitive\Microsoft.WindowsAppSDK.targets(54,9): message :       FindInvalidProjectReferences;
       C:\Users\Vita\.nuget\packages\microsoft.windowsappsdk\1.7.250310001\buildTransitive\Microsoft.WindowsAppSDK.targets(54,9): message :       ResolveNativeReferences;
       C:\Users\Vita\.nuget\packages\microsoft.windowsappsdk\1.7.250310001\buildTransitive\Microsoft.WindowsAppSDK.targets(54,9): message :       ResolveAssemblyReferences;
       C:\Users\Vita\.nuget\packages\microsoft.windowsappsdk\1.7.250310001\buildTransitive\Microsoft.WindowsAppSDK.targets(54,9): message :       GenerateBindingRedirects;
       C:\Users\Vita\.nuget\packages\microsoft.windowsappsdk\1.7.250310001\buildTransitive\Microsoft.WindowsAppSDK.targets(54,9): message :       GenerateBindingRedirectsUpdateAppConfig;
       C:\Users\Vita\.nuget\packages\microsoft.windowsappsdk\1.7.250310001\buildTransitive\Microsoft.WindowsAppSDK.targets(54,9): message :       ResolveComReferences;
       C:\Users\Vita\.nuget\packages\microsoft.windowsappsdk\1.7.250310001\buildTransitive\Microsoft.WindowsAppSDK.targets(54,9): message :       AfterResolveReferences
       C:\Users\Vita\.nuget\packages\microsoft.windowsappsdk\1.7.250310001\buildTransitive\Microsoft.WindowsAppSDK.targets(54,9): message :     ;
       C:\Users\Vita\.nuget\packages\microsoft.windowsappsdk\1.7.250310001\buildTransitive\Microsoft.WindowsAppSDK.targets(54,9): message :             ImplicitlyExpandTargetFramework;
       C:\Users\Vita\.nuget\packages\microsoft.windowsappsdk\1.7.250310001\buildTransitive\Microsoft.WindowsAppSDK.targets(54,9): message :             ImplicitlyExpandTargetPlatform
       C:\Users\Vita\.nuget\packages\microsoft.windowsappsdk\1.7.250310001\buildTransitive\Microsoft.WindowsAppSDK.targets(54,9): message :         ;WindowsAppSDKVerifyCsWinRtVersions
       C:\Users\Vita\.nuget\packages\microsoft.windowsappsdk\1.7.250310001\buildTransitive\Microsoft.WindowsAppSDK.targets(54,9): message :         ”(先前值:“
       C:\Users\Vita\.nuget\packages\microsoft.windowsappsdk\1.7.250310001\buildTransitive\Microsoft.WindowsAppSDK.targets(54,9): message :             
       C:\Users\Vita\.nuget\packages\microsoft.windowsappsdk\1.7.250310001\buildTransitive\Microsoft.WindowsAppSDK.targets(54,9): message :       BeforeResolveReferences;
       C:\Users\Vita\.nuget\packages\microsoft.windowsappsdk\1.7.250310001\buildTransitive\Microsoft.WindowsAppSDK.targets(54,9): message :       AssignProjectConfiguration;
       C:\Users\Vita\.nuget\packages\microsoft.windowsappsdk\1.7.250310001\buildTransitive\Microsoft.WindowsAppSDK.targets(54,9): message :       ResolveProjectReferences;
       C:\Users\Vita\.nuget\packages\microsoft.windowsappsdk\1.7.250310001\buildTransitive\Microsoft.WindowsAppSDK.targets(54,9): message :       FindInvalidProjectReferences;
       C:\Users\Vita\.nuget\packages\microsoft.windowsappsdk\1.7.250310001\buildTransitive\Microsoft.WindowsAppSDK.targets(54,9): message :       ResolveNativeReferences;
       C:\Users\Vita\.nuget\packages\microsoft.windowsappsdk\1.7.250310001\buildTransitive\Microsoft.WindowsAppSDK.targets(54,9): message :       ResolveAssemblyReferences;
       C:\Users\Vita\.nuget\packages\microsoft.windowsappsdk\1.7.250310001\buildTransitive\Microsoft.WindowsAppSDK.targets(54,9): message :       GenerateBindingRedirects;
       C:\Users\Vita\.nuget\packages\microsoft.windowsappsdk\1.7.250310001\buildTransitive\Microsoft.WindowsAppSDK.targets(54,9): message :       GenerateBindingRedirectsUpdateAppConfig;
       C:\Users\Vita\.nuget\packages\microsoft.windowsappsdk\1.7.250310001\buildTransitive\Microsoft.WindowsAppSDK.targets(54,9): message :       ResolveComReferences;
       C:\Users\Vita\.nuget\packages\microsoft.windowsappsdk\1.7.250310001\buildTransitive\Microsoft.WindowsAppSDK.targets(54,9): message :       AfterResolveReferences
       C:\Users\Vita\.nuget\packages\microsoft.windowsappsdk\1.7.250310001\buildTransitive\Microsoft.WindowsAppSDK.targets(54,9): message :     ;
       C:\Users\Vita\.nuget\packages\microsoft.windowsappsdk\1.7.250310001\buildTransitive\Microsoft.WindowsAppSDK.targets(54,9): message :             ImplicitlyExpandTargetFramework;
       C:\Users\Vita\.nuget\packages\microsoft.windowsappsdk\1.7.250310001\buildTransitive\Microsoft.WindowsAppSDK.targets(54,9): message :             ImplicitlyExpandTargetPlatform
       C:\Users\Vita\.nuget\packages\microsoft.windowsappsdk\1.7.250310001\buildTransitive\Microsoft.WindowsAppSDK.targets(54,9): message :         ”)
       C:\Program Files\dotnet\sdk\10.0.300\Sdks\Microsoft.NET.Sdk\targets\Microsoft.PackageDependencyResolution.targets(29,5): message : 在 C:\Program Files\dotnet\sdk\10.0.300\Sdks\Microsoft.NET.Sdk\targets\Microsoft.PackageDependencyResolution.targets (29,5) 处重新分配属性: $(ProjectAssetsCacheFile)=“C:\Users\Vita\Vitemis\Outposts\Rokurics-Windows\Rokurics\obj\ARM64\Debug\net8.0-windows10.0.19041.0\win-arm64\Rokurics.assets.cache”(先前值:“obj\ARM64\Debug\net8.0-windows10.0.19041.0\win-arm64\Rokurics.assets.cache”)
       C:\Program Files\dotnet\sdk\10.0.300\Sdks\Microsoft.NET.Sdk\targets\Microsoft.PackageDependencyResolution.targets(80,5): message : 在 C:\Program Files\dotnet\sdk\10.0.300\Sdks\Microsoft.NET.Sdk\targets\Microsoft.PackageDependencyResolution.targets (80,5) 处重新分配属性: $(ResolveAssemblyReferencesDependsOn)=“
       C:\Program Files\dotnet\sdk\10.0.300\Sdks\Microsoft.NET.Sdk\targets\Microsoft.PackageDependencyResolution.targets(80,5): message :       
       C:\Program Files\dotnet\sdk\10.0.300\Sdks\Microsoft.NET.Sdk\targets\Microsoft.PackageDependencyResolution.targets(80,5): message :       ResolveProjectReferences;
       C:\Program Files\dotnet\sdk\10.0.300\Sdks\Microsoft.NET.Sdk\targets\Microsoft.PackageDependencyResolution.targets(80,5): message :       FindInvalidProjectReferences;
       C:\Program Files\dotnet\sdk\10.0.300\Sdks\Microsoft.NET.Sdk\targets\Microsoft.PackageDependencyResolution.targets(80,5): message :       GetFrameworkPaths;
       C:\Program Files\dotnet\sdk\10.0.300\Sdks\Microsoft.NET.Sdk\targets\Microsoft.PackageDependencyResolution.targets(80,5): message :       GetReferenceAssemblyPaths;
       C:\Program Files\dotnet\sdk\10.0.300\Sdks\Microsoft.NET.Sdk\targets\Microsoft.PackageDependencyResolution.targets(80,5): message :       PrepareForBuild;
       C:\Program Files\dotnet\sdk\10.0.300\Sdks\Microsoft.NET.Sdk\targets\Microsoft.PackageDependencyResolution.targets(80,5): message :       ResolveSDKReferences;
       C:\Program Files\dotnet\sdk\10.0.300\Sdks\Microsoft.NET.Sdk\targets\Microsoft.PackageDependencyResolution.targets(80,5): message :       ExpandSDKReferences;
       C:\Program Files\dotnet\sdk\10.0.300\Sdks\Microsoft.NET.Sdk\targets\Microsoft.PackageDependencyResolution.targets(80,5): message :     ;
       C:\Program Files\dotnet\sdk\10.0.300\Sdks\Microsoft.NET.Sdk\targets\Microsoft.PackageDependencyResolution.targets(80,5): message :       ResolvePackageDependenciesForBuild;
       C:\Program Files\dotnet\sdk\10.0.300\Sdks\Microsoft.NET.Sdk\targets\Microsoft.PackageDependencyResolution.targets(80,5): message :       _HandlePackageFileConflicts;
       C:\Program Files\dotnet\sdk\10.0.300\Sdks\Microsoft.NET.Sdk\targets\Microsoft.PackageDependencyResolution.targets(80,5): message :     ”(先前值:“
       C:\Program Files\dotnet\sdk\10.0.300\Sdks\Microsoft.NET.Sdk\targets\Microsoft.PackageDependencyResolution.targets(80,5): message :       ResolveProjectReferences;
       C:\Program Files\dotnet\sdk\10.0.300\Sdks\Microsoft.NET.Sdk\targets\Microsoft.PackageDependencyResolution.targets(80,5): message :       FindInvalidProjectReferences;
       C:\Program Files\dotnet\sdk\10.0.300\Sdks\Microsoft.NET.Sdk\targets\Microsoft.PackageDependencyResolution.targets(80,5): message :       GetFrameworkPaths;
       C:\Program Files\dotnet\sdk\10.0.300\Sdks\Microsoft.NET.Sdk\targets\Microsoft.PackageDependencyResolution.targets(80,5): message :       GetReferenceAssemblyPaths;
       C:\Program Files\dotnet\sdk\10.0.300\Sdks\Microsoft.NET.Sdk\targets\Microsoft.PackageDependencyResolution.targets(80,5): message :       PrepareForBuild;
       C:\Program Files\dotnet\sdk\10.0.300\Sdks\Microsoft.NET.Sdk\targets\Microsoft.PackageDependencyResolution.targets(80,5): message :       ResolveSDKReferences;
       C:\Program Files\dotnet\sdk\10.0.300\Sdks\Microsoft.NET.Sdk\targets\Microsoft.PackageDependencyResolution.targets(80,5): message :       ExpandSDKReferences;
       C:\Program Files\dotnet\sdk\10.0.300\Sdks\Microsoft.NET.Sdk\targets\Microsoft.PackageDependencyResolution.targets(80,5): message :     ”)
       C:\Program Files\dotnet\sdk\10.0.300\Sdks\Microsoft.NET.Sdk\targets\Microsoft.PackageDependencyResolution.targets(86,5): message : 在 C:\Program Files\dotnet\sdk\10.0.300\Sdks\Microsoft.NET.Sdk\targets\Microsoft.PackageDependencyResolution.targets (86,5) 处重新分配属性: $(PrepareResourcesDependsOn)=“
       C:\Program Files\dotnet\sdk\10.0.300\Sdks\Microsoft.NET.Sdk\targets\Microsoft.PackageDependencyResolution.targets(86,5): message :       ResolvePackageDependenciesForBuild;
       C:\Program Files\dotnet\sdk\10.0.300\Sdks\Microsoft.NET.Sdk\targets\Microsoft.PackageDependencyResolution.targets(86,5): message :       _HandlePackageFileConflicts;
       C:\Program Files\dotnet\sdk\10.0.300\Sdks\Microsoft.NET.Sdk\targets\Microsoft.PackageDependencyResolution.targets(86,5): message :       
       C:\Program Files\dotnet\sdk\10.0.300\Sdks\Microsoft.NET.Sdk\targets\Microsoft.PackageDependencyResolution.targets(86,5): message :             ResolveKeySource;
       C:\Program Files\dotnet\sdk\10.0.300\Sdks\Microsoft.NET.Sdk\targets\Microsoft.PackageDependencyResolution.targets(86,5): message :             AddImplicitDefineConstants;
       C:\Program Files\dotnet\sdk\10.0.300\Sdks\Microsoft.NET.Sdk\targets\Microsoft.PackageDependencyResolution.targets(86,5): message :             MarkupCompilePass1;
       C:\Program Files\dotnet\sdk\10.0.300\Sdks\Microsoft.NET.Sdk\targets\Microsoft.PackageDependencyResolution.targets(86,5): message :             XamlPreCompile;
       C:\Program Files\dotnet\sdk\10.0.300\Sdks\Microsoft.NET.Sdk\targets\Microsoft.PackageDependencyResolution.targets(86,5): message :             MarkupCompilePass2;
       C:\Program Files\dotnet\sdk\10.0.300\Sdks\Microsoft.NET.Sdk\targets\Microsoft.PackageDependencyResolution.targets(86,5): message :             
       C:\Program Files\dotnet\sdk\10.0.300\Sdks\Microsoft.NET.Sdk\targets\Microsoft.PackageDependencyResolution.targets(86,5): message :       ;
       C:\Program Files\dotnet\sdk\10.0.300\Sdks\Microsoft.NET.Sdk\targets\Microsoft.PackageDependencyResolution.targets(86,5): message :       PrepareResourceNames;
       C:\Program Files\dotnet\sdk\10.0.300\Sdks\Microsoft.NET.Sdk\targets\Microsoft.PackageDependencyResolution.targets(86,5): message :       ResGen;
       C:\Program Files\dotnet\sdk\10.0.300\Sdks\Microsoft.NET.Sdk\targets\Microsoft.PackageDependencyResolution.targets(86,5): message :       CompileLicxFiles
       C:\Program Files\dotnet\sdk\10.0.300\Sdks\Microsoft.NET.Sdk\targets\Microsoft.PackageDependencyResolution.targets(86,5): message :     
       C:\Program Files\dotnet\sdk\10.0.300\Sdks\Microsoft.NET.Sdk\targets\Microsoft.PackageDependencyResolution.targets(86,5): message :         
       C:\Program Files\dotnet\sdk\10.0.300\Sdks\Microsoft.NET.Sdk\targets\Microsoft.PackageDependencyResolution.targets(86,5): message :     ”(先前值:“
       C:\Program Files\dotnet\sdk\10.0.300\Sdks\Microsoft.NET.Sdk\targets\Microsoft.PackageDependencyResolution.targets(86,5): message :             ResolveKeySource;
       C:\Program Files\dotnet\sdk\10.0.300\Sdks\Microsoft.NET.Sdk\targets\Microsoft.PackageDependencyResolution.targets(86,5): message :             AddImplicitDefineConstants;
       C:\Program Files\dotnet\sdk\10.0.300\Sdks\Microsoft.NET.Sdk\targets\Microsoft.PackageDependencyResolution.targets(86,5): message :             MarkupCompilePass1;
       C:\Program Files\dotnet\sdk\10.0.300\Sdks\Microsoft.NET.Sdk\targets\Microsoft.PackageDependencyResolution.targets(86,5): message :             XamlPreCompile;
       C:\Program Files\dotnet\sdk\10.0.300\Sdks\Microsoft.NET.Sdk\targets\Microsoft.PackageDependencyResolution.targets(86,5): message :             MarkupCompilePass2;
       C:\Program Files\dotnet\sdk\10.0.300\Sdks\Microsoft.NET.Sdk\targets\Microsoft.PackageDependencyResolution.targets(86,5): message :             
       C:\Program Files\dotnet\sdk\10.0.300\Sdks\Microsoft.NET.Sdk\targets\Microsoft.PackageDependencyResolution.targets(86,5): message :       ;
       C:\Program Files\dotnet\sdk\10.0.300\Sdks\Microsoft.NET.Sdk\targets\Microsoft.PackageDependencyResolution.targets(86,5): message :       PrepareResourceNames;
       C:\Program Files\dotnet\sdk\10.0.300\Sdks\Microsoft.NET.Sdk\targets\Microsoft.PackageDependencyResolution.targets(86,5): message :       ResGen;
       C:\Program Files\dotnet\sdk\10.0.300\Sdks\Microsoft.NET.Sdk\targets\Microsoft.PackageDependencyResolution.targets(86,5): message :       CompileLicxFiles
       C:\Program Files\dotnet\sdk\10.0.300\Sdks\Microsoft.NET.Sdk\targets\Microsoft.PackageDependencyResolution.targets(86,5): message :     
       C:\Program Files\dotnet\sdk\10.0.300\Sdks\Microsoft.NET.Sdk\targets\Microsoft.PackageDependencyResolution.targets(86,5): message :         ”)
       C:\Program Files\dotnet\sdk\10.0.300\Sdks\Microsoft.NET.Sdk\targets\Microsoft.NET.Sdk.DefaultItems.targets(35,5): message : 在 C:\Program Files\dotnet\sdk\10.0.300\Sdks\Microsoft.NET.Sdk\targets\Microsoft.NET.Sdk.DefaultItems.targets (35,5) 处重新分配属性: $(DefaultItemExcludes)=“;bin\ARM64\Debug\/**;obj\ARM64\Debug\/**;bin\/**”(先前值:“;bin\ARM64\Debug\/**;obj\ARM64\Debug\/**”)
       C:\Program Files\dotnet\sdk\10.0.300\Sdks\Microsoft.NET.Sdk\targets\Microsoft.NET.Sdk.DefaultItems.targets(37,5): message : 在 C:\Program Files\dotnet\sdk\10.0.300\Sdks\Microsoft.NET.Sdk\targets\Microsoft.NET.Sdk.DefaultItems.targets (37,5) 处重新分配属性: $(DefaultItemExcludes)=“;bin\ARM64\Debug\/**;obj\ARM64\Debug\/**;bin\/**;obj\/**”(先前值:“;bin\ARM64\Debug\/**;obj\ARM64\Debug\/**;bin\/**”)
       C:\Program Files\dotnet\sdk\10.0.300\Sdks\Microsoft.NET.Sdk\targets\Microsoft.NET.Sdk.DefaultItems.targets(41,5): message : 在 C:\Program Files\dotnet\sdk\10.0.300\Sdks\Microsoft.NET.Sdk\targets\Microsoft.NET.Sdk.DefaultItems.targets (41,5) 处重新分配属性: $(DefaultItemExcludes)=“;bin\ARM64\Debug\/**;obj\ARM64\Debug\/**;bin\/**;obj\/**;bin\ARM64\Debug\net8.0-windows10.0.19041.0\win-arm64\publish\/**”(先前值:“;bin\ARM64\Debug\/**;obj\ARM64\Debug\/**;bin\/**;obj\/**”)
       C:\Program Files\dotnet\sdk\10.0.300\Sdks\Microsoft.NET.Sdk\targets\Microsoft.NET.Sdk.DefaultItems.targets(44,5): message : 在 C:\Program Files\dotnet\sdk\10.0.300\Sdks\Microsoft.NET.Sdk\targets\Microsoft.NET.Sdk.DefaultItems.targets (44,5) 处重新分配属性: $(DefaultItemExcludes)=“;bin\ARM64\Debug\/**;obj\ARM64\Debug\/**;bin\/**;obj\/**;bin\ARM64\Debug\net8.0-windows10.0.19041.0\win-arm64\publish\/**;**/*.user”(先前值:“;bin\ARM64\Debug\/**;obj\ARM64\Debug\/**;bin\/**;obj\/**;bin\ARM64\Debug\net8.0-windows10.0.19041.0\win-arm64\publish\/**”)
       C:\Program Files\dotnet\sdk\10.0.300\Sdks\Microsoft.NET.Sdk\targets\Microsoft.NET.Sdk.DefaultItems.targets(45,5): message : 在 C:\Program Files\dotnet\sdk\10.0.300\Sdks\Microsoft.NET.Sdk\targets\Microsoft.NET.Sdk.DefaultItems.targets (45,5) 处重新分配属性: $(DefaultItemExcludes)=“;bin\ARM64\Debug\/**;obj\ARM64\Debug\/**;bin\/**;obj\/**;bin\ARM64\Debug\net8.0-windows10.0.19041.0\win-arm64\publish\/**;**/*.user;**/*.*proj”(先前值:“;bin\ARM64\Debug\/**;obj\ARM64\Debug\/**;bin\/**;obj\/**;bin\ARM64\Debug\net8.0-windows10.0.19041.0\win-arm64\publish\/**;**/*.user”)
       C:\Program Files\dotnet\sdk\10.0.300\Sdks\Microsoft.NET.Sdk\targets\Microsoft.NET.Sdk.DefaultItems.targets(46,5): message : 在 C:\Program Files\dotnet\sdk\10.0.300\Sdks\Microsoft.NET.Sdk\targets\Microsoft.NET.Sdk.DefaultItems.targets (46,5) 处重新分配属性: $(DefaultItemExcludes)=“;bin\ARM64\Debug\/**;obj\ARM64\Debug\/**;bin\/**;obj\/**;bin\ARM64\Debug\net8.0-windows10.0.19041.0\win-arm64\publish\/**;**/*.user;**/*.*proj;**/*.sln”(先前值:“;bin\ARM64\Debug\/**;obj\ARM64\Debug\/**;bin\/**;obj\/**;bin\ARM64\Debug\net8.0-windows10.0.19041.0\win-arm64\publish\/**;**/*.user;**/*.*proj”)
       C:\Program Files\dotnet\sdk\10.0.300\Sdks\Microsoft.NET.Sdk\targets\Microsoft.NET.Sdk.DefaultItems.targets(47,5): message : 在 C:\Program Files\dotnet\sdk\10.0.300\Sdks\Microsoft.NET.Sdk\targets\Microsoft.NET.Sdk.DefaultItems.targets (47,5) 处重新分配属性: $(DefaultItemExcludes)=“;bin\ARM64\Debug\/**;obj\ARM64\Debug\/**;bin\/**;obj\/**;bin\ARM64\Debug\net8.0-windows10.0.19041.0\win-arm64\publish\/**;**/*.user;**/*.*proj;**/*.sln;**/*.slnx”(先前值:“;bin\ARM64\Debug\/**;obj\ARM64\Debug\/**;bin\/**;obj\/**;bin\ARM64\Debug\net8.0-windows10.0.19041.0\win-arm64\publish\/**;**/*.user;**/*.*proj;**/*.sln”)
       C:\Program Files\dotnet\sdk\10.0.300\Sdks\Microsoft.NET.Sdk\targets\Microsoft.NET.Sdk.DefaultItems.targets(48,5): message : 在 C:\Program Files\dotnet\sdk\10.0.300\Sdks\Microsoft.NET.Sdk\targets\Microsoft.NET.Sdk.DefaultItems.targets (48,5) 处重新分配属性: $(DefaultItemExcludes)=“;bin\ARM64\Debug\/**;obj\ARM64\Debug\/**;bin\/**;obj\/**;bin\ARM64\Debug\net8.0-windows10.0.19041.0\win-arm64\publish\/**;**/*.user;**/*.*proj;**/*.sln;**/*.slnx;**/*.vssscc”(先前值:“;bin\ARM64\Debug\/**;obj\ARM64\Debug\/**;bin\/**;obj\/**;bin\ARM64\Debug\net8.0-windows10.0.19041.0\win-arm64\publish\/**;**/*.user;**/*.*proj;**/*.sln;**/*.slnx”)
       C:\Program Files\dotnet\sdk\10.0.300\Sdks\Microsoft.NET.Sdk\targets\Microsoft.NET.Sdk.DefaultItems.targets(49,5): message : 在 C:\Program Files\dotnet\sdk\10.0.300\Sdks\Microsoft.NET.Sdk\targets\Microsoft.NET.Sdk.DefaultItems.targets (49,5) 处重新分配属性: $(DefaultItemExcludes)=“;bin\ARM64\Debug\/**;obj\ARM64\Debug\/**;bin\/**;obj\/**;bin\ARM64\Debug\net8.0-windows10.0.19041.0\win-arm64\publish\/**;**/*.user;**/*.*proj;**/*.sln;**/*.slnx;**/*.vssscc;**/.DS_Store”(先前值:“;bin\ARM64\Debug\/**;obj\ARM64\Debug\/**;bin\/**;obj\/**;bin\ARM64\Debug\net8.0-windows10.0.19041.0\win-arm64\publish\/**;**/*.user;**/*.*proj;**/*.sln;**/*.slnx;**/*.vssscc”)
       C:\Program Files\dotnet\sdk\10.0.300\Sdks\Microsoft.NET.Sdk\targets\Microsoft.NET.Sdk.FrameworkReferenceResolution.targets(14,5): message : 在 C:\Program Files\dotnet\sdk\10.0.300\Sdks\Microsoft.NET.Sdk\targets\Microsoft.NET.Sdk.FrameworkReferenceResolution.targets (14,5) 处重新分配属性: $(ResolveAssemblyReferencesDependsOn)=“
       C:\Program Files\dotnet\sdk\10.0.300\Sdks\Microsoft.NET.Sdk\targets\Microsoft.NET.Sdk.FrameworkReferenceResolution.targets(14,5): message :       
       C:\Program Files\dotnet\sdk\10.0.300\Sdks\Microsoft.NET.Sdk\targets\Microsoft.NET.Sdk.FrameworkReferenceResolution.targets(14,5): message :       
       C:\Program Files\dotnet\sdk\10.0.300\Sdks\Microsoft.NET.Sdk\targets\Microsoft.NET.Sdk.FrameworkReferenceResolution.targets(14,5): message :       ResolveProjectReferences;
       C:\Program Files\dotnet\sdk\10.0.300\Sdks\Microsoft.NET.Sdk\targets\Microsoft.NET.Sdk.FrameworkReferenceResolution.targets(14,5): message :       FindInvalidProjectReferences;
       C:\Program Files\dotnet\sdk\10.0.300\Sdks\Microsoft.NET.Sdk\targets\Microsoft.NET.Sdk.FrameworkReferenceResolution.targets(14,5): message :       GetFrameworkPaths;
       C:\Program Files\dotnet\sdk\10.0.300\Sdks\Microsoft.NET.Sdk\targets\Microsoft.NET.Sdk.FrameworkReferenceResolution.targets(14,5): message :       GetReferenceAssemblyPaths;
       C:\Program Files\dotnet\sdk\10.0.300\Sdks\Microsoft.NET.Sdk\targets\Microsoft.NET.Sdk.FrameworkReferenceResolution.targets(14,5): message :       PrepareForBuild;
       C:\Program Files\dotnet\sdk\10.0.300\Sdks\Microsoft.NET.Sdk\targets\Microsoft.NET.Sdk.FrameworkReferenceResolution.targets(14,5): message :       ResolveSDKReferences;
       C:\Program Files\dotnet\sdk\10.0.300\Sdks\Microsoft.NET.Sdk\targets\Microsoft.NET.Sdk.FrameworkReferenceResolution.targets(14,5): message :       ExpandSDKReferences;
       C:\Program Files\dotnet\sdk\10.0.300\Sdks\Microsoft.NET.Sdk\targets\Microsoft.NET.Sdk.FrameworkReferenceResolution.targets(14,5): message :     ;
       C:\Program Files\dotnet\sdk\10.0.300\Sdks\Microsoft.NET.Sdk\targets\Microsoft.NET.Sdk.FrameworkReferenceResolution.targets(14,5): message :       ResolvePackageDependenciesForBuild;
       C:\Program Files\dotnet\sdk\10.0.300\Sdks\Microsoft.NET.Sdk\targets\Microsoft.NET.Sdk.FrameworkReferenceResolution.targets(14,5): message :       _HandlePackageFileConflicts;
       C:\Program Files\dotnet\sdk\10.0.300\Sdks\Microsoft.NET.Sdk\targets\Microsoft.NET.Sdk.FrameworkReferenceResolution.targets(14,5): message :     ;
       C:\Program Files\dotnet\sdk\10.0.300\Sdks\Microsoft.NET.Sdk\targets\Microsoft.NET.Sdk.FrameworkReferenceResolution.targets(14,5): message :       ResolveTargetingPackAssets;
       C:\Program Files\dotnet\sdk\10.0.300\Sdks\Microsoft.NET.Sdk\targets\Microsoft.NET.Sdk.FrameworkReferenceResolution.targets(14,5): message :     ”(先前值:“
       C:\Program Files\dotnet\sdk\10.0.300\Sdks\Microsoft.NET.Sdk\targets\Microsoft.NET.Sdk.FrameworkReferenceResolution.targets(14,5): message :       
       C:\Program Files\dotnet\sdk\10.0.300\Sdks\Microsoft.NET.Sdk\targets\Microsoft.NET.Sdk.FrameworkReferenceResolution.targets(14,5): message :       ResolveProjectReferences;
       C:\Program Files\dotnet\sdk\10.0.300\Sdks\Microsoft.NET.Sdk\targets\Microsoft.NET.Sdk.FrameworkReferenceResolution.targets(14,5): message :       FindInvalidProjectReferences;
       C:\Program Files\dotnet\sdk\10.0.300\Sdks\Microsoft.NET.Sdk\targets\Microsoft.NET.Sdk.FrameworkReferenceResolution.targets(14,5): message :       GetFrameworkPaths;
       C:\Program Files\dotnet\sdk\10.0.300\Sdks\Microsoft.NET.Sdk\targets\Microsoft.NET.Sdk.FrameworkReferenceResolution.targets(14,5): message :       GetReferenceAssemblyPaths;
       C:\Program Files\dotnet\sdk\10.0.300\Sdks\Microsoft.NET.Sdk\targets\Microsoft.NET.Sdk.FrameworkReferenceResolution.targets(14,5): message :       PrepareForBuild;
       C:\Program Files\dotnet\sdk\10.0.300\Sdks\Microsoft.NET.Sdk\targets\Microsoft.NET.Sdk.FrameworkReferenceResolution.targets(14,5): message :       ResolveSDKReferences;
       C:\Program Files\dotnet\sdk\10.0.300\Sdks\Microsoft.NET.Sdk\targets\Microsoft.NET.Sdk.FrameworkReferenceResolution.targets(14,5): message :       ExpandSDKReferences;
       C:\Program Files\dotnet\sdk\10.0.300\Sdks\Microsoft.NET.Sdk\targets\Microsoft.NET.Sdk.FrameworkReferenceResolution.targets(14,5): message :     ;
       C:\Program Files\dotnet\sdk\10.0.300\Sdks\Microsoft.NET.Sdk\targets\Microsoft.NET.Sdk.FrameworkReferenceResolution.targets(14,5): message :       ResolvePackageDependenciesForBuild;
       C:\Program Files\dotnet\sdk\10.0.300\Sdks\Microsoft.NET.Sdk\targets\Microsoft.NET.Sdk.FrameworkReferenceResolution.targets(14,5): message :       _HandlePackageFileConflicts;
       C:\Program Files\dotnet\sdk\10.0.300\Sdks\Microsoft.NET.Sdk\targets\Microsoft.NET.Sdk.FrameworkReferenceResolution.targets(14,5): message :     ”)
       C:\Program Files\dotnet\sdk\10.0.300\Sdks\Microsoft.NET.Sdk\targets\Microsoft.NET.Sdk.targets(44,5): message : 在 C:\Program Files\dotnet\sdk\10.0.300\Sdks\Microsoft.NET.Sdk\targets\Microsoft.NET.Sdk.targets (44,5) 处重新分配属性: $(_GenerateRuntimeConfigurationPropertyInputsCache)=“C:\Users\Vita\Vitemis\Outposts\Rokurics-Windows\Rokurics\obj\ARM64\Debug\net8.0-windows10.0.19041.0\win-arm64\Rokurics.genruntimeconfig.cache”(先前值:“obj\ARM64\Debug\net8.0-windows10.0.19041.0\win-arm64\Rokurics.genruntimeconfig.cache”)
       C:\Program Files\dotnet\sdk\10.0.300\Sdks\Microsoft.NET.Sdk\targets\Microsoft.NET.Sdk.targets(46,5): message : 在 C:\Program Files\dotnet\sdk\10.0.300\Sdks\Microsoft.NET.Sdk\targets\Microsoft.NET.Sdk.targets (46,5) 处重新分配属性: $(_GeneratePublishDependencyFilePropertyInputsCache)=“C:\Users\Vita\Vitemis\Outposts\Rokurics-Windows\Rokurics\obj\ARM64\Debug\net8.0-windows10.0.19041.0\win-arm64\Rokurics.genpublishdeps.cache”(先前值:“obj\ARM64\Debug\net8.0-windows10.0.19041.0\win-arm64\Rokurics.genpublishdeps.cache”)
       C:\Program Files\dotnet\sdk\10.0.300\Sdks\Microsoft.NET.Sdk\targets\Microsoft.NET.Sdk.targets(48,5): message : 在 C:\Program Files\dotnet\sdk\10.0.300\Sdks\Microsoft.NET.Sdk\targets\Microsoft.NET.Sdk.targets (48,5) 处重新分配属性: $(_GenerateSingleFileBundlePropertyInputsCache)=“C:\Users\Vita\Vitemis\Outposts\Rokurics-Windows\Rokurics\obj\ARM64\Debug\net8.0-windows10.0.19041.0\win-arm64\Rokurics.genbundle.cache”(先前值:“obj\ARM64\Debug\net8.0-windows10.0.19041.0\win-arm64\Rokurics.genbundle.cache”)
       C:\Program Files\dotnet\sdk\10.0.300\Sdks\Microsoft.NET.Sdk\targets\Microsoft.NET.Sdk.targets(81,5): message : 在 C:\Program Files\dotnet\sdk\10.0.300\Sdks\Microsoft.NET.Sdk\targets\Microsoft.NET.Sdk.targets (81,5) 处重新分配属性: $(GenerateRuntimeConfigDevFile)=“false”(先前值:“true”)
       C:\Program Files\dotnet\sdk\10.0.300\Sdks\Microsoft.NET.Sdk\targets\Microsoft.NET.Sdk.targets(98,5): message : 在 C:\Program Files\dotnet\sdk\10.0.300\Sdks\Microsoft.NET.Sdk\targets\Microsoft.NET.Sdk.targets (98,5) 处重新分配属性: $(_DefaultUserProfileRuntimeStorePath)=“C:\Users\Vita”(先前值:“”)
       C:\Program Files\dotnet\sdk\10.0.300\Sdks\Microsoft.NET.Sdk\targets\Microsoft.NET.Sdk.targets(99,5): message : 在 C:\Program Files\dotnet\sdk\10.0.300\Sdks\Microsoft.NET.Sdk\targets\Microsoft.NET.Sdk.targets (99,5) 处重新分配属性: $(_DefaultUserProfileRuntimeStorePath)=“C:\Users\Vita\.dotnet\store”(先前值:“C:\Users\Vita”)
       C:\Program Files\dotnet\sdk\10.0.300\Sdks\Microsoft.NET.Sdk\targets\Microsoft.NET.Sdk.targets(144,5): message : 在 C:\Program Files\dotnet\sdk\10.0.300\Sdks\Microsoft.NET.Sdk\targets\Microsoft.NET.Sdk.targets (144,5) 处重新分配属性: $(AvailablePlatforms)=“Any CPU,x86,x64,ARM32”(先前值:“Any CPU,x86,x64”)
       C:\Program Files\dotnet\sdk\10.0.300\Sdks\Microsoft.NET.Sdk\targets\Microsoft.NET.Sdk.targets(148,5): message : 在 C:\Program Files\dotnet\sdk\10.0.300\Sdks\Microsoft.NET.Sdk\targets\Microsoft.NET.Sdk.targets (148,5) 处重新分配属性: $(AvailablePlatforms)=“Any CPU,x86,x64,ARM32,ARM64”(先前值:“Any CPU,x86,x64,ARM32”)
       C:\Program Files\dotnet\sdk\10.0.300\Sdks\Microsoft.NET.Sdk\targets\Microsoft.NET.Sdk.targets(204,5): message : 在 C:\Program Files\dotnet\sdk\10.0.300\Sdks\Microsoft.NET.Sdk\targets\Microsoft.NET.Sdk.targets (204,5) 处重新分配属性: $(CoreBuildDependsOn)=“
       C:\Program Files\dotnet\sdk\10.0.300\Sdks\Microsoft.NET.Sdk\targets\Microsoft.NET.Sdk.targets(204,5): message :       _CheckForBuildWithNoBuild;
       C:\Program Files\dotnet\sdk\10.0.300\Sdks\Microsoft.NET.Sdk\targets\Microsoft.NET.Sdk.targets(204,5): message :       
       C:\Program Files\dotnet\sdk\10.0.300\Sdks\Microsoft.NET.Sdk\targets\Microsoft.NET.Sdk.targets(204,5): message :       BuildOnlySettings;
       C:\Program Files\dotnet\sdk\10.0.300\Sdks\Microsoft.NET.Sdk\targets\Microsoft.NET.Sdk.targets(204,5): message :       PrepareForBuild;
       C:\Program Files\dotnet\sdk\10.0.300\Sdks\Microsoft.NET.Sdk\targets\Microsoft.NET.Sdk.targets(204,5): message :       PreBuildEvent;
       C:\Program Files\dotnet\sdk\10.0.300\Sdks\Microsoft.NET.Sdk\targets\Microsoft.NET.Sdk.targets(204,5): message :       ResolveReferences;
       C:\Program Files\dotnet\sdk\10.0.300\Sdks\Microsoft.NET.Sdk\targets\Microsoft.NET.Sdk.targets(204,5): message :       PrepareResources;
       C:\Program Files\dotnet\sdk\10.0.300\Sdks\Microsoft.NET.Sdk\targets\Microsoft.NET.Sdk.targets(204,5): message :       ResolveKeySource;
       C:\Program Files\dotnet\sdk\10.0.300\Sdks\Microsoft.NET.Sdk\targets\Microsoft.NET.Sdk.targets(204,5): message :       Compile;
       C:\Program Files\dotnet\sdk\10.0.300\Sdks\Microsoft.NET.Sdk\targets\Microsoft.NET.Sdk.targets(204,5): message :       ExportWindowsMDFile;
       C:\Program Files\dotnet\sdk\10.0.300\Sdks\Microsoft.NET.Sdk\targets\Microsoft.NET.Sdk.targets(204,5): message :       UnmanagedUnregistration;
       C:\Program Files\dotnet\sdk\10.0.300\Sdks\Microsoft.NET.Sdk\targets\Microsoft.NET.Sdk.targets(204,5): message :       GenerateSerializationAssemblies;
       C:\Program Files\dotnet\sdk\10.0.300\Sdks\Microsoft.NET.Sdk\targets\Microsoft.NET.Sdk.targets(204,5): message :       CreateSatelliteAssemblies;
       C:\Program Files\dotnet\sdk\10.0.300\Sdks\Microsoft.NET.Sdk\targets\Microsoft.NET.Sdk.targets(204,5): message :       GenerateManifests;
       C:\Program Files\dotnet\sdk\10.0.300\Sdks\Microsoft.NET.Sdk\targets\Microsoft.NET.Sdk.targets(204,5): message :       GetTargetPath;
       C:\Program Files\dotnet\sdk\10.0.300\Sdks\Microsoft.NET.Sdk\targets\Microsoft.NET.Sdk.targets(204,5): message :       PrepareForRun;
       C:\Program Files\dotnet\sdk\10.0.300\Sdks\Microsoft.NET.Sdk\targets\Microsoft.NET.Sdk.targets(204,5): message :       UnmanagedRegistration;
       C:\Program Files\dotnet\sdk\10.0.300\Sdks\Microsoft.NET.Sdk\targets\Microsoft.NET.Sdk.targets(204,5): message :       IncrementalClean;
       C:\Program Files\dotnet\sdk\10.0.300\Sdks\Microsoft.NET.Sdk\targets\Microsoft.NET.Sdk.targets(204,5): message :       PostBuildEvent
       C:\Program Files\dotnet\sdk\10.0.300\Sdks\Microsoft.NET.Sdk\targets\Microsoft.NET.Sdk.targets(204,5): message :     ;
       C:\Program Files\dotnet\sdk\10.0.300\Sdks\Microsoft.NET.Sdk\targets\Microsoft.NET.Sdk.targets(204,5): message :       GenerateBuildDependencyFile;
       C:\Program Files\dotnet\sdk\10.0.300\Sdks\Microsoft.NET.Sdk\targets\Microsoft.NET.Sdk.targets(204,5): message :       GenerateBuildRuntimeConfigurationFiles
       C:\Program Files\dotnet\sdk\10.0.300\Sdks\Microsoft.NET.Sdk\targets\Microsoft.NET.Sdk.targets(204,5): message :     ”(先前值:“
       C:\Program Files\dotnet\sdk\10.0.300\Sdks\Microsoft.NET.Sdk\targets\Microsoft.NET.Sdk.targets(204,5): message :       BuildOnlySettings;
       C:\Program Files\dotnet\sdk\10.0.300\Sdks\Microsoft.NET.Sdk\targets\Microsoft.NET.Sdk.targets(204,5): message :       PrepareForBuild;
       C:\Program Files\dotnet\sdk\10.0.300\Sdks\Microsoft.NET.Sdk\targets\Microsoft.NET.Sdk.targets(204,5): message :       PreBuildEvent;
       C:\Program Files\dotnet\sdk\10.0.300\Sdks\Microsoft.NET.Sdk\targets\Microsoft.NET.Sdk.targets(204,5): message :       ResolveReferences;
       C:\Program Files\dotnet\sdk\10.0.300\Sdks\Microsoft.NET.Sdk\targets\Microsoft.NET.Sdk.targets(204,5): message :       PrepareResources;
       C:\Program Files\dotnet\sdk\10.0.300\Sdks\Microsoft.NET.Sdk\targets\Microsoft.NET.Sdk.targets(204,5): message :       ResolveKeySource;
       C:\Program Files\dotnet\sdk\10.0.300\Sdks\Microsoft.NET.Sdk\targets\Microsoft.NET.Sdk.targets(204,5): message :       Compile;
       C:\Program Files\dotnet\sdk\10.0.300\Sdks\Microsoft.NET.Sdk\targets\Microsoft.NET.Sdk.targets(204,5): message :       ExportWindowsMDFile;
       C:\Program Files\dotnet\sdk\10.0.300\Sdks\Microsoft.NET.Sdk\targets\Microsoft.NET.Sdk.targets(204,5): message :       UnmanagedUnregistration;
       C:\Program Files\dotnet\sdk\10.0.300\Sdks\Microsoft.NET.Sdk\targets\Microsoft.NET.Sdk.targets(204,5): message :       GenerateSerializationAssemblies;
       C:\Program Files\dotnet\sdk\10.0.300\Sdks\Microsoft.NET.Sdk\targets\Microsoft.NET.Sdk.targets(204,5): message :       CreateSatelliteAssemblies;
       C:\Program Files\dotnet\sdk\10.0.300\Sdks\Microsoft.NET.Sdk\targets\Microsoft.NET.Sdk.targets(204,5): message :       GenerateManifests;
       C:\Program Files\dotnet\sdk\10.0.300\Sdks\Microsoft.NET.Sdk\targets\Microsoft.NET.Sdk.targets(204,5): message :       GetTargetPath;
       C:\Program Files\dotnet\sdk\10.0.300\Sdks\Microsoft.NET.Sdk\targets\Microsoft.NET.Sdk.targets(204,5): message :       PrepareForRun;
       C:\Program Files\dotnet\sdk\10.0.300\Sdks\Microsoft.NET.Sdk\targets\Microsoft.NET.Sdk.targets(204,5): message :       UnmanagedRegistration;
       C:\Program Files\dotnet\sdk\10.0.300\Sdks\Microsoft.NET.Sdk\targets\Microsoft.NET.Sdk.targets(204,5): message :       IncrementalClean;
       C:\Program Files\dotnet\sdk\10.0.300\Sdks\Microsoft.NET.Sdk\targets\Microsoft.NET.Sdk.targets(204,5): message :       PostBuildEvent
       C:\Program Files\dotnet\sdk\10.0.300\Sdks\Microsoft.NET.Sdk\targets\Microsoft.NET.Sdk.targets(204,5): message :     ”)
       C:\Program Files\dotnet\sdk\10.0.300\Sdks\Microsoft.NET.Sdk\targets\Microsoft.NET.Sdk.targets(213,5): message : 在 C:\Program Files\dotnet\sdk\10.0.300\Sdks\Microsoft.NET.Sdk\targets\Microsoft.NET.Sdk.targets (213,5) 处重新分配属性: $(CoreCleanDependsOn)=“
       C:\Program Files\dotnet\sdk\10.0.300\Sdks\Microsoft.NET.Sdk\targets\Microsoft.NET.Sdk.targets(213,5): message :       _SdkBeforeClean;
       C:\Program Files\dotnet\sdk\10.0.300\Sdks\Microsoft.NET.Sdk\targets\Microsoft.NET.Sdk.targets(213,5): message :       
       C:\Program Files\dotnet\sdk\10.0.300\Sdks\Microsoft.NET.Sdk\targets\Microsoft.NET.Sdk.targets(213,5): message :     ”(先前值:“”)
       C:\Program Files\dotnet\sdk\10.0.300\Sdks\Microsoft.NET.Sdk\targets\Microsoft.NET.Sdk.targets(220,5): message : 在 C:\Program Files\dotnet\sdk\10.0.300\Sdks\Microsoft.NET.Sdk\targets\Microsoft.NET.Sdk.targets (220,5) 处重新分配属性: $(RebuildDependsOn)=“
       C:\Program Files\dotnet\sdk\10.0.300\Sdks\Microsoft.NET.Sdk\targets\Microsoft.NET.Sdk.targets(220,5): message :       _SdkBeforeRebuild;
       C:\Program Files\dotnet\sdk\10.0.300\Sdks\Microsoft.NET.Sdk\targets\Microsoft.NET.Sdk.targets(220,5): message :       
       C:\Program Files\dotnet\sdk\10.0.300\Sdks\Microsoft.NET.Sdk\targets\Microsoft.NET.Sdk.targets(220,5): message :       BeforeRebuild;
       C:\Program Files\dotnet\sdk\10.0.300\Sdks\Microsoft.NET.Sdk\targets\Microsoft.NET.Sdk.targets(220,5): message :       Clean;
       C:\Program Files\dotnet\sdk\10.0.300\Sdks\Microsoft.NET.Sdk\targets\Microsoft.NET.Sdk.targets(220,5): message :       Build;
       C:\Program Files\dotnet\sdk\10.0.300\Sdks\Microsoft.NET.Sdk\targets\Microsoft.NET.Sdk.targets(220,5): message :       AfterRebuild;
       C:\Program Files\dotnet\sdk\10.0.300\Sdks\Microsoft.NET.Sdk\targets\Microsoft.NET.Sdk.targets(220,5): message :     
       C:\Program Files\dotnet\sdk\10.0.300\Sdks\Microsoft.NET.Sdk\targets\Microsoft.NET.Sdk.targets(220,5): message :     ”(先前值:“
       C:\Program Files\dotnet\sdk\10.0.300\Sdks\Microsoft.NET.Sdk\targets\Microsoft.NET.Sdk.targets(220,5): message :       BeforeRebuild;
       C:\Program Files\dotnet\sdk\10.0.300\Sdks\Microsoft.NET.Sdk\targets\Microsoft.NET.Sdk.targets(220,5): message :       Clean;
       C:\Program Files\dotnet\sdk\10.0.300\Sdks\Microsoft.NET.Sdk\targets\Microsoft.NET.Sdk.targets(220,5): message :       Build;
       C:\Program Files\dotnet\sdk\10.0.300\Sdks\Microsoft.NET.Sdk\targets\Microsoft.NET.Sdk.targets(220,5): message :       AfterRebuild;
       C:\Program Files\dotnet\sdk\10.0.300\Sdks\Microsoft.NET.Sdk\targets\Microsoft.NET.Sdk.targets(220,5): message :     ”)
       C:\Program Files\dotnet\sdk\10.0.300\Sdks\Microsoft.NET.Sdk\targets\Microsoft.NET.Sdk.targets(799,5): message : 在 C:\Program Files\dotnet\sdk\10.0.300\Sdks\Microsoft.NET.Sdk\targets\Microsoft.NET.Sdk.targets (799,5) 处重新分配属性: $(CompileDependsOn)=“
       C:\Program Files\dotnet\sdk\10.0.300\Sdks\Microsoft.NET.Sdk\targets\Microsoft.NET.Sdk.targets(799,5): message :       
       C:\Program Files\dotnet\sdk\10.0.300\Sdks\Microsoft.NET.Sdk\targets\Microsoft.NET.Sdk.targets(799,5): message :       ResolveReferences;
       C:\Program Files\dotnet\sdk\10.0.300\Sdks\Microsoft.NET.Sdk\targets\Microsoft.NET.Sdk.targets(799,5): message :       ResolveKeySource;
       C:\Program Files\dotnet\sdk\10.0.300\Sdks\Microsoft.NET.Sdk\targets\Microsoft.NET.Sdk.targets(799,5): message :       SetWin32ManifestProperties;
       C:\Program Files\dotnet\sdk\10.0.300\Sdks\Microsoft.NET.Sdk\targets\Microsoft.NET.Sdk.targets(799,5): message :       _SetPreferNativeArm64Win32ManifestProperties;
       C:\Program Files\dotnet\sdk\10.0.300\Sdks\Microsoft.NET.Sdk\targets\Microsoft.NET.Sdk.targets(799,5): message :       FindReferenceAssembliesForReferences;
       C:\Program Files\dotnet\sdk\10.0.300\Sdks\Microsoft.NET.Sdk\targets\Microsoft.NET.Sdk.targets(799,5): message :       _GenerateCompileInputs;
       C:\Program Files\dotnet\sdk\10.0.300\Sdks\Microsoft.NET.Sdk\targets\Microsoft.NET.Sdk.targets(799,5): message :       BeforeCompile;
       C:\Program Files\dotnet\sdk\10.0.300\Sdks\Microsoft.NET.Sdk\targets\Microsoft.NET.Sdk.targets(799,5): message :       _TimeStampBeforeCompile;
       C:\Program Files\dotnet\sdk\10.0.300\Sdks\Microsoft.NET.Sdk\targets\Microsoft.NET.Sdk.targets(799,5): message :       _GenerateCompileDependencyCache;
       C:\Program Files\dotnet\sdk\10.0.300\Sdks\Microsoft.NET.Sdk\targets\Microsoft.NET.Sdk.targets(799,5): message :       CoreCompile;
       C:\Program Files\dotnet\sdk\10.0.300\Sdks\Microsoft.NET.Sdk\targets\Microsoft.NET.Sdk.targets(799,5): message :       _TimeStampAfterCompile;
       C:\Program Files\dotnet\sdk\10.0.300\Sdks\Microsoft.NET.Sdk\targets\Microsoft.NET.Sdk.targets(799,5): message :       AfterCompile;
       C:\Program Files\dotnet\sdk\10.0.300\Sdks\Microsoft.NET.Sdk\targets\Microsoft.NET.Sdk.targets(799,5): message :     ;
       C:\Program Files\dotnet\sdk\10.0.300\Sdks\Microsoft.NET.Sdk\targets\Microsoft.NET.Sdk.targets(799,5): message :       _CreateAppHost;
       C:\Program Files\dotnet\sdk\10.0.300\Sdks\Microsoft.NET.Sdk\targets\Microsoft.NET.Sdk.targets(799,5): message :       _CreateComHost;
       C:\Program Files\dotnet\sdk\10.0.300\Sdks\Microsoft.NET.Sdk\targets\Microsoft.NET.Sdk.targets(799,5): message :       _GetIjwHostPaths;
       C:\Program Files\dotnet\sdk\10.0.300\Sdks\Microsoft.NET.Sdk\targets\Microsoft.NET.Sdk.targets(799,5): message :     ”(先前值:“
       C:\Program Files\dotnet\sdk\10.0.300\Sdks\Microsoft.NET.Sdk\targets\Microsoft.NET.Sdk.targets(799,5): message :       ResolveReferences;
       C:\Program Files\dotnet\sdk\10.0.300\Sdks\Microsoft.NET.Sdk\targets\Microsoft.NET.Sdk.targets(799,5): message :       ResolveKeySource;
       C:\Program Files\dotnet\sdk\10.0.300\Sdks\Microsoft.NET.Sdk\targets\Microsoft.NET.Sdk.targets(799,5): message :       SetWin32ManifestProperties;
       C:\Program Files\dotnet\sdk\10.0.300\Sdks\Microsoft.NET.Sdk\targets\Microsoft.NET.Sdk.targets(799,5): message :       _SetPreferNativeArm64Win32ManifestProperties;
       C:\Program Files\dotnet\sdk\10.0.300\Sdks\Microsoft.NET.Sdk\targets\Microsoft.NET.Sdk.targets(799,5): message :       FindReferenceAssembliesForReferences;
       C:\Program Files\dotnet\sdk\10.0.300\Sdks\Microsoft.NET.Sdk\targets\Microsoft.NET.Sdk.targets(799,5): message :       _GenerateCompileInputs;
       C:\Program Files\dotnet\sdk\10.0.300\Sdks\Microsoft.NET.Sdk\targets\Microsoft.NET.Sdk.targets(799,5): message :       BeforeCompile;
       C:\Program Files\dotnet\sdk\10.0.300\Sdks\Microsoft.NET.Sdk\targets\Microsoft.NET.Sdk.targets(799,5): message :       _TimeStampBeforeCompile;
       C:\Program Files\dotnet\sdk\10.0.300\Sdks\Microsoft.NET.Sdk\targets\Microsoft.NET.Sdk.targets(799,5): message :       _GenerateCompileDependencyCache;
       C:\Program Files\dotnet\sdk\10.0.300\Sdks\Microsoft.NET.Sdk\targets\Microsoft.NET.Sdk.targets(799,5): message :       CoreCompile;
       C:\Program Files\dotnet\sdk\10.0.300\Sdks\Microsoft.NET.Sdk\targets\Microsoft.NET.Sdk.targets(799,5): message :       _TimeStampAfterCompile;
       C:\Program Files\dotnet\sdk\10.0.300\Sdks\Microsoft.NET.Sdk\targets\Microsoft.NET.Sdk.targets(799,5): message :       AfterCompile;
       C:\Program Files\dotnet\sdk\10.0.300\Sdks\Microsoft.NET.Sdk\targets\Microsoft.NET.Sdk.targets(799,5): message :     ”)
       C:\Program Files\dotnet\sdk\10.0.300\Sdks\Microsoft.NET.Sdk\targets\Microsoft.NET.Sdk.targets(1131,5): message : 在 C:\Program Files\dotnet\sdk\10.0.300\Sdks\Microsoft.NET.Sdk\targets\Microsoft.NET.Sdk.targets (1131,5) 处重新分配属性: $(CreateSatelliteAssembliesDependsOn)=“
       C:\Program Files\dotnet\sdk\10.0.300\Sdks\Microsoft.NET.Sdk\targets\Microsoft.NET.Sdk.targets(1131,5): message :       
       C:\Program Files\dotnet\sdk\10.0.300\Sdks\Microsoft.NET.Sdk\targets\Microsoft.NET.Sdk.targets(1131,5): message :       ;
       C:\Program Files\dotnet\sdk\10.0.300\Sdks\Microsoft.NET.Sdk\targets\Microsoft.NET.Sdk.targets(1131,5): message :       _GenerateSatelliteAssemblyInputs;
       C:\Program Files\dotnet\sdk\10.0.300\Sdks\Microsoft.NET.Sdk\targets\Microsoft.NET.Sdk.targets(1131,5): message :       ComputeIntermediateSatelliteAssemblies;
       C:\Program Files\dotnet\sdk\10.0.300\Sdks\Microsoft.NET.Sdk\targets\Microsoft.NET.Sdk.targets(1131,5): message :       GenerateSatelliteAssemblies
       C:\Program Files\dotnet\sdk\10.0.300\Sdks\Microsoft.NET.Sdk\targets\Microsoft.NET.Sdk.targets(1131,5): message :     ;
       C:\Program Files\dotnet\sdk\10.0.300\Sdks\Microsoft.NET.Sdk\targets\Microsoft.NET.Sdk.targets(1131,5): message :       CoreGenerateSatelliteAssemblies
       C:\Program Files\dotnet\sdk\10.0.300\Sdks\Microsoft.NET.Sdk\targets\Microsoft.NET.Sdk.targets(1131,5): message :     ”(先前值:“
       C:\Program Files\dotnet\sdk\10.0.300\Sdks\Microsoft.NET.Sdk\targets\Microsoft.NET.Sdk.targets(1131,5): message :       ;
       C:\Program Files\dotnet\sdk\10.0.300\Sdks\Microsoft.NET.Sdk\targets\Microsoft.NET.Sdk.targets(1131,5): message :       _GenerateSatelliteAssemblyInputs;
       C:\Program Files\dotnet\sdk\10.0.300\Sdks\Microsoft.NET.Sdk\targets\Microsoft.NET.Sdk.targets(1131,5): message :       ComputeIntermediateSatelliteAssemblies;
       C:\Program Files\dotnet\sdk\10.0.300\Sdks\Microsoft.NET.Sdk\targets\Microsoft.NET.Sdk.targets(1131,5): message :       GenerateSatelliteAssemblies
       C:\Program Files\dotnet\sdk\10.0.300\Sdks\Microsoft.NET.Sdk\targets\Microsoft.NET.Sdk.targets(1131,5): message :     ”)
       C:\Program Files\dotnet\sdk\10.0.300\Sdks\Microsoft.SourceLink.GitLab\build\Microsoft.SourceLink.GitLab.targets(12,5): message : 在 C:\Program Files\dotnet\sdk\10.0.300\Sdks\Microsoft.SourceLink.GitLab\build\Microsoft.SourceLink.GitLab.targets (12,5) 处重新分配属性: $(SourceLinkUrlInitializerTargets)=“;_InitializeGitHubSourceLinkUrl;_InitializeGitLabSourceLinkUrl”(先前值:“;_InitializeGitHubSourceLinkUrl”)
       C:\Program Files\dotnet\sdk\10.0.300\Sdks\Microsoft.SourceLink.GitLab\build\Microsoft.SourceLink.GitLab.targets(13,5): message : 在 C:\Program Files\dotnet\sdk\10.0.300\Sdks\Microsoft.SourceLink.GitLab\build\Microsoft.SourceLink.GitLab.targets (13,5) 处重新分配属性: $(SourceControlManagerUrlTranslationTargets)=“;TranslateGitHubUrlsInSourceControlInformation;TranslateGitLabUrlsInSourceControlInformation”(先前值:“;TranslateGitHubUrlsInSourceControlInformation”)
       C:\Program Files\dotnet\sdk\10.0.300\Sdks\Microsoft.SourceLink.AzureRepos.Git\build\Microsoft.SourceLink.AzureRepos.Git.targets(12,5): message : 在 C:\Program Files\dotnet\sdk\10.0.300\Sdks\Microsoft.SourceLink.AzureRepos.Git\build\Microsoft.SourceLink.AzureRepos.Git.targets (12,5) 处重新分配属性: $(SourceLinkUrlInitializerTargets)=“;_InitializeGitHubSourceLinkUrl;_InitializeGitLabSourceLinkUrl;_InitializeAzureReposGitSourceLinkUrl”(先前值:“;_InitializeGitHubSourceLinkUrl;_InitializeGitLabSourceLinkUrl”)
       C:\Program Files\dotnet\sdk\10.0.300\Sdks\Microsoft.SourceLink.AzureRepos.Git\build\Microsoft.SourceLink.AzureRepos.Git.targets(13,5): message : 在 C:\Program Files\dotnet\sdk\10.0.300\Sdks\Microsoft.SourceLink.AzureRepos.Git\build\Microsoft.SourceLink.AzureRepos.Git.targets (13,5) 处重新分配属性: $(SourceControlManagerUrlTranslationTargets)=“;TranslateGitHubUrlsInSourceControlInformation;TranslateGitLabUrlsInSourceControlInformation;TranslateAzureReposGitUrlsInSourceControlInformation”(先前值:“;TranslateGitHubUrlsInSourceControlInformation;TranslateGitLabUrlsInSourceControlInformation”)
       C:\Program Files\dotnet\sdk\10.0.300\Sdks\Microsoft.SourceLink.Bitbucket.Git\build\Microsoft.SourceLink.Bitbucket.Git.targets(12,5): message : 在 C:\Program Files\dotnet\sdk\10.0.300\Sdks\Microsoft.SourceLink.Bitbucket.Git\build\Microsoft.SourceLink.Bitbucket.Git.targets (12,5) 处重新分配属性: $(SourceLinkUrlInitializerTargets)=“;_InitializeGitHubSourceLinkUrl;_InitializeGitLabSourceLinkUrl;_InitializeAzureReposGitSourceLinkUrl;_InitializeBitbucketGitSourceLinkUrl”(先前值:“;_InitializeGitHubSourceLinkUrl;_InitializeGitLabSourceLinkUrl;_InitializeAzureReposGitSourceLinkUrl”)
       C:\Program Files\dotnet\sdk\10.0.300\Sdks\Microsoft.SourceLink.Bitbucket.Git\build\Microsoft.SourceLink.Bitbucket.Git.targets(13,5): message : 在 C:\Program Files\dotnet\sdk\10.0.300\Sdks\Microsoft.SourceLink.Bitbucket.Git\build\Microsoft.SourceLink.Bitbucket.Git.targets (13,5) 处重新分配属性: $(SourceControlManagerUrlTranslationTargets)=“;TranslateGitHubUrlsInSourceControlInformation;TranslateGitLabUrlsInSourceControlInformation;TranslateAzureReposGitUrlsInSourceControlInformation;TranslateBitbucketGitUrlsInSourceControlInformation”(先前值:“;TranslateGitHubUrlsInSourceControlInformation;TranslateGitLabUrlsInSourceControlInformation;TranslateAzureReposGitUrlsInSourceControlInformation”)
       C:\Program Files\dotnet\sdk\10.0.300\Sdks\Microsoft.NET.Sdk\targets\Microsoft.NET.DesignerSupport.targets(21,5): message : 在 C:\Program Files\dotnet\sdk\10.0.300\Sdks\Microsoft.NET.Sdk\targets\Microsoft.NET.DesignerSupport.targets (21,5) 处重新分配属性: $(DesignerRuntimeImplementationProjectOutputGroupDependsOn)=“
       C:\Program Files\dotnet\sdk\10.0.300\Sdks\Microsoft.NET.Sdk\targets\Microsoft.NET.DesignerSupport.targets(21,5): message :       
       C:\Program Files\dotnet\sdk\10.0.300\Sdks\Microsoft.NET.Sdk\targets\Microsoft.NET.DesignerSupport.targets(21,5): message :       ;
       C:\Program Files\dotnet\sdk\10.0.300\Sdks\Microsoft.NET.Sdk\targets\Microsoft.NET.DesignerSupport.targets(21,5): message :       
       C:\Program Files\dotnet\sdk\10.0.300\Sdks\Microsoft.NET.Sdk\targets\Microsoft.NET.DesignerSupport.targets(21,5): message :       ;
       C:\Program Files\dotnet\sdk\10.0.300\Sdks\Microsoft.NET.Sdk\targets\Microsoft.NET.DesignerSupport.targets(21,5): message :       BuildOnlySettings;
       C:\Program Files\dotnet\sdk\10.0.300\Sdks\Microsoft.NET.Sdk\targets\Microsoft.NET.DesignerSupport.targets(21,5): message :       PrepareForBuild;
       C:\Program Files\dotnet\sdk\10.0.300\Sdks\Microsoft.NET.Sdk\targets\Microsoft.NET.DesignerSupport.targets(21,5): message :       AssignTargetPaths;
       C:\Program Files\dotnet\sdk\10.0.300\Sdks\Microsoft.NET.Sdk\targets\Microsoft.NET.DesignerSupport.targets(21,5): message :       ResolveReferences
       C:\Program Files\dotnet\sdk\10.0.300\Sdks\Microsoft.NET.Sdk\targets\Microsoft.NET.DesignerSupport.targets(21,5): message :     
       C:\Program Files\dotnet\sdk\10.0.300\Sdks\Microsoft.NET.Sdk\targets\Microsoft.NET.DesignerSupport.targets(21,5): message :     ;
       C:\Program Files\dotnet\sdk\10.0.300\Sdks\Microsoft.NET.Sdk\targets\Microsoft.NET.DesignerSupport.targets(21,5): message :       _GenerateDesignerDepsFile;
       C:\Program Files\dotnet\sdk\10.0.300\Sdks\Microsoft.NET.Sdk\targets\Microsoft.NET.DesignerSupport.targets(21,5): message :       _GenerateDesignerRuntimeConfigFile;
       C:\Program Files\dotnet\sdk\10.0.300\Sdks\Microsoft.NET.Sdk\targets\Microsoft.NET.DesignerSupport.targets(21,5): message :       GetCopyToOutputDirectoryItems;
       C:\Program Files\dotnet\sdk\10.0.300\Sdks\Microsoft.NET.Sdk\targets\Microsoft.NET.DesignerSupport.targets(21,5): message :       _GatherDesignerShadowCopyFiles;
       C:\Program Files\dotnet\sdk\10.0.300\Sdks\Microsoft.NET.Sdk\targets\Microsoft.NET.DesignerSupport.targets(21,5): message :     ”(先前值:“
       C:\Program Files\dotnet\sdk\10.0.300\Sdks\Microsoft.NET.Sdk\targets\Microsoft.NET.DesignerSupport.targets(21,5): message :       ;
       C:\Program Files\dotnet\sdk\10.0.300\Sdks\Microsoft.NET.Sdk\targets\Microsoft.NET.DesignerSupport.targets(21,5): message :       
       C:\Program Files\dotnet\sdk\10.0.300\Sdks\Microsoft.NET.Sdk\targets\Microsoft.NET.DesignerSupport.targets(21,5): message :       ;
       C:\Program Files\dotnet\sdk\10.0.300\Sdks\Microsoft.NET.Sdk\targets\Microsoft.NET.DesignerSupport.targets(21,5): message :       BuildOnlySettings;
       C:\Program Files\dotnet\sdk\10.0.300\Sdks\Microsoft.NET.Sdk\targets\Microsoft.NET.DesignerSupport.targets(21,5): message :       PrepareForBuild;
       C:\Program Files\dotnet\sdk\10.0.300\Sdks\Microsoft.NET.Sdk\targets\Microsoft.NET.DesignerSupport.targets(21,5): message :       AssignTargetPaths;
       C:\Program Files\dotnet\sdk\10.0.300\Sdks\Microsoft.NET.Sdk\targets\Microsoft.NET.DesignerSupport.targets(21,5): message :       ResolveReferences
       C:\Program Files\dotnet\sdk\10.0.300\Sdks\Microsoft.NET.Sdk\targets\Microsoft.NET.DesignerSupport.targets(21,5): message :     
       C:\Program Files\dotnet\sdk\10.0.300\Sdks\Microsoft.NET.Sdk\targets\Microsoft.NET.DesignerSupport.targets(21,5): message :     ”)
       C:\Program Files\dotnet\sdk\10.0.300\Sdks\Microsoft.NET.Sdk\targets\Microsoft.NET.Sdk.CSharp.targets(31,5): message : 在 C:\Program Files\dotnet\sdk\10.0.300\Sdks\Microsoft.NET.Sdk\targets\Microsoft.NET.Sdk.CSharp.targets (31,5) 处重新分配属性: $(DefineConstants)=“TRACE;DEBUG”(先前值:“TRACE”)
       C:\Program Files\dotnet\sdk\10.0.300\Sdks\Microsoft.NET.Sdk\targets\Microsoft.NET.Sdk.CSharp.targets(45,5): message : 在 C:\Program Files\dotnet\sdk\10.0.300\Sdks\Microsoft.NET.Sdk\targets\Microsoft.NET.Sdk.CSharp.targets (45,5) 处重新分配属性: $(WarningsAsErrors)=“;NU1605;SYSLIB0011”(先前值:“;NU1605”)
       C:\Program Files\dotnet\sdk\10.0.300\Sdks\Microsoft.NET.Sdk\targets\Microsoft.NET.Windows.targets(239,5): message : 在 C:\Program Files\dotnet\sdk\10.0.300\Sdks\Microsoft.NET.Sdk\targets\Microsoft.NET.Windows.targets (239,5) 处重新分配属性: $(_RunCsWinRTGeneratorPropertyInputsCachePath)=“C:\Users\Vita\Vitemis\Outposts\Rokurics-Windows\Rokurics\obj\ARM64\Debug\net8.0-windows10.0.19041.0\win-arm64\Rokurics.cswinrtgen.cache”(先前值:“obj\ARM64\Debug\net8.0-windows10.0.19041.0\win-arm64\Rokurics.cswinrtgen.cache”)
       C:\Program Files\dotnet\sdk\10.0.300\NuGet.Build.Tasks.Pack.targets(34,5): message : 在 C:\Program Files\dotnet\sdk\10.0.300\NuGet.Build.Tasks.Pack.targets (34,5) 处重新分配属性: $(PackageDescription)=“Package Description”(先前值:“”)
       C:\Program Files\dotnet\sdk\10.0.300\NuGet.Build.Tasks.Pack.targets(59,5): message : 在 C:\Program Files\dotnet\sdk\10.0.300\NuGet.Build.Tasks.Pack.targets (59,5) 处重新分配属性: $(GenerateNuspecDependsOn)=“Build;_LoadPackInputItems; _GetTargetFrameworksOutput; _WalkEachTargetPerFramework; _GetPackageFiles; ”(先前值:“_LoadPackInputItems; _GetTargetFrameworksOutput; _WalkEachTargetPerFramework; _GetPackageFiles; ”)
       C:\Program Files\dotnet\sdk\10.0.300\Sdks\Microsoft.NET.Sdk\Sdk\Sdk.targets(59,5): message : 在 C:\Program Files\dotnet\sdk\10.0.300\Sdks\Microsoft.NET.Sdk\Sdk\Sdk.targets (59,5) 处重新分配属性: $(_IsNotSetContainersTargetsDir)=“true”(先前值:“false”)
       C:\Program Files\dotnet\sdk\10.0.300\Containers\build\Microsoft.NET.Build.Containers.targets(5,5): message : 在 C:\Program Files\dotnet\sdk\10.0.300\Containers\build\Microsoft.NET.Build.Containers.targets (5,5) 处重新分配属性: $(_IsSDKContainerAllowedVersion)=“true”(先前值:“false”)
       C:\Program Files\dotnet\sdk\10.0.300\Containers\build\Microsoft.NET.Build.Containers.targets(15,5): message : 在 C:\Program Files\dotnet\sdk\10.0.300\Containers\build\Microsoft.NET.Build.Containers.targets (15,5) 处重新分配属性: $(_ContainerIsTargetingNet8TFM)=“true”(先前值:“false”)
       正在使用项目“C:\Users\Vita\.nuget\packages\microsoft.windowsappsdk\1.7.250310001\buildTransitive\MrtCore.PriGen.targets”中的目标“Publish”重写项目“C:\Program Files\dotnet\sdk\10.0.300\Microsoft.Common.CurrentVersion.targets”中的目标“Publish”。
       正在使用项目“C:\Program Files\dotnet\sdk\10.0.300\Sdks\Microsoft.NET.Sdk\targets\Microsoft.NET.Sdk.FrameworkReferenceResolution.targets”中的目标“ResolveFrameworkReferences”重写项目“C:\Program Files\dotnet\sdk\10.0.300\Microsoft.Common.CurrentVersion.targets”中的目标“ResolveFrameworkReferences”。
       正在使用项目“C:\Program Files\dotnet\sdk\10.0.300\Sdks\Microsoft.NET.Sdk\targets\Microsoft.NET.Sdk.targets”中的目标“GenerateSupportedTargetFrameworkAlias”重写项目“C:\Program Files\dotnet\sdk\10.0.300\Microsoft.Common.CurrentVersion.targets”中的目标“GenerateSupportedTargetFrameworkAlias”。
       正在使用项目“C:\Program Files\dotnet\sdk\10.0.300\Sdks\Microsoft.NET.Sdk\targets\Microsoft.NET.DisableStandardFrameworkResolution.targets”中的目标“GetReferenceAssemblyPaths”重写项目“C:\Program Files\dotnet\sdk\10.0.300\Microsoft.Common.CurrentVersion.targets”中的目标“GetReferenceAssemblyPaths”。
       正在使用项目“C:\Program Files\dotnet\sdk\10.0.300\Sdks\Microsoft.NET.Sdk\targets\Microsoft.NET.DisableStandardFrameworkResolution.targets”中的目标“GetFrameworkPaths”重写项目“C:\Program Files\dotnet\sdk\10.0.300\Microsoft.Common.CurrentVersion.targets”中的目标“GetFrameworkPaths”。
       正在使用项目“C:\Program Files\dotnet\sdk\10.0.300\Sdks\Microsoft.NET.Sdk\targets\Microsoft.NET.DesignerSupport.targets”中的目标“DesignerRuntimeImplementationProjectOutputGroup”重写项目“C:\Program Files\dotnet\sdk\10.0.300\Microsoft.Common.CurrentVersion.targets”中的目标“DesignerRuntimeImplementationProjectOutputGroup”。
       正在使用项目“C:\Program Files\dotnet\sdk\10.0.300\Sdks\Microsoft.NET.Sdk\targets\Microsoft.NET.Publish.targets”中的目标“Publish”重写项目“C:\Users\Vita\.nuget\packages\microsoft.windowsappsdk\1.7.250310001\buildTransitive\MrtCore.PriGen.targets”中的目标“Publish”。
       正在使用项目“C:\Program Files\dotnet\sdk\10.0.300\Sdks\Microsoft.NET.Sdk\targets\Microsoft.NET.Publish.targets”中的目标“ResolveReadyToRunCompilers”重写项目“C:\Program Files\dotnet\sdk\10.0.300\Sdks\Microsoft.NET.Sdk\targets\Microsoft.NET.CrossGen.targets”中的目标“ResolveReadyToRunCompilers”。
       正在使用项目“C:\Program Files\dotnet\sdk\10.0.300\Sdks\Microsoft.NET.Sdk\targets\Microsoft.NET.Publish.targets”中的目标“GetCopyToPublishDirectoryItems”重写项目“C:\Program Files\dotnet\sdk\10.0.300\Microsoft.Common.CurrentVersion.targets”中的目标“GetCopyToPublishDirectoryItems”。
       正在使用项目“C:\Program Files\dotnet\sdk\10.0.300\Sdks\Microsoft.NET.Sdk\targets\Microsoft.NET.Sdk.targets”中的目标“Run”重写项目“C:\Program Files\dotnet\sdk\10.0.300\Microsoft.Common.CurrentVersion.targets”中的目标“Run”。
       项目中不存在 AfterTargets 特性中的“C:\Users\Vita\.nuget\packages\system.text.json\8.0.4\buildTransitive\net6.0\System.Text.Json.targets (11,11)”位置列出的目标“ResolveNuGetPackageAssets”，将忽略该目标。
       项目中不存在 AfterTargets 特性中的“C:\Users\Vita\.nuget\packages\system.text.json\8.0.4\buildTransitive\net6.0\System.Text.Json.targets (23,11)”位置列出的目标“ResolveNuGetPackageAssets”，将忽略该目标。
       项目中不存在 BeforeTargets 特性中的“C:\Users\Vita\.nuget\packages\microsoft.windowsappsdk\1.7.250310001\buildTransitive\MrtCore.PriGen.targets (1626,103)”位置列出的目标“CollectUpToDateCheckInputDesignTime”，将忽略该目标。
       项目中不存在 BeforeTargets 特性中的“C:\Users\Vita\.nuget\packages\microsoft.windowsappsdk\1.7.250310001\buildTransitive\MrtCore.PriGen.targets (1670,45)”位置列出的目标“CollectUpToDateCheckBuiltDesignTime”，将忽略该目标。
       项目中不存在 AfterTargets 特性中的“C:\Users\Vita\.nuget\packages\microsoft.windowsappsdk\1.7.250310001\buildTransitive\Microsoft.WinUI.AppX.targets (56,51)”位置列出的目标“ResolveNuGetPackageAssets”，将忽略该目标。
       项目中不存在 BeforeTargets 特性中的“C:\Users\Vita\.nuget\packages\microsoft.windowsappsdk\1.7.250310001\buildTransitive\Microsoft.WinUI.AppX.targets (112,7)”位置列出的目标“_ConvertItems”，将忽略该目标。
       项目中不存在 AfterTargets 特性中的“C:\Users\Vita\.nuget\packages\microsoft.windowsappsdk\1.7.250310001\buildTransitive\Microsoft.WinUI.AppX.targets (113,7)”位置列出的目标“_ExpandProjectReferences”，将忽略该目标。
       项目中不存在 BeforeTargets 特性中的“C:\Users\Vita\.nuget\packages\microsoft.windowsappsdk\1.7.250310001\buildTransitive\Microsoft.WindowsAppSDK.targets (27,11)”位置列出的目标“ClCompile”，将忽略该目标。
       项目中不存在 BeforeTargets 特性中的“C:\Users\Vita\.nuget\packages\microsoft.windowsappsdk\1.7.250310001\buildTransitive\Microsoft.WindowsAppSDK.targets (44,61)”位置列出的目标“_ConvertItems”，将忽略该目标。
       项目中不存在 AfterTargets 特性中的“C:\Users\Vita\.nuget\packages\microsoft.windowsappsdk\1.7.250310001\buildTransitive\Microsoft.WindowsAppSDK.targets (44,91)”位置列出的目标“_ResolveVCLibDependencies”，将忽略该目标。
       项目中不存在 AfterTargets 特性中的“C:\Users\Vita\.nuget\packages\communitytoolkit.mvvm\8.2.2\buildTransitive\netstandard2.1\CommunityToolkit.Mvvm.targets (13,11)”位置列出的目标“ResolveNuGetPackageAssets”，将忽略该目标。
       项目中不存在 AfterTargets 特性中的“C:\Users\Vita\.nuget\packages\communitytoolkit.mvvm\8.2.2\buildTransitive\netstandard2.1\CommunityToolkit.Mvvm.targets (25,11)”位置列出的目标“ResolveNuGetPackageAssets”，将忽略该目标。
       项目中不存在 AfterTargets 特性中的“C:\Users\Vita\.nuget\packages\communitytoolkit.mvvm\8.2.2\buildTransitive\netstandard2.1\CommunityToolkit.Mvvm.targets (111,11)”位置列出的目标“ResolveNuGetPackageAssets”，将忽略该目标。
     1>项目“C:\Users\Vita\Vitemis\Outposts\Rokurics-Windows\Rokurics.sln”(1)正在节点 1 上生成“C:\Users\Vita\Vitemis\Outposts\Rokurics-Windows\Rokurics\Rokurics.csproj”(2) (默认目标)。
     2>来自项目“C:\Users\Vita\Vitemis\Outposts\Rokurics-Windows\Rokurics\Rokurics.csproj”的文件“C:\Program Files\dotnet\sdk\10.0.300\Sdks\Microsoft.NET.Sdk\targets\Microsoft.NET.TargetFrameworkInference.targets”中的目标“_CollectTargetFrameworkForTelemetry”(目标“_CheckForInvalidConfigurationAndPlatform”依赖于它):
     2>正在使用程序集“C:\Program Files\dotnet\sdk\10.0.300\Sdks\Microsoft.NET.Sdk\targets\..\tools\net10.0\Microsoft.NET.Build.Tasks.dll”中的“AllowEmptyTelemetry”任务。
       任务“AllowEmptyTelemetry”
       已完成执行任务“AllowEmptyTelemetry”的操作。
     2>已完成在项目“Rokurics.csproj”中生成目标“_CollectTargetFrameworkForTelemetry”的操作。
     2>来自项目“C:\Users\Vita\Vitemis\Outposts\Rokurics-Windows\Rokurics\Rokurics.csproj”的文件“C:\Program Files\dotnet\sdk\10.0.300\Sdks\Microsoft.NET.Sdk\targets\Microsoft.NET.TargetFrameworkInference.targets”中的目标“_CheckForUnsupportedTargetPlatformIdentifier”(目标“_CheckForInvalidConfigurationAndPlatform”依赖于它):
     2>已完成在项目“Rokurics.csproj”中生成目标“_CheckForUnsupportedTargetPlatformIdentifier”的操作。
     2>来自项目“C:\Users\Vita\Vitemis\Outposts\Rokurics-Windows\Rokurics\Rokurics.csproj”的文件“C:\Program Files\dotnet\sdk\10.0.300\Sdks\Microsoft.NET.Sdk\targets\Microsoft.NET.TargetFrameworkInference.targets”中的目标“_CheckForUnsupportedNETCoreVersion”(目标“_CheckForInvalidConfigurationAndPlatform”依赖于它):
     2>已完成在项目“Rokurics.csproj”中生成目标“_CheckForUnsupportedNETCoreVersion”的操作。
     2>来自项目“C:\Users\Vita\Vitemis\Outposts\Rokurics-Windows\Rokurics\Rokurics.csproj”的文件“C:\Program Files\dotnet\sdk\10.0.300\Sdks\Microsoft.NET.Sdk\targets\Microsoft.NET.TargetFrameworkInference.targets”中的目标“_CheckForUnsupportedCppNETCoreVersion”(目标“_CheckForInvalidConfigurationAndPlatform”依赖于它):
     2>已完成在项目“Rokurics.csproj”中生成目标“_CheckForUnsupportedCppNETCoreVersion”的操作。
     2>来自项目“C:\Users\Vita\Vitemis\Outposts\Rokurics-Windows\Rokurics\Rokurics.csproj”的文件“C:\Program Files\dotnet\sdk\10.0.300\Sdks\Microsoft.NET.Sdk\targets\Microsoft.NET.TargetFrameworkInference.targets”中的目标“_CheckForSupportedOSPlatformVersionHigherThanTargetPlatformVersion”(目标“_CheckForInvalidConfigurationAndPlatform”依赖于它):
     2>已完成在项目“Rokurics.csproj”中生成目标“_CheckForSupportedOSPlatformVersionHigherThanTargetPlatformVersion”的操作。
     2>来自项目“C:\Users\Vita\Vitemis\Outposts\Rokurics-Windows\Rokurics\Rokurics.csproj”的文件“C:\Program Files\dotnet\sdk\10.0.300\Sdks\Microsoft.NET.Sdk\targets\Microsoft.NET.TargetFrameworkInference.targets”中的目标“_NormalizeTargetPlatformVersion”(目标“_CheckForInvalidTargetPlatformVersion”依赖于它):
     2>已完成在项目“Rokurics.csproj”中生成目标“_NormalizeTargetPlatformVersion”的操作。
     2>来自项目“C:\Users\Vita\Vitemis\Outposts\Rokurics-Windows\Rokurics\Rokurics.csproj”的文件“C:\Program Files\dotnet\sdk\10.0.300\Sdks\Microsoft.NET.Sdk\targets\Microsoft.NET.TargetFrameworkInference.targets”中的目标“_CheckForInvalidTargetPlatformVersion”(目标“_CheckForInvalidConfigurationAndPlatform”依赖于它):
     2>已完成在项目“Rokurics.csproj”中生成目标“_CheckForInvalidTargetPlatformVersion”的操作。
     2>来自项目“C:\Users\Vita\Vitemis\Outposts\Rokurics-Windows\Rokurics\Rokurics.csproj”的文件“C:\Program Files\dotnet\sdk\10.0.300\Sdks\Microsoft.NET.Sdk\targets\Microsoft.NET.DefaultOutputPaths.targets”中的目标“_CheckForUnsupportedArtifactsPath”(目标“_CheckForInvalidConfigurationAndPlatform”依赖于它):
     2>已完成在项目“Rokurics.csproj”中生成目标“_CheckForUnsupportedArtifactsPath”的操作。
     2>来自项目“C:\Users\Vita\Vitemis\Outposts\Rokurics-Windows\Rokurics\Rokurics.csproj”的文件“C:\Program Files\dotnet\sdk\10.0.300\Sdks\Microsoft.NET.Sdk\targets\Microsoft.NET.RuntimeIdentifierInference.targets”中的目标“_CheckRIDAsserts”(目标“_CheckForUnsupportedAppHostUsage”依赖于它):
     2>已完成在项目“Rokurics.csproj”中生成目标“_CheckRIDAsserts”的操作。
     2>来自项目“C:\Users\Vita\Vitemis\Outposts\Rokurics-Windows\Rokurics\Rokurics.csproj”的文件“C:\Program Files\dotnet\sdk\10.0.300\Sdks\Microsoft.NET.Sdk\targets\Microsoft.NET.RuntimeIdentifierInference.targets”中的目标“_CheckForUnsupportedAppHostUsage”(目标“_CheckForInvalidConfigurationAndPlatform”依赖于它):
     2>已完成在项目“Rokurics.csproj”中生成目标“_CheckForUnsupportedAppHostUsage”的操作。
     2>来自项目“C:\Users\Vita\Vitemis\Outposts\Rokurics-Windows\Rokurics\Rokurics.csproj”的文件“C:\Program Files\dotnet\sdk\10.0.300\Sdks\Microsoft.NET.Sdk\targets\Microsoft.NET.RuntimeIdentifierInference.targets”中的目标“_CheckForUnsupportedHostingUsage”(目标“_CheckForInvalidConfigurationAndPlatform”依赖于它):
     2>已完成在项目“Rokurics.csproj”中生成目标“_CheckForUnsupportedHostingUsage”的操作。
     2>来自项目“C:\Users\Vita\Vitemis\Outposts\Rokurics-Windows\Rokurics\Rokurics.csproj”的文件“C:\Program Files\dotnet\sdk\10.0.300\Sdks\Microsoft.NET.Sdk\targets\Microsoft.NET.RuntimeIdentifierInference.targets”中的目标“_CheckAndUnsetUnsupportedPrefer32Bit”(目标“_CheckForInvalidConfigurationAndPlatform”依赖于它):
     2>已完成在项目“Rokurics.csproj”中生成目标“_CheckAndUnsetUnsupportedPrefer32Bit”的操作。
     2>来自项目“C:\Users\Vita\Vitemis\Outposts\Rokurics-Windows\Rokurics\Rokurics.csproj”的文件“C:\Program Files\dotnet\sdk\10.0.300\Sdks\Microsoft.NET.Sdk\targets\Microsoft.NET.RuntimeIdentifierInference.targets”中的目标“_CheckForMismatchingPlatform”(目标“_CheckForInvalidConfigurationAndPlatform”依赖于它):
     2>已完成在项目“Rokurics.csproj”中生成目标“_CheckForMismatchingPlatform”的操作。
     2>来自项目“C:\Users\Vita\Vitemis\Outposts\Rokurics-Windows\Rokurics\Rokurics.csproj”的文件“C:\Program Files\dotnet\sdk\10.0.300\Sdks\Microsoft.NET.Sdk\targets\Microsoft.NET.RuntimeIdentifierInference.targets”中的目标“_CheckForLanguageAndFeatureCombinationSupport”(目标“_CheckForInvalidConfigurationAndPlatform”依赖于它):
     2>已完成在项目“Rokurics.csproj”中生成目标“_CheckForLanguageAndFeatureCombinationSupport”的操作。
     2>来自项目“C:\Users\Vita\Vitemis\Outposts\Rokurics-Windows\Rokurics\Rokurics.csproj”的文件“C:\Program Files\dotnet\sdk\10.0.300\Sdks\Microsoft.NET.Sdk\targets\Microsoft.NET.Sdk.DefaultItems.Shared.targets”中的目标“UpdateAspNetToFrameworkReference”(目标“ApplyImplicitVersions”依赖于它):
       正在使用程序集“C:\Program Files\dotnet\sdk\10.0.300\Sdks\Microsoft.NET.Sdk\targets\..\tools\net10.0\Microsoft.NET.Build.Tasks.dll”中的“CheckIfPackageReferenceShouldBeFrameworkReference”任务。
       任务“CheckIfPackageReferenceShouldBeFrameworkReference”
       已完成执行任务“CheckIfPackageReferenceShouldBeFrameworkReference”的操作。
       任务“CheckIfPackageReferenceShouldBeFrameworkReference”
       已完成执行任务“CheckIfPackageReferenceShouldBeFrameworkReference”的操作。
     2>已完成在项目“Rokurics.csproj”中生成目标“UpdateAspNetToFrameworkReference”的操作。
     2>来自项目“C:\Users\Vita\Vitemis\Outposts\Rokurics-Windows\Rokurics\Rokurics.csproj”的文件“C:\Program Files\dotnet\sdk\10.0.300\Sdks\Microsoft.NET.Sdk\targets\Microsoft.NET.Sdk.DefaultItems.Shared.targets”中的目标“CheckForImplicitPackageReferenceOverrides”(目标“ApplyImplicitVersions”依赖于它):
       正在使用程序集“C:\Program Files\dotnet\sdk\10.0.300\Sdks\Microsoft.NET.Sdk\targets\..\tools\net10.0\Microsoft.NET.Build.Tasks.dll”中的“CheckForImplicitPackageReferenceOverrides”任务。
       任务“CheckForImplicitPackageReferenceOverrides”
       已完成执行任务“CheckForImplicitPackageReferenceOverrides”的操作。
     2>已完成在项目“Rokurics.csproj”中生成目标“CheckForImplicitPackageReferenceOverrides”的操作。
     2>来自项目“C:\Users\Vita\Vitemis\Outposts\Rokurics-Windows\Rokurics\Rokurics.csproj”的文件“C:\Program Files\dotnet\sdk\10.0.300\Sdks\Microsoft.NET.Sdk\targets\Microsoft.NET.Sdk.DefaultItems.Shared.targets”中的目标“ApplyImplicitVersions”(目标“CollectPackageReferences”依赖于它):
       正在使用程序集“C:\Program Files\dotnet\sdk\10.0.300\Sdks\Microsoft.NET.Sdk\targets\..\tools\net10.0\Microsoft.NET.Build.Tasks.dll”中的“ApplyImplicitVersions”任务。
       任务“ApplyImplicitVersions”
       已完成执行任务“ApplyImplicitVersions”的操作。
     2>已完成在项目“Rokurics.csproj”中生成目标“ApplyImplicitVersions”的操作。
       已跳过目标“CheckForImplicitPackageReferenceOverrides”。以前的生成已成功。
     2>来自项目“C:\Users\Vita\Vitemis\Outposts\Rokurics-Windows\Rokurics\Rokurics.csproj”的文件“C:\Program Files\dotnet\sdk\10.0.300\Sdks\Microsoft.NET.Sdk\targets\Microsoft.NET.Sdk.FrameworkReferenceResolution.targets”中的目标“AddWindowsSdkKnownFrameworkReferences”(目标“ProcessFrameworkReferences”依赖于它):
       正在使用程序集“C:\Program Files\dotnet\sdk\10.0.300\Sdks\Microsoft.NET.Sdk\targets\..\tools\net10.0\Microsoft.NET.Build.Tasks.dll”中的“CreateWindowsSdkKnownFrameworkReferences”任务。
       任务“CreateWindowsSdkKnownFrameworkReferences”
       已完成执行任务“CreateWindowsSdkKnownFrameworkReferences”的操作。
     2>已完成在项目“Rokurics.csproj”中生成目标“AddWindowsSdkKnownFrameworkReferences”的操作。
     2>来自项目“C:\Users\Vita\Vitemis\Outposts\Rokurics-Windows\Rokurics\Rokurics.csproj”的文件“C:\Program Files\dotnet\sdk\10.0.300\Sdks\Microsoft.NET.Sdk\targets\Microsoft.NET.Publish.targets”中的目标“_ComputeToolPackInputsToProcessFrameworkReferences”(目标“ProcessFrameworkReferences”依赖于它):
     2>已完成在项目“Rokurics.csproj”中生成目标“_ComputeToolPackInputsToProcessFrameworkReferences”的操作。
     2>来自项目“C:\Users\Vita\Vitemis\Outposts\Rokurics-Windows\Rokurics\Rokurics.csproj”的文件“C:\Program Files\dotnet\sdk\10.0.300\Sdks\Microsoft.NET.Sdk\targets\Microsoft.NET.Sdk.FrameworkReferenceResolution.targets”中的目标“ProcessFrameworkReferences”(目标“CollectPackageReferences”依赖于它):
       正在使用程序集“C:\Program Files\dotnet\sdk\10.0.300\Sdks\Microsoft.NET.Sdk\targets\..\tools\net10.0\Microsoft.NET.Build.Tasks.dll”中的“CheckForDuplicateFrameworkReferences”任务。
       任务“CheckForDuplicateFrameworkReferences”
       已完成执行任务“CheckForDuplicateFrameworkReferences”的操作。
       正在使用程序集“C:\Program Files\dotnet\sdk\10.0.300\Sdks\Microsoft.NET.Sdk\targets\..\tools\net10.0\Microsoft.NET.Build.Tasks.dll”中的“ProcessFrameworkReferences”任务。
       任务“ProcessFrameworkReferences”
         Found 2 known framework references for target framework .NETCoreApp
         Found 6 known runtime packs for target framework .NETCoreApp
         Selected Microsoft.NETCore.App with RIDs 'linux-arm;linux-arm64;linux-musl-arm64;linux-musl-x64;linux-x64;osx-x64;tizen.4.0.0-armel;tizen.5.0.0-armel;win-arm64;win-x64;win-x86;linux-musl-arm;osx-arm64;linux-s390x;linux-loongarch64;linux-bionic-arm;linux-bionic-arm64;linux-bionic-x64;linux-bionic-x86;linux-ppc64le;freebsd-x64;freebsd-arm64'
         Selected targeting pack 'Microsoft.NETCore.App@8.0.27'
         Finding best RID match for pack Microsoft.NETCore.App@8.0.27 for target RID 'win-x86' from 'linux-arm;linux-arm64;linux-musl-arm64;linux-musl-x64;linux-x64;osx-x64;tizen.4.0.0-armel;tizen.5.0.0-armel;win-arm64;win-x64;win-x86;linux-musl-arm;osx-arm64;linux-s390x;linux-loongarch64;linux-bionic-arm;linux-bionic-arm64;linux-bionic-x64;linux-bionic-x86;linux-ppc64le;freebsd-x64;freebsd-arm64' excluding ''
         Finding best RID match for pack Microsoft.NETCore.App@8.0.27 for target RID 'win-x64' from 'linux-arm;linux-arm64;linux-musl-arm64;linux-musl-x64;linux-x64;osx-x64;tizen.4.0.0-armel;tizen.5.0.0-armel;win-arm64;win-x64;win-x86;linux-musl-arm;osx-arm64;linux-s390x;linux-loongarch64;linux-bionic-arm;linux-bionic-arm64;linux-bionic-x64;linux-bionic-x86;linux-ppc64le;freebsd-x64;freebsd-arm64' excluding ''
         Finding best RID match for pack Microsoft.NETCore.App@8.0.27 for target RID 'win-arm64' from 'linux-arm;linux-arm64;linux-musl-arm64;linux-musl-x64;linux-x64;osx-x64;tizen.4.0.0-armel;tizen.5.0.0-armel;win-arm64;win-x64;win-x86;linux-musl-arm;osx-arm64;linux-s390x;linux-loongarch64;linux-bionic-arm;linux-bionic-arm64;linux-bionic-x64;linux-bionic-x86;linux-ppc64le;freebsd-x64;freebsd-arm64' excluding ''
         Added runtime framework 'Microsoft.NETCore.App@8.0.0'
         Selected Microsoft.WindowsDesktop.App with RIDs 'win-x64;win-x86;win-arm64'
         Selected targeting pack 'Microsoft.WindowsDesktop.App@8.0.27'
         Finding best RID match for pack Microsoft.WindowsDesktop.App@8.0.27 for target RID 'win-x86' from 'win-x64;win-x86;win-arm64' excluding ''
         Finding best RID match for pack Microsoft.WindowsDesktop.App@8.0.27 for target RID 'win-x64' from 'win-x64;win-x86;win-arm64' excluding ''
         Finding best RID match for pack Microsoft.WindowsDesktop.App@8.0.27 for target RID 'win-arm64' from 'win-x64;win-x86;win-arm64' excluding ''
         Added runtime framework 'Microsoft.WindowsDesktop.App@8.0.0'
         Selected Microsoft.WindowsDesktop.App with RIDs 'win-x64;win-x86;win-arm64'
         Selected targeting pack 'Microsoft.WindowsDesktop.App.WPF@8.0.27'
         Finding best RID match for pack Microsoft.WindowsDesktop.App.WPF@8.0.27 for target RID 'win-x86' from 'win-x64;win-x86;win-arm64' excluding ''
         Finding best RID match for pack Microsoft.WindowsDesktop.App.WPF@8.0.27 for target RID 'win-x64' from 'win-x64;win-x86;win-arm64' excluding ''
         Finding best RID match for pack Microsoft.WindowsDesktop.App.WPF@8.0.27 for target RID 'win-arm64' from 'win-x64;win-x86;win-arm64' excluding ''
         Added runtime framework 'Microsoft.WindowsDesktop.App@8.0.0'
         Selected Microsoft.WindowsDesktop.App with RIDs 'win-x64;win-x86;win-arm64'
         Selected targeting pack 'Microsoft.WindowsDesktop.App.WindowsForms@8.0.27'
         Finding best RID match for pack Microsoft.WindowsDesktop.App.WindowsForms@8.0.27 for target RID 'win-x86' from 'win-x64;win-x86;win-arm64' excluding ''
         Finding best RID match for pack Microsoft.WindowsDesktop.App.WindowsForms@8.0.27 for target RID 'win-x64' from 'win-x64;win-x86;win-arm64' excluding ''
         Finding best RID match for pack Microsoft.WindowsDesktop.App.WindowsForms@8.0.27 for target RID 'win-arm64' from 'win-x64;win-x86;win-arm64' excluding ''
         Added runtime framework 'Microsoft.WindowsDesktop.App@8.0.0'
         Selected Microsoft.AspNetCore.App with RIDs 'win-x64;win-x86;osx-x64;linux-musl-x64;linux-musl-arm64;linux-x64;linux-arm;linux-arm64;linux-musl-arm;win-arm64;osx-arm64;linux-s390x;linux-loongarch64;linux-ppc64le;freebsd-x64;freebsd-arm64'
         Selected targeting pack 'Microsoft.AspNetCore.App@8.0.27'
         Finding best RID match for pack Microsoft.AspNetCore.App@8.0.27 for target RID 'win-x86' from 'win-x64;win-x86;osx-x64;linux-musl-x64;linux-musl-arm64;linux-x64;linux-arm;linux-arm64;linux-musl-arm;win-arm64;osx-arm64;linux-s390x;linux-loongarch64;linux-ppc64le;freebsd-x64;freebsd-arm64' excluding 'android;linux-bionic'
         Finding best RID match for pack Microsoft.AspNetCore.App@8.0.27 for target RID 'win-x64' from 'win-x64;win-x86;osx-x64;linux-musl-x64;linux-musl-arm64;linux-x64;linux-arm;linux-arm64;linux-musl-arm;win-arm64;osx-arm64;linux-s390x;linux-loongarch64;linux-ppc64le;freebsd-x64;freebsd-arm64' excluding 'android;linux-bionic'
         Finding best RID match for pack Microsoft.AspNetCore.App@8.0.27 for target RID 'win-arm64' from 'win-x64;win-x86;osx-x64;linux-musl-x64;linux-musl-arm64;linux-x64;linux-arm;linux-arm64;linux-musl-arm;win-arm64;osx-arm64;linux-s390x;linux-loongarch64;linux-ppc64le;freebsd-x64;freebsd-arm64' excluding 'android;linux-bionic'
         Added runtime framework 'Microsoft.AspNetCore.App@8.0.0'
         Selected Microsoft.Windows.SDK.NET.Ref with RIDs 'any'
         Selected targeting pack 'Microsoft.Windows.SDK.NET.Ref@10.0.19041.57'
         Finding best RID match for pack Microsoft.Windows.SDK.NET.Ref@10.0.19041.57 for target RID 'win-arm64' from 'any' excluding ''
         Finding best RID match for pack Microsoft.Windows.SDK.NET.Ref@10.0.19041.57 for target RID 'win-x86' from 'any' excluding ''
         Finding best RID match for pack Microsoft.Windows.SDK.NET.Ref@10.0.19041.57 for target RID 'win-x64' from 'any' excluding ''
         Selected Microsoft.Windows.SDK.NET.Ref with RIDs 'any'
         Selected targeting pack 'Microsoft.Windows.SDK.NET.Ref.Windows@10.0.19041.57'
         Finding best RID match for pack Microsoft.Windows.SDK.NET.Ref.Windows@10.0.19041.57 for target RID 'win-arm64' from 'any' excluding ''
         Finding best RID match for pack Microsoft.Windows.SDK.NET.Ref.Windows@10.0.19041.57 for target RID 'win-x86' from 'any' excluding ''
         Finding best RID match for pack Microsoft.Windows.SDK.NET.Ref.Windows@10.0.19041.57 for target RID 'win-x64' from 'any' excluding ''
         Selected Microsoft.Windows.SDK.NET.Ref with RIDs 'any'
         Selected targeting pack 'Microsoft.Windows.SDK.NET.Ref.Xaml@10.0.19041.57'
         Finding best RID match for pack Microsoft.Windows.SDK.NET.Ref.Xaml@10.0.19041.57 for target RID 'win-arm64' from 'any' excluding ''
         Finding best RID match for pack Microsoft.Windows.SDK.NET.Ref.Xaml@10.0.19041.57 for target RID 'win-x86' from 'any' excluding ''
         Finding best RID match for pack Microsoft.Windows.SDK.NET.Ref.Xaml@10.0.19041.57 for target RID 'win-x64' from 'any' excluding ''
         Selected Microsoft.Windows.SDK.NET.Ref with RIDs 'any'
         Selected targeting pack 'Microsoft.Windows.SDK.NET.Ref.CsWinRT3.Windows@10.0.19041.57'
         Finding best RID match for pack Microsoft.Windows.SDK.NET.Ref.CsWinRT3.Windows@10.0.19041.57 for target RID 'win-arm64' from 'any' excluding ''
         Finding best RID match for pack Microsoft.Windows.SDK.NET.Ref.CsWinRT3.Windows@10.0.19041.57 for target RID 'win-x86' from 'any' excluding ''
         Finding best RID match for pack Microsoft.Windows.SDK.NET.Ref.CsWinRT3.Windows@10.0.19041.57 for target RID 'win-x64' from 'any' excluding ''
         Selected Microsoft.Windows.SDK.NET.Ref with RIDs 'any'
         Selected targeting pack 'Microsoft.Windows.SDK.NET.Ref.CsWinRT3.Xaml@10.0.19041.57'
         Finding best RID match for pack Microsoft.Windows.SDK.NET.Ref.CsWinRT3.Xaml@10.0.19041.57 for target RID 'win-arm64' from 'any' excluding ''
         Finding best RID match for pack Microsoft.Windows.SDK.NET.Ref.CsWinRT3.Xaml@10.0.19041.57 for target RID 'win-x86' from 'any' excluding ''
         Finding best RID match for pack Microsoft.Windows.SDK.NET.Ref.CsWinRT3.Xaml@10.0.19041.57 for target RID 'win-x64' from 'any' excluding ''
       已完成执行任务“ProcessFrameworkReferences”的操作。
       正在使用程序集“C:\Program Files\dotnet\sdk\10.0.300\Sdks\Microsoft.NET.Sdk\targets\..\tools\net10.0\Microsoft.NET.Build.Tasks.dll”中的“ResolveAppHosts”任务。
       任务“ResolveAppHosts”
       已完成执行任务“ResolveAppHosts”的操作。
     2>已完成在项目“Rokurics.csproj”中生成目标“ProcessFrameworkReferences”的操作。
     2>来自项目“C:\Users\Vita\Vitemis\Outposts\Rokurics-Windows\Rokurics\Rokurics.csproj”的文件“C:\Program Files\dotnet\sdk\10.0.300\Sdks\Microsoft.NET.Sdk\targets\Microsoft.NET.ObsoleteReferences.targets”中的目标“_CheckForObsoleteDotNetCliToolReferences”(目标“CollectPackageReferences”依赖于它):
     2>已完成在项目“Rokurics.csproj”中生成目标“_CheckForObsoleteDotNetCliToolReferences”的操作。
     2>来自项目“C:\Users\Vita\Vitemis\Outposts\Rokurics-Windows\Rokurics\Rokurics.csproj”的文件“C:\Program Files\dotnet\sdk\10.0.300\NuGet.targets”中的目标“CollectPackageReferences”(目标“_GetRestoreProjectStyle”依赖于它):
       在 TaskRun 期间加载的程序集: NuGet.Build.Tasks, Version=7.6.0.0, Culture=neutral, PublicKeyToken=31bf3856ad364e35 (位置: C:\Program Files\dotnet\sdk\10.0.300\NuGet.Build.Tasks.dll，MVID: c0949f20-44d4-45ce-aaf8-ab3e248ce236，AssemblyLoadContext: MSBuild plugin C:\Program Files\dotnet\sdk\10.0.300\NuGet.Build.Tasks.dll)
       在 TaskRun 期间加载的程序集: NuGet.Common, Version=7.6.0.0, Culture=neutral, PublicKeyToken=31bf3856ad364e35 (位置: C:\Program Files\dotnet\sdk\10.0.300\NuGet.Common.dll，MVID: c7cb08cf-8731-44a8-9d1a-502b05090f5f，AssemblyLoadContext: MSBuild plugin C:\Program Files\dotnet\sdk\10.0.300\NuGet.Build.Tasks.dll)
       在 TaskRun 期间加载的程序集: NuGet.Commands, Version=7.6.0.0, Culture=neutral, PublicKeyToken=31bf3856ad364e35 (位置: C:\Program Files\dotnet\sdk\10.0.300\NuGet.Commands.dll，MVID: 99ca5744-e818-4ae7-bac3-44cac66d53a4，AssemblyLoadContext: MSBuild plugin C:\Program Files\dotnet\sdk\10.0.300\NuGet.Build.Tasks.dll)
       在 TaskRun 期间加载的程序集: NuGet.ProjectModel, Version=7.6.0.0, Culture=neutral, PublicKeyToken=31bf3856ad364e35 (位置: C:\Program Files\dotnet\sdk\10.0.300\NuGet.ProjectModel.dll，MVID: 91c169e8-39f0-4330-8136-94cd57b1c51b，AssemblyLoadContext: MSBuild plugin C:\Program Files\dotnet\sdk\10.0.300\NuGet.Build.Tasks.dll)
       正在使用程序集“C:\Program Files\dotnet\sdk\10.0.300\NuGet.Build.Tasks.dll”中的“CheckForDuplicateNuGetItemsTask”任务。
       任务“CheckForDuplicateNuGetItemsTask”
       已完成执行任务“CheckForDuplicateNuGetItemsTask”的操作。
     2>已完成在项目“Rokurics.csproj”中生成目标“CollectPackageReferences”的操作。
     2>来自项目“C:\Users\Vita\Vitemis\Outposts\Rokurics-Windows\Rokurics\Rokurics.csproj”的文件“C:\Program Files\dotnet\sdk\10.0.300\NuGet.targets”中的目标“_GetRestoreProjectStyle”(目标“EnableIntermediateOutputPathMismatchWarning”依赖于它):
       正在使用程序集“C:\Program Files\dotnet\sdk\10.0.300\NuGet.Build.Tasks.dll”中的“GetRestoreProjectStyleTask”任务。
       任务“GetRestoreProjectStyleTask”
       已完成执行任务“GetRestoreProjectStyleTask”的操作。
     2>已完成在项目“Rokurics.csproj”中生成目标“_GetRestoreProjectStyle”的操作。
     2>来自项目“C:\Users\Vita\Vitemis\Outposts\Rokurics-Windows\Rokurics\Rokurics.csproj”的文件“C:\Program Files\dotnet\sdk\10.0.300\NuGet.targets”中的目标“EnableIntermediateOutputPathMismatchWarning”(目标“_CheckForInvalidConfigurationAndPlatform”依赖于它):
     2>已完成在项目“Rokurics.csproj”中生成目标“EnableIntermediateOutputPathMismatchWarning”的操作。
     2>来自项目“C:\Users\Vita\Vitemis\Outposts\Rokurics-Windows\Rokurics\Rokurics.csproj”的文件“C:\Program Files\dotnet\sdk\10.0.300\Sdks\Microsoft.NET.Sdk\targets\Microsoft.NET.Sdk.DefaultItems.Shared.targets”中的目标“CheckForDuplicateItems”(目标“CheckForDuplicatePageItems”依赖于它):
       正在使用程序集“C:\Program Files\dotnet\sdk\10.0.300\Sdks\Microsoft.NET.Sdk\targets\..\tools\net10.0\Microsoft.NET.Build.Tasks.dll”中的“CheckForDuplicateItems”任务。
       任务“CheckForDuplicateItems”
       已完成执行任务“CheckForDuplicateItems”的操作。
       任务“CheckForDuplicateItems”
       已完成执行任务“CheckForDuplicateItems”的操作。
       任务“CheckForDuplicateItems”
       已完成执行任务“CheckForDuplicateItems”的操作。
     2>已完成在项目“Rokurics.csproj”中生成目标“CheckForDuplicateItems”的操作。
     2>来自项目“C:\Users\Vita\Vitemis\Outposts\Rokurics-Windows\Rokurics\Rokurics.csproj”的文件“C:\Users\Vita\.nuget\packages\microsoft.windowsappsdk\1.7.250310001\buildTransitive\Microsoft.WinUI.targets”中的目标“CheckForDuplicatePageItems”(目标“_CheckForInvalidConfigurationAndPlatform”依赖于它):
       任务“CheckForDuplicateItems”
       已完成执行任务“CheckForDuplicateItems”的操作。
     2>已完成在项目“Rokurics.csproj”中生成目标“CheckForDuplicatePageItems”的操作。
     2>来自项目“C:\Users\Vita\Vitemis\Outposts\Rokurics-Windows\Rokurics\Rokurics.csproj”的文件“C:\Users\Vita\.nuget\packages\microsoft.windowsappsdk\1.7.250310001\buildTransitive\Microsoft.WinUI.targets”中的目标“CheckForInvalidUseUwpWinAppSDKOptions”(目标“_CheckForInvalidConfigurationAndPlatform”依赖于它):
     2>已完成在项目“Rokurics.csproj”中生成目标“CheckForInvalidUseUwpWinAppSDKOptions”的操作。
     2>来自项目“C:\Users\Vita\Vitemis\Outposts\Rokurics-Windows\Rokurics\Rokurics.csproj”的文件“C:\Users\Vita\.nuget\packages\microsoft.windowsappsdk\1.7.250310001\buildTransitive\Microsoft.WinUI.targets”中的目标“CheckForInvalidCustomBeforeMicrosoftCommonTargets”(目标“_CheckForInvalidConfigurationAndPlatform”依赖于它):
     2>已完成在项目“Rokurics.csproj”中生成目标“CheckForInvalidCustomBeforeMicrosoftCommonTargets”的操作。
       已跳过目标“ApplyImplicitVersions”。以前的生成已成功。
       已跳过目标“CheckForImplicitPackageReferenceOverrides”。以前的生成已成功。
       已跳过目标“CheckForDuplicateItems”。以前的生成已成功。
       已跳过目标“ProcessFrameworkReferences”。以前的生成已成功。
     2>来自项目“C:\Users\Vita\Vitemis\Outposts\Rokurics-Windows\Rokurics\Rokurics.csproj”的文件“C:\Program Files\dotnet\sdk\10.0.300\Microsoft.Common.CurrentVersion.targets”中的目标“_CheckForInvalidConfigurationAndPlatform”(目标“BeforeBuild”依赖于它):
       正在使用程序集“Microsoft.Build.Tasks.Core, Version=15.1.0.0, Culture=neutral, PublicKeyToken=b03f5f7f11d50a3a”中的“Message”任务。
       任务“Message”
         Configuration=Debug
       已完成执行任务“Message”的操作。
       任务“Message”
         Platform=ARM64
       已完成执行任务“Message”的操作。
     2>已完成在项目“Rokurics.csproj”中生成目标“_CheckForInvalidConfigurationAndPlatform”的操作。
     2>来自项目“C:\Users\Vita\Vitemis\Outposts\Rokurics-Windows\Rokurics\Rokurics.csproj”的文件“C:\Program Files\dotnet\sdk\10.0.300\Sdks\Microsoft.NET.Sdk\targets\Microsoft.NET.Sdk.targets”中的目标“ValidateCommandLineProperties”(目标“BeforeBuild”依赖于它):
     2>已完成在项目“Rokurics.csproj”中生成目标“ValidateCommandLineProperties”的操作。
     2>来自项目“C:\Users\Vita\Vitemis\Outposts\Rokurics-Windows\Rokurics\Rokurics.csproj”的文件“C:\Program Files\dotnet\sdk\10.0.300\Microsoft.Common.CurrentVersion.targets”中的目标“BeforeBuild”(目标“Build”依赖于它):
     2>已完成在项目“Rokurics.csproj”中生成目标“BeforeBuild”的操作。
     2>来自项目“C:\Users\Vita\Vitemis\Outposts\Rokurics-Windows\Rokurics\Rokurics.csproj”的文件“C:\Program Files\dotnet\sdk\10.0.300\Microsoft.Common.CurrentVersion.targets”中的目标“BuildOnlySettings”(目标“CoreBuild”依赖于它):
       C:\Program Files\dotnet\sdk\10.0.300\Microsoft.Common.CurrentVersion.targets(1168,7): message : 在 C:\Program Files\dotnet\sdk\10.0.300\Microsoft.Common.CurrentVersion.targets (1168,7) 处重新分配属性: $(BuildingProject)=“true”(先前值:“false”) [C:\Users\Vita\Vitemis\Outposts\Rokurics-Windows\Rokurics\Rokurics.csproj]
     2>已完成在项目“Rokurics.csproj”中生成目标“BuildOnlySettings”的操作。
     2>来自项目“C:\Users\Vita\Vitemis\Outposts\Rokurics-Windows\Rokurics\Rokurics.csproj”的文件“C:\Program Files\dotnet\sdk\10.0.300\Sdks\Microsoft.NET.Sdk\targets\Microsoft.NET.DisableStandardFrameworkResolution.targets”中的目标“GetFrameworkPaths”(目标“PrepareForBuild”依赖于它):
     2>已完成在项目“Rokurics.csproj”中生成目标“GetFrameworkPaths”的操作。
     2>来自项目“C:\Users\Vita\Vitemis\Outposts\Rokurics-Windows\Rokurics\Rokurics.csproj”的文件“C:\Program Files\dotnet\sdk\10.0.300\Sdks\Microsoft.NET.Sdk\targets\Microsoft.NET.DisableStandardFrameworkResolution.targets”中的目标“GetReferenceAssemblyPaths”(目标“PrepareForBuild”依赖于它):
     2>已完成在项目“Rokurics.csproj”中生成目标“GetReferenceAssemblyPaths”的操作。
     2>来自项目“C:\Users\Vita\Vitemis\Outposts\Rokurics-Windows\Rokurics\Rokurics.csproj”的文件“C:\Program Files\dotnet\sdk\10.0.300\Microsoft.Common.CurrentVersion.targets”中的目标“PrepareForBuild”(目标“CoreBuild”依赖于它):
       正在使用程序集“Microsoft.Build.Tasks.Core, Version=15.1.0.0, Culture=neutral, PublicKeyToken=b03f5f7f11d50a3a”中的“FindAppConfigFile”任务。
       任务“FindAppConfigFile”
       已完成执行任务“FindAppConfigFile”的操作。
       正在使用程序集“Microsoft.Build.Tasks.Core, Version=15.1.0.0, Culture=neutral, PublicKeyToken=b03f5f7f11d50a3a”中的“MakeDir”任务。
       任务“MakeDir”
       已完成执行任务“MakeDir”的操作。
     2>已完成在项目“Rokurics.csproj”中生成目标“PrepareForBuild”的操作。
     2>来自项目“C:\Users\Vita\Vitemis\Outposts\Rokurics-Windows\Rokurics\Rokurics.csproj”的文件“C:\Program Files\dotnet\sdk\10.0.300\Sdks\Microsoft.NET.Sdk\targets\Microsoft.NET.Sdk.BeforeCommon.targets”中的目标“GenerateTargetFrameworkDefineConstants”(目标“AddImplicitDefineConstants”依赖于它):
     2>已完成在项目“Rokurics.csproj”中生成目标“GenerateTargetFrameworkDefineConstants”的操作。
     2>来自项目“C:\Users\Vita\Vitemis\Outposts\Rokurics-Windows\Rokurics\Rokurics.csproj”的文件“C:\Program Files\dotnet\sdk\10.0.300\Sdks\Microsoft.NET.Sdk\targets\Microsoft.NET.Sdk.BeforeCommon.targets”中的目标“GenerateTargetPlatformDefineConstants”(目标“AddImplicitDefineConstants”依赖于它):
     2>已完成在项目“Rokurics.csproj”中生成目标“GenerateTargetPlatformDefineConstants”的操作。
     2>来自项目“C:\Users\Vita\Vitemis\Outposts\Rokurics-Windows\Rokurics\Rokurics.csproj”的文件“C:\Program Files\dotnet\sdk\10.0.300\Sdks\Microsoft.NET.Sdk\targets\Microsoft.NET.Sdk.BeforeCommon.targets”中的目标“GenerateNETCompatibleDefineConstants”(目标“AddImplicitDefineConstants”依赖于它):
     2>已完成在项目“Rokurics.csproj”中生成目标“GenerateNETCompatibleDefineConstants”的操作。
     2>来自项目“C:\Users\Vita\Vitemis\Outposts\Rokurics-Windows\Rokurics\Rokurics.csproj”的文件“C:\Program Files\dotnet\sdk\10.0.300\Sdks\Microsoft.NET.Sdk\targets\Microsoft.NET.Sdk.BeforeCommon.targets”中的目标“GeneratePlatformCompatibleDefineConstants”(目标“AddImplicitDefineConstants”依赖于它):
     2>已完成在项目“Rokurics.csproj”中生成目标“GeneratePlatformCompatibleDefineConstants”的操作。
     2>来自项目“C:\Users\Vita\Vitemis\Outposts\Rokurics-Windows\Rokurics\Rokurics.csproj”的文件“C:\Program Files\dotnet\sdk\10.0.300\Sdks\Microsoft.NET.Sdk\targets\Microsoft.NET.Sdk.BeforeCommon.targets”中的目标“AddImplicitDefineConstants”(目标“CoreBuild”依赖于它):
       C:\Program Files\dotnet\sdk\10.0.300\Sdks\Microsoft.NET.Sdk\targets\Microsoft.NET.Sdk.BeforeCommon.targets(295,7): message : 在 C:\Program Files\dotnet\sdk\10.0.300\Sdks\Microsoft.NET.Sdk\targets\Microsoft.NET.Sdk.BeforeCommon.targets (295,7) 处重新分配属性: $(DefineConstants)=“TRACE;DEBUG;NET;NET8_0;NETCOREAPP;WINDOWS;WINDOWS10_0_19041_0;NET5_0_OR_GREATER;NET6_0_OR_GREATER;NET7_0_OR_GREATER;NET8_0_OR_GREATER;NETCOREAPP1_0_OR_GREATER;NETCOREAPP1_1_OR_GREATER;NETCOREAPP2_0_OR_GREATER;NETCOREAPP2_1_OR_GREATER;NETCOREAPP2_2_OR_GREATER;NETCOREAPP3_0_OR_GREATER;NETCOREAPP3_1_OR_GREATER;WINDOWS10_0_19041_0_OR_GREATER;WINDOWS10_0_18362_0_OR_GREATER;WINDOWS10_0_17763_0_OR_GREATER;WINDOWS8_0_OR_GREATER;WINDOWS7_0_OR_GREATER”(先前值:“TRACE;DEBUG”) [C:\Users\Vita\Vitemis\Outposts\Rokurics-Windows\Rokurics\Rokurics.csproj]
     2>已完成在项目“Rokurics.csproj”中生成目标“AddImplicitDefineConstants”的操作。
     2>来自项目“C:\Users\Vita\Vitemis\Outposts\Rokurics-Windows\Rokurics\Rokurics.csproj”的文件“C:\Program Files\dotnet\sdk\10.0.300\Sdks\Microsoft.NET.Sdk\targets\Microsoft.NET.GenerateGlobalUsings.targets”中的目标“GenerateGlobalUsings”(目标“CoreBuild”依赖于它):
       正在使用程序集“C:\Program Files\dotnet\sdk\10.0.300\Sdks\Microsoft.NET.Sdk\targets\..\tools\net10.0\Microsoft.NET.Build.Tasks.dll”中的“GenerateGlobalUsings”任务。
       任务“GenerateGlobalUsings”
       已完成执行任务“GenerateGlobalUsings”的操作。
       正在使用程序集“Microsoft.Build.Tasks.Core, Version=15.1.0.0, Culture=neutral, PublicKeyToken=b03f5f7f11d50a3a”中的“WriteLinesToFile”任务。
       任务“WriteLinesToFile”
         跳过写入到文件“obj\ARM64\Debug\net8.0-windows10.0.19041.0\win-arm64\Rokurics.GlobalUsings.g.cs”，因为内容不会改变。
       已完成执行任务“WriteLinesToFile”的操作。
     2>已完成在项目“Rokurics.csproj”中生成目标“GenerateGlobalUsings”的操作。
     2>来自项目“C:\Users\Vita\Vitemis\Outposts\Rokurics-Windows\Rokurics\Rokurics.csproj”的文件“C:\Program Files\dotnet\sdk\10.0.300\Microsoft.Common.CurrentVersion.targets”中的目标“BeforeResolveReferences”(目标“ResolveReferences”依赖于它):
     2>已完成在项目“Rokurics.csproj”中生成目标“BeforeResolveReferences”的操作。
     2>来自项目“C:\Users\Vita\Vitemis\Outposts\Rokurics-Windows\Rokurics\Rokurics.csproj”的文件“C:\Program Files\dotnet\sdk\10.0.300\Microsoft.Common.CurrentVersion.targets”中的目标“IgnoreJavaScriptOutputAssembly”(目标“AssignProjectConfiguration”依赖于它):
     2>已完成在项目“Rokurics.csproj”中生成目标“IgnoreJavaScriptOutputAssembly”的操作。
       已跳过目标“ProcessFrameworkReferences”。以前的生成已成功。
     2>来自项目“C:\Users\Vita\Vitemis\Outposts\Rokurics-Windows\Rokurics\Rokurics.csproj”的文件“C:\Program Files\dotnet\sdk\10.0.300\Sdks\Microsoft.NET.Sdk\targets\Microsoft.NET.Sdk.Shared.targets”中的目标“_DefaultMicrosoftNETPlatformLibrary”(目标“ResolvePackageAssets”依赖于它):
     2>已完成在项目“Rokurics.csproj”中生成目标“_DefaultMicrosoftNETPlatformLibrary”的操作。
     2>来自项目“C:\Users\Vita\Vitemis\Outposts\Rokurics-Windows\Rokurics\Rokurics.csproj”的文件“C:\Program Files\dotnet\sdk\10.0.300\Sdks\Microsoft.NET.Sdk\targets\Microsoft.NET.Sdk.Shared.targets”中的目标“_ComputePackageReferencePublish”(目标“ResolvePackageAssets”依赖于它):
     2>已完成在项目“Rokurics.csproj”中生成目标“_ComputePackageReferencePublish”的操作。
     2>来自项目“C:\Users\Vita\Vitemis\Outposts\Rokurics-Windows\Rokurics\Rokurics.csproj”的文件“C:\Program Files\dotnet\sdk\10.0.300\Sdks\Microsoft.NET.Sdk\targets\Microsoft.PackageDependencyResolution.targets”中的目标“ResolvePackageAssets”(目标“ResolveLockFileReferences”依赖于它):
       正在使用程序集“C:\Program Files\dotnet\sdk\10.0.300\Sdks\Microsoft.NET.Sdk\targets\..\tools\net10.0\Microsoft.NET.Build.Tasks.dll”中的“ResolvePackageAssets”任务。
       任务“ResolvePackageAssets”
     2>C:\Users\Vita\Vitemis\Outposts\Rokurics-Windows\Rokurics\Rokurics.csproj : warning NU1603: Rokurics 依赖于 Microsoft.WindowsAppSDK (>= 1.7.250310000)，但没有找到 Microsoft.WindowsAppSDK 1.7.250310000。已改为解析 Microsoft.WindowsAppSDK 1.7.250310001。
     2>C:\Users\Vita\Vitemis\Outposts\Rokurics-Windows\Rokurics\Rokurics.csproj : warning NU1903: 包 "System.Text.Json" 8.0.4 具有已知的 高 严重性漏洞，https://github.com/advisories/GHSA-8g4q-xg66-9fp4
       已完成执行任务“ResolvePackageAssets”的操作。
     2>已完成在项目“Rokurics.csproj”中生成目标“ResolvePackageAssets”的操作。
     2>来自项目“C:\Users\Vita\Vitemis\Outposts\Rokurics-Windows\Rokurics\Rokurics.csproj”的文件“C:\Users\Vita\.nuget\packages\microsoft.windowsappsdk\1.7.250310001\buildTransitive\Microsoft.WinUI.AppX.targets”中的目标“_UpdateMuiFilesAfterNugetRestore”(目标“ResolveLockFileReferences”依赖于它):
     2>已完成在项目“Rokurics.csproj”中生成目标“_UpdateMuiFilesAfterNugetRestore”的操作。
     2>来自项目“C:\Users\Vita\Vitemis\Outposts\Rokurics-Windows\Rokurics\Rokurics.csproj”的文件“C:\Program Files\dotnet\sdk\10.0.300\Sdks\Microsoft.NET.Sdk\targets\Microsoft.PackageDependencyResolution.targets”中的目标“ResolveLockFileReferences”(目标“ResolvePackageDependenciesForBuild”依赖于它):
       正在使用程序集“C:\Program Files\dotnet\sdk\10.0.300\Sdks\Microsoft.NET.Sdk\targets\..\tools\net10.0\Microsoft.NET.Build.Tasks.dll”中的“JoinItems”任务。
       任务“JoinItems”
       已完成执行任务“JoinItems”的操作。
     2>已完成在项目“Rokurics.csproj”中生成目标“ResolveLockFileReferences”的操作。
       已跳过目标“ResolvePackageAssets”。以前的生成已成功。
     2>来自项目“C:\Users\Vita\Vitemis\Outposts\Rokurics-Windows\Rokurics\Rokurics.csproj”的文件“C:\Program Files\dotnet\sdk\10.0.300\Sdks\Microsoft.NET.Sdk\targets\Microsoft.PackageDependencyResolution.targets”中的目标“ResolveLockFileAnalyzers”(目标“ResolvePackageDependenciesForBuild”依赖于它):
     2>已完成在项目“Rokurics.csproj”中生成目标“ResolveLockFileAnalyzers”的操作。
       已跳过目标“ResolvePackageAssets”。以前的生成已成功。
     2>来自项目“C:\Users\Vita\Vitemis\Outposts\Rokurics-Windows\Rokurics\Rokurics.csproj”的文件“C:\Program Files\dotnet\sdk\10.0.300\Sdks\Microsoft.NET.Sdk\targets\Microsoft.PackageDependencyResolution.targets”中的目标“ResolveLockFileCopyLocalFiles”(目标“ResolvePackageDependenciesForBuild”依赖于它):
     2>已完成在项目“Rokurics.csproj”中生成目标“ResolveLockFileCopyLocalFiles”的操作。
       已跳过目标“ProcessFrameworkReferences”。以前的生成已成功。
       已跳过目标“ResolvePackageAssets”。以前的生成已成功。
     2>来自项目“C:\Users\Vita\Vitemis\Outposts\Rokurics-Windows\Rokurics\Rokurics.csproj”的文件“C:\Program Files\dotnet\sdk\10.0.300\Sdks\Microsoft.NET.Sdk\targets\Microsoft.NET.Sdk.FrameworkReferenceResolution.targets”中的目标“ResolveFrameworkReferences”(目标“ResolveRuntimePackAssets”依赖于它):
       正在使用程序集“C:\Program Files\dotnet\sdk\10.0.300\Sdks\Microsoft.NET.Sdk\targets\..\tools\net10.0\Microsoft.NET.Build.Tasks.dll”中的“GetPackageDirectory”任务。
       任务“GetPackageDirectory”
       已完成执行任务“GetPackageDirectory”的操作。
       任务“GetPackageDirectory”
       已完成执行任务“GetPackageDirectory”的操作。
       任务“GetPackageDirectory”
       已完成执行任务“GetPackageDirectory”的操作。
       任务“GetPackageDirectory”
       已完成执行任务“GetPackageDirectory”的操作。
       任务“GetPackageDirectory”
       已完成执行任务“GetPackageDirectory”的操作。
       任务“GetPackageDirectory”
       已完成执行任务“GetPackageDirectory”的操作。
       任务“GetPackageDirectory”
       已完成执行任务“GetPackageDirectory”的操作。
       任务“GetPackageDirectory”
       已完成执行任务“GetPackageDirectory”的操作。
       任务“GetPackageDirectory”
       已完成执行任务“GetPackageDirectory”的操作。
       任务“GetPackageDirectory”
       已完成执行任务“GetPackageDirectory”的操作。
       正在使用程序集“C:\Program Files\dotnet\sdk\10.0.300\Sdks\Microsoft.NET.Sdk\targets\..\tools\net10.0\Microsoft.NET.Build.Tasks.dll”中的“ResolveFrameworkReferences”任务。
       任务“ResolveFrameworkReferences”
       已完成执行任务“ResolveFrameworkReferences”的操作。
     2>已完成在项目“Rokurics.csproj”中生成目标“ResolveFrameworkReferences”的操作。
     2>来自项目“C:\Users\Vita\Vitemis\Outposts\Rokurics-Windows\Rokurics\Rokurics.csproj”的文件“C:\Program Files\dotnet\sdk\10.0.300\Sdks\Microsoft.NET.Sdk\targets\Microsoft.NET.Sdk.FrameworkReferenceResolution.targets”中的目标“ResolveRuntimePackAssets”(目标“ResolvePackageDependenciesForBuild”依赖于它):
       正在使用程序集“C:\Program Files\dotnet\sdk\10.0.300\Sdks\Microsoft.NET.Sdk\targets\..\tools\net10.0\Microsoft.NET.Build.Tasks.dll”中的“ResolveRuntimePackAssets”任务。
       任务“ResolveRuntimePackAssets”
       已完成执行任务“ResolveRuntimePackAssets”的操作。
     2>已完成在项目“Rokurics.csproj”中生成目标“ResolveRuntimePackAssets”的操作。
       已跳过目标“ResolvePackageAssets”。以前的生成已成功。
     2>来自项目“C:\Users\Vita\Vitemis\Outposts\Rokurics-Windows\Rokurics\Rokurics.csproj”的文件“C:\Program Files\dotnet\sdk\10.0.300\Sdks\Microsoft.NET.Sdk\targets\Microsoft.PackageDependencyResolution.targets”中的目标“IncludeTransitiveProjectReferences”(目标“ResolvePackageDependenciesForBuild”依赖于它):
     2>已完成在项目“Rokurics.csproj”中生成目标“IncludeTransitiveProjectReferences”的操作。
     2>来自项目“C:\Users\Vita\Vitemis\Outposts\Rokurics-Windows\Rokurics\Rokurics.csproj”的文件“C:\Program Files\dotnet\sdk\10.0.300\Sdks\Microsoft.NET.Sdk\targets\Microsoft.PackageDependencyResolution.targets”中的目标“ResolvePackageDependenciesForBuild”(目标“AssignProjectConfiguration”依赖于它):
     2>已完成在项目“Rokurics.csproj”中生成目标“ResolvePackageDependenciesForBuild”的操作。
     2>来自项目“C:\Users\Vita\Vitemis\Outposts\Rokurics-Windows\Rokurics\Rokurics.csproj”的文件“C:\Users\Vita\.nuget\packages\communitytoolkit.mvvm\8.2.2\buildTransitive\netstandard2.1\CommunityToolkit.Mvvm.targets”中的目标“MVVMToolkitGatherAnalyzers”(目标“MVVMToolkitRemoveAnalyzersForRoslyn3”依赖于它):
     2>已完成在项目“Rokurics.csproj”中生成目标“MVVMToolkitGatherAnalyzers”的操作。
     2>来自项目“C:\Users\Vita\Vitemis\Outposts\Rokurics-Windows\Rokurics\Rokurics.csproj”的文件“C:\Users\Vita\.nuget\packages\communitytoolkit.mvvm\8.2.2\buildTransitive\netstandard2.1\CommunityToolkit.Mvvm.targets”中的目标“MVVMToolkitRemoveAnalyzersForRoslyn3”(目标“AssignProjectConfiguration”依赖于它):
       正在使用程序集“Microsoft.Build.Tasks.Core, Version=15.1.0.0, Culture=neutral, PublicKeyToken=b03f5f7f11d50a3a”中的“GetAssemblyIdentity”任务。
       任务“GetAssemblyIdentity”
       已完成执行任务“GetAssemblyIdentity”的操作。
     2>已完成在项目“Rokurics.csproj”中生成目标“MVVMToolkitRemoveAnalyzersForRoslyn3”的操作。
     2>来自项目“C:\Users\Vita\Vitemis\Outposts\Rokurics-Windows\Rokurics\Rokurics.csproj”的文件“C:\Program Files\dotnet\sdk\10.0.300\Microsoft.Common.CurrentVersion.targets”中的目标“AssignProjectConfiguration”(目标“ResolveReferences”依赖于它):
       正在使用程序集“Microsoft.Build.Tasks.Core, Version=15.1.0.0, Culture=neutral, PublicKeyToken=b03f5f7f11d50a3a”中的“AssignProjectConfiguration”任务。
       任务“AssignProjectConfiguration”
       已完成执行任务“AssignProjectConfiguration”的操作。
     2>已完成在项目“Rokurics.csproj”中生成目标“AssignProjectConfiguration”的操作。
       已跳过目标“AssignProjectConfiguration”。以前的生成已成功。
     2>来自项目“C:\Users\Vita\Vitemis\Outposts\Rokurics-Windows\Rokurics\Rokurics.csproj”的文件“C:\Program Files\dotnet\sdk\10.0.300\Microsoft.Common.CurrentVersion.targets”中的目标“_SplitProjectReferencesByFileExistence”(目标“PrepareProjectReferences”依赖于它):
     2>已完成在项目“Rokurics.csproj”中生成目标“_SplitProjectReferencesByFileExistence”的操作。
     2>来自项目“C:\Users\Vita\Vitemis\Outposts\Rokurics-Windows\Rokurics\Rokurics.csproj”的文件“C:\Program Files\dotnet\sdk\10.0.300\Microsoft.Common.CurrentVersion.targets”中的目标“_AddOutputPathToGlobalPropertiesToRemove”(目标“_GetProjectReferenceTargetFrameworkProperties”依赖于它):
     2>已完成在项目“Rokurics.csproj”中生成目标“_AddOutputPathToGlobalPropertiesToRemove”的操作。
     2>来自项目“C:\Users\Vita\Vitemis\Outposts\Rokurics-Windows\Rokurics\Rokurics.csproj”的文件“C:\Program Files\dotnet\sdk\10.0.300\Microsoft.Common.CurrentVersion.targets”中的目标“_GetProjectReferenceTargetFrameworkProperties”(目标“PrepareProjectReferences”依赖于它):
       正在使用程序集“Microsoft.Build.Tasks.Core, Version=15.1.0.0, Culture=neutral, PublicKeyToken=b03f5f7f11d50a3a”中的“MSBuild”任务。
       任务“MSBuild”
       已完成执行任务“MSBuild”的操作。
       正在使用程序集“Microsoft.Build.Tasks.Core, Version=15.1.0.0, Culture=neutral, PublicKeyToken=b03f5f7f11d50a3a”中的“SetRidAgnosticValueForProjects”任务。
       任务“SetRidAgnosticValueForProjects”
       已完成执行任务“SetRidAgnosticValueForProjects”的操作。
     2>已完成在项目“Rokurics.csproj”中生成目标“_GetProjectReferenceTargetFrameworkProperties”的操作。
     2>来自项目“C:\Users\Vita\Vitemis\Outposts\Rokurics-Windows\Rokurics\Rokurics.csproj”的文件“C:\Program Files\dotnet\sdk\10.0.300\Sdks\Microsoft.NET.Sdk\targets\Microsoft.NET.Sdk.targets”中的目标“_CalculateIsVSTestTestProject”(目标“ValidateExecutableReferences”依赖于它):
     2>已完成在项目“Rokurics.csproj”中生成目标“_CalculateIsVSTestTestProject”的操作。
     2>来自项目“C:\Users\Vita\Vitemis\Outposts\Rokurics-Windows\Rokurics\Rokurics.csproj”的文件“C:\Program Files\dotnet\sdk\10.0.300\Sdks\Microsoft.NET.Sdk\targets\Microsoft.NET.Sdk.targets”中的目标“ValidateExecutableReferences”(目标“PrepareProjectReferences”依赖于它):
       正在使用程序集“C:\Program Files\dotnet\sdk\10.0.300\Sdks\Microsoft.NET.Sdk\targets\..\tools\net10.0\Microsoft.NET.Build.Tasks.dll”中的“ValidateExecutableReferences”任务。
       任务“ValidateExecutableReferences”
       已完成执行任务“ValidateExecutableReferences”的操作。
     2>已完成在项目“Rokurics.csproj”中生成目标“ValidateExecutableReferences”的操作。
     2>来自项目“C:\Users\Vita\Vitemis\Outposts\Rokurics-Windows\Rokurics\Rokurics.csproj”的文件“C:\Program Files\dotnet\sdk\10.0.300\Microsoft.Common.CurrentVersion.targets”中的目标“PrepareProjectReferences”(目标“ResolveProjectReferences”依赖于它):
     2>已完成在项目“Rokurics.csproj”中生成目标“PrepareProjectReferences”的操作。
     2>来自项目“C:\Users\Vita\Vitemis\Outposts\Rokurics-Windows\Rokurics\Rokurics.csproj”的文件“C:\Program Files\dotnet\sdk\10.0.300\Microsoft.Common.CurrentVersion.targets”中的目标“ResolveProjectReferences”(目标“ResolveReferences”依赖于它):
     2>已完成在项目“Rokurics.csproj”中生成目标“ResolveProjectReferences”的操作。
     2>来自项目“C:\Users\Vita\Vitemis\Outposts\Rokurics-Windows\Rokurics\Rokurics.csproj”的文件“C:\Program Files\dotnet\sdk\10.0.300\Sdks\Microsoft.NET.Sdk\targets\Microsoft.NET.Windows.targets”中的目标“RemoveManagedWinRTComponentWinMDReferences”(目标“ResolveReferences”依赖于它):
     2>已完成在项目“Rokurics.csproj”中生成目标“RemoveManagedWinRTComponentWinMDReferences”的操作。
       已跳过目标“PrepareProjectReferences”。以前的生成已成功。
     2>来自项目“C:\Users\Vita\Vitemis\Outposts\Rokurics-Windows\Rokurics\Rokurics.csproj”的文件“C:\Program Files\dotnet\sdk\10.0.300\Microsoft.Common.CurrentVersion.targets”中的目标“GetReferenceTargetPlatformMonikers”(目标“FindInvalidProjectReferences”依赖于它):
       任务“MSBuild”
       已完成执行任务“MSBuild”的操作。
     2>已完成在项目“Rokurics.csproj”中生成目标“GetReferenceTargetPlatformMonikers”的操作。
     2>来自项目“C:\Users\Vita\Vitemis\Outposts\Rokurics-Windows\Rokurics\Rokurics.csproj”的文件“C:\Program Files\dotnet\sdk\10.0.300\Microsoft.Common.CurrentVersion.targets”中的目标“FindInvalidProjectReferences”(目标“ResolveReferences”依赖于它):
       正在使用程序集“Microsoft.Build.Tasks.Core, Version=15.1.0.0, Culture=neutral, PublicKeyToken=b03f5f7f11d50a3a”中的“FindInvalidProjectReferences”任务。
       任务“FindInvalidProjectReferences”
       已完成执行任务“FindInvalidProjectReferences”的操作。
     2>已完成在项目“Rokurics.csproj”中生成目标“FindInvalidProjectReferences”的操作。
       已跳过目标“ResolveProjectReferences”。以前的生成已成功。
       已跳过目标“FindInvalidProjectReferences”。以前的生成已成功。
       已跳过目标“GetFrameworkPaths”。以前的生成已成功。
       已跳过目标“GetReferenceAssemblyPaths”。以前的生成已成功。
       已跳过目标“PrepareForBuild”。以前的生成已成功。
     2>来自项目“C:\Users\Vita\Vitemis\Outposts\Rokurics-Windows\Rokurics\Rokurics.csproj”的文件“C:\Program Files\dotnet\sdk\10.0.300\Microsoft.Common.CurrentVersion.targets”中的目标“ResolveSDKReferences”(目标“ResolveAssemblyReferences”依赖于它):
     2>已完成在项目“Rokurics.csproj”中生成目标“ResolveSDKReferences”的操作。
       已跳过目标“ResolveSDKReferences”。以前的生成已成功。
     2>来自项目“C:\Users\Vita\Vitemis\Outposts\Rokurics-Windows\Rokurics\Rokurics.csproj”的文件“C:\Program Files\dotnet\sdk\10.0.300\Microsoft.Common.CurrentVersion.targets”中的目标“ExpandSDKReferences”(目标“ResolveAssemblyReferences”依赖于它):
     2>已完成在项目“Rokurics.csproj”中生成目标“ExpandSDKReferences”的操作。
       已跳过目标“ResolvePackageDependenciesForBuild”。以前的生成已成功。
       已跳过目标“GetFrameworkPaths”。以前的生成已成功。
       已跳过目标“GetReferenceAssemblyPaths”。以前的生成已成功。
       已跳过目标“ResolveFrameworkReferences”。以前的生成已成功。
     2>来自项目“C:\Users\Vita\Vitemis\Outposts\Rokurics-Windows\Rokurics\Rokurics.csproj”的文件“C:\Program Files\dotnet\sdk\10.0.300\Sdks\Microsoft.NET.Sdk\targets\Microsoft.NET.Sdk.FrameworkReferenceResolution.targets”中的目标“ResolveTargetingPackAssets”(目标“_HandlePackageFileConflicts”依赖于它):
       正在使用程序集“C:\Program Files\dotnet\sdk\10.0.300\Sdks\Microsoft.NET.Sdk\targets\..\tools\net10.0\Microsoft.NET.Build.Tasks.dll”中的“ResolveTargetingPackAssets”任务。
       任务“ResolveTargetingPackAssets”
       已完成执行任务“ResolveTargetingPackAssets”的操作。
     2>已完成在项目“Rokurics.csproj”中生成目标“ResolveTargetingPackAssets”的操作。
     2>来自项目“C:\Users\Vita\Vitemis\Outposts\Rokurics-Windows\Rokurics\Rokurics.csproj”的文件“C:\Program Files\dotnet\sdk\10.0.300\Sdks\Microsoft.NET.Sdk\targets\Microsoft.NET.Sdk.FrameworkReferenceResolution.targets”中的目标“ResolveOffByDefaultAnalyzers”(目标“_HandlePackageFileConflicts”依赖于它):
     2>已完成在项目“Rokurics.csproj”中生成目标“ResolveOffByDefaultAnalyzers”的操作。
     2>来自项目“C:\Users\Vita\Vitemis\Outposts\Rokurics-Windows\Rokurics\Rokurics.csproj”的文件“C:\Program Files\dotnet\sdk\10.0.300\Sdks\Microsoft.NET.Sdk\targets\Microsoft.NET.ConflictResolution.targets”中的目标“_HandlePackageFileConflicts”(目标“ResolveAssemblyReferences”依赖于它):
       正在使用程序集“C:\Program Files\dotnet\sdk\10.0.300\Sdks\Microsoft.NET.Sdk\targets\..\tools\net10.0\Microsoft.NET.Build.Tasks.dll”中的“ResolvePackageFileConflicts”任务。
       任务“ResolvePackageFileConflicts”
         “Reference:C:\Users\Vita\.nuget\packages\system.text.encodings.web\8.0.0\lib\net8.0\System.Text.Encodings.Web.dll”和“Reference:C:\Program Files\dotnet\packs\Microsoft.NETCore.App.Ref\8.0.27\ref/net8.0/System.Text.Encodings.Web.dll”之间存在冲突。 选择“Reference:C:\Program Files\dotnet\packs\Microsoft.NETCore.App.Ref\8.0.27\ref/net8.0/System.Text.Encodings.Web.dll”，因为文件版本“8.0.2726.22922”高于“8.0.23.53103”。
         “Reference:C:\Users\Vita\.nuget\packages\system.text.json\8.0.4\lib\net8.0\System.Text.Json.dll”和“Reference:C:\Program Files\dotnet\packs\Microsoft.NETCore.App.Ref\8.0.27\ref/net8.0/System.Text.Json.dll”之间存在冲突。 选择“Reference:C:\Program Files\dotnet\packs\Microsoft.NETCore.App.Ref\8.0.27\ref/net8.0/System.Text.Json.dll”，因为文件版本“8.0.2726.22922”高于“8.0.724.31311”。
         “Analyzer:C:\Users\Vita\.nuget\packages\system.text.json\8.0.4\analyzers\dotnet\roslyn4.4\cs\System.Text.Json.SourceGeneration.dll”和“Analyzer:C:\Program Files\dotnet\packs\Microsoft.NETCore.App.Ref\8.0.27\analyzers/dotnet/cs/System.Text.Json.SourceGeneration.dll”之间存在冲突。 选择“Analyzer:C:\Program Files\dotnet\packs\Microsoft.NETCore.App.Ref\8.0.27\analyzers/dotnet/cs/System.Text.Json.SourceGeneration.dll”，因为 AssemblyVersion“8.0.14.22922”高于“8.0.10.31311”。
         “Platform:System.Text.Encodings.Web.dll”和“CopyLocal:C:\Users\Vita\.nuget\packages\system.text.encodings.web\8.0.0\lib\net8.0\System.Text.Encodings.Web.dll”之间存在冲突。 选择“Platform:System.Text.Encodings.Web.dll”，因为文件版本“8.0.2726.22922”高于“8.0.23.53103”。
         “Platform:System.Text.Json.dll”和“CopyLocal:C:\Users\Vita\.nuget\packages\system.text.json\8.0.4\lib\net8.0\System.Text.Json.dll”之间存在冲突。 选择“Platform:System.Text.Json.dll”，因为文件版本“8.0.2726.22922”高于“8.0.724.31311”。
         “Platform:mscorlib.dll”和“Platform:mscorlib.dll”之间存在冲突。 文件和程序集版本相等，因此无法确定优胜者。
         “Platform:Microsoft.VisualBasic.dll”和“Platform:Microsoft.VisualBasic.dll”之间存在冲突。 文件和程序集版本相等，因此无法确定优胜者。
         “Platform:System.dll”和“Platform:System.dll”之间存在冲突。 文件和程序集版本相等，因此无法确定优胜者。
         “Platform:System.ComponentModel.DataAnnotations.dll”和“Platform:System.ComponentModel.DataAnnotations.dll”之间存在冲突。 文件和程序集版本相等，因此无法确定优胜者。
         “Platform:System.Configuration.dll”和“Platform:System.Configuration.dll”之间存在冲突。 文件和程序集版本相等，因此无法确定优胜者。
         “Platform:System.Core.dll”和“Platform:System.Core.dll”之间存在冲突。 文件和程序集版本相等，因此无法确定优胜者。
         “Platform:System.Data.dll”和“Platform:System.Data.dll”之间存在冲突。 文件和程序集版本相等，因此无法确定优胜者。
         “Platform:System.Drawing.dll”和“Platform:System.Drawing.dll”之间存在冲突。 文件和程序集版本相等，因此无法确定优胜者。
         “Platform:System.IO.Compression.FileSystem.dll”和“Platform:System.IO.Compression.FileSystem.dll”之间存在冲突。 文件和程序集版本相等，因此无法确定优胜者。
         “Platform:System.Net.dll”和“Platform:System.Net.dll”之间存在冲突。 文件和程序集版本相等，因此无法确定优胜者。
         “Platform:System.Numerics.dll”和“Platform:System.Numerics.dll”之间存在冲突。 文件和程序集版本相等，因此无法确定优胜者。
         “Platform:System.Runtime.Serialization.dll”和“Platform:System.Runtime.Serialization.dll”之间存在冲突。 文件和程序集版本相等，因此无法确定优胜者。
         “Platform:System.Security.dll”和“Platform:System.Security.dll”之间存在冲突。 文件和程序集版本相等，因此无法确定优胜者。
         “Platform:System.ServiceProcess.dll”和“Platform:System.ServiceProcess.dll”之间存在冲突。 文件和程序集版本相等，因此无法确定优胜者。
         “Platform:System.ServiceModel.Web.dll”和“Platform:System.ServiceModel.Web.dll”之间存在冲突。 文件和程序集版本相等，因此无法确定优胜者。
         “Platform:System.Transactions.dll”和“Platform:System.Transactions.dll”之间存在冲突。 文件和程序集版本相等，因此无法确定优胜者。
         “Platform:System.Web.dll”和“Platform:System.Web.dll”之间存在冲突。 文件和程序集版本相等，因此无法确定优胜者。
         “Platform:System.Windows.dll”和“Platform:System.Windows.dll”之间存在冲突。 文件和程序集版本相等，因此无法确定优胜者。
         “Platform:System.Xml.dll”和“Platform:System.Xml.dll”之间存在冲突。 文件和程序集版本相等，因此无法确定优胜者。
         “Platform:System.Xml.Serialization.dll”和“Platform:System.Xml.Serialization.dll”之间存在冲突。 文件和程序集版本相等，因此无法确定优胜者。
         “Platform:System.Xml.Linq.dll”和“Platform:System.Xml.Linq.dll”之间存在冲突。 文件和程序集版本相等，因此无法确定优胜者。
         “Platform:WindowsBase.dll”和“Platform:WindowsBase.dll”之间存在冲突。 文件和程序集版本相等，因此无法确定优胜者。
         “Platform:netstandard.dll”和“Platform:netstandard.dll”之间存在冲突。 文件和程序集版本相等，因此无法确定优胜者。
         “Platform:System.Private.CoreLib.dll”和“Platform:System.Private.CoreLib.dll”之间存在冲突。 文件和程序集版本相等，因此无法确定优胜者。
         “Platform:System.Private.DataContractSerialization.dll”和“Platform:System.Private.DataContractSerialization.dll”之间存在冲突。 文件和程序集版本相等，因此无法确定优胜者。
         “Platform:System.Private.Uri.dll”和“Platform:System.Private.Uri.dll”之间存在冲突。 文件和程序集版本相等，因此无法确定优胜者。
         “Platform:System.Private.Xml.dll”和“Platform:System.Private.Xml.dll”之间存在冲突。 文件和程序集版本相等，因此无法确定优胜者。
         “Platform:System.Private.Xml.Linq.dll”和“Platform:System.Private.Xml.Linq.dll”之间存在冲突。 文件和程序集版本相等，因此无法确定优胜者。
       已完成执行任务“ResolvePackageFileConflicts”的操作。
     2>已完成在项目“Rokurics.csproj”中生成目标“_HandlePackageFileConflicts”的操作。
       已跳过目标“ResolveTargetingPackAssets”。以前的生成已成功。
     2>来自项目“C:\Users\Vita\Vitemis\Outposts\Rokurics-Windows\Rokurics\Rokurics.csproj”的文件“C:\Program Files\dotnet\sdk\10.0.300\Microsoft.Common.CurrentVersion.targets”中的目标“ResolveAssemblyReferences”(目标“ResolveReferences”依赖于它):
       正在使用程序集“Microsoft.Build.Tasks.Core, Version=15.1.0.0, Culture=neutral, PublicKeyToken=b03f5f7f11d50a3a”中的“ResolveAssemblyReference”任务。
       任务“ResolveAssemblyReference”
         TargetFrameworkMoniker:
             .NETCoreApp,Version=v8.0
         TargetFrameworkMonikerDisplayName:
             .NET 8.0
         TargetedRuntimeVersion:
             
         Assemblies:
             C:\Users\Vita\.nuget\packages\microsoft.web.webview2\1.0.2903.40\buildTransitive\..\\lib_manual\net8.0-windows10.0.17763.0\Microsoft.Web.WebView2.Core.Projection.dll
             C:\Users\Vita\.nuget\packages\communitytoolkit.mvvm\8.2.2\lib\net6.0\CommunityToolkit.Mvvm.dll
                 Private =“false”
                 HintPath =“C:\Users\Vita\.nuget\packages\communitytoolkit.mvvm\8.2.2\lib\net6.0\CommunityToolkit.Mvvm.dll”
             C:\Users\Vita\.nuget\packages\microsoft.windowsappsdk\1.7.250310001\lib\net6.0-windows10.0.18362.0\Microsoft.InteractiveExperiences.Projection.dll
                 Private =“false”
                 HintPath =“C:\Users\Vita\.nuget\packages\microsoft.windowsappsdk\1.7.250310001\lib\net6.0-windows10.0.18362.0\Microsoft.InteractiveExperiences.Projection.dll”
             C:\Users\Vita\.nuget\packages\microsoft.windowsappsdk\1.7.250310001\lib\net6.0-windows10.0.18362.0\Microsoft.Security.Authentication.OAuth.Projection.dll
                 Private =“false”
                 HintPath =“C:\Users\Vita\.nuget\packages\microsoft.windowsappsdk\1.7.250310001\lib\net6.0-windows10.0.18362.0\Microsoft.Security.Authentication.OAuth.Projection.dll”
             C:\Users\Vita\.nuget\packages\microsoft.windowsappsdk\1.7.250310001\lib\net6.0-windows10.0.18362.0\Microsoft.WinUI.dll
                 Private =“false”
                 HintPath =“C:\Users\Vita\.nuget\packages\microsoft.windowsappsdk\1.7.250310001\lib\net6.0-windows10.0.18362.0\Microsoft.WinUI.dll”
             C:\Users\Vita\.nuget\packages\microsoft.windowsappsdk\1.7.250310001\lib\net6.0-windows10.0.18362.0\Microsoft.Windows.AppLifecycle.Projection.dll
                 Private =“false”
                 HintPath =“C:\Users\Vita\.nuget\packages\microsoft.windowsappsdk\1.7.250310001\lib\net6.0-windows10.0.18362.0\Microsoft.Windows.AppLifecycle.Projection.dll”
             C:\Users\Vita\.nuget\packages\microsoft.windowsappsdk\1.7.250310001\lib\net6.0-windows10.0.18362.0\Microsoft.Windows.AppNotifications.Builder.Projection.dll
                 Private =“false”
                 HintPath =“C:\Users\Vita\.nuget\packages\microsoft.windowsappsdk\1.7.250310001\lib\net6.0-windows10.0.18362.0\Microsoft.Windows.AppNotifications.Builder.Projection.dll”
             C:\Users\Vita\.nuget\packages\microsoft.windowsappsdk\1.7.250310001\lib\net6.0-windows10.0.18362.0\Microsoft.Windows.AppNotifications.Projection.dll
                 Private =“false”
                 HintPath =“C:\Users\Vita\.nuget\packages\microsoft.windowsappsdk\1.7.250310001\lib\net6.0-windows10.0.18362.0\Microsoft.Windows.AppNotifications.Projection.dll”
             C:\Users\Vita\.nuget\packages\microsoft.windowsappsdk\1.7.250310001\lib\net6.0-windows10.0.18362.0\Microsoft.Windows.ApplicationModel.Background.Projection.dll
                 Private =“false”
                 HintPath =“C:\Users\Vita\.nuget\packages\microsoft.windowsappsdk\1.7.250310001\lib\net6.0-windows10.0.18362.0\Microsoft.Windows.ApplicationModel.Background.Projection.dll”
             C:\Users\Vita\.nuget\packages\microsoft.windowsappsdk\1.7.250310001\lib\net6.0-windows10.0.18362.0\Microsoft.Windows.ApplicationModel.DynamicDependency.Projection.dll
                 Private =“false”
                 HintPath =“C:\Users\Vita\.nuget\packages\microsoft.windowsappsdk\1.7.250310001\lib\net6.0-windows10.0.18362.0\Microsoft.Windows.ApplicationModel.DynamicDependency.Projection.dll”
             C:\Users\Vita\.nuget\packages\microsoft.windowsappsdk\1.7.250310001\lib\net6.0-windows10.0.18362.0\Microsoft.Windows.ApplicationModel.Resources.Projection.dll
                 Private =“false”
                 HintPath =“C:\Users\Vita\.nuget\packages\microsoft.windowsappsdk\1.7.250310001\lib\net6.0-windows10.0.18362.0\Microsoft.Windows.ApplicationModel.Resources.Projection.dll”
             C:\Users\Vita\.nuget\packages\microsoft.windowsappsdk\1.7.250310001\lib\net6.0-windows10.0.18362.0\Microsoft.Windows.ApplicationModel.WindowsAppRuntime.Projection.dll
                 Private =“false”
                 HintPath =“C:\Users\Vita\.nuget\packages\microsoft.windowsappsdk\1.7.250310001\lib\net6.0-windows10.0.18362.0\Microsoft.Windows.ApplicationModel.WindowsAppRuntime.Projection.dll”
             C:\Users\Vita\.nuget\packages\microsoft.windowsappsdk\1.7.250310001\lib\net6.0-windows10.0.18362.0\Microsoft.Windows.BadgeNotifications.Projection.dll
                 Private =“false”
                 HintPath =“C:\Users\Vita\.nuget\packages\microsoft.windowsappsdk\1.7.250310001\lib\net6.0-windows10.0.18362.0\Microsoft.Windows.BadgeNotifications.Projection.dll”
             C:\Users\Vita\.nuget\packages\microsoft.windowsappsdk\1.7.250310001\lib\net6.0-windows10.0.18362.0\Microsoft.Windows.Management.Deployment.Projection.dll
                 Private =“false”
                 HintPath =“C:\Users\Vita\.nuget\packages\microsoft.windowsappsdk\1.7.250310001\lib\net6.0-windows10.0.18362.0\Microsoft.Windows.Management.Deployment.Projection.dll”
             C:\Users\Vita\.nuget\packages\microsoft.windowsappsdk\1.7.250310001\lib\net6.0-windows10.0.18362.0\Microsoft.Windows.Media.Capture.Projection.dll
                 Private =“false”
                 HintPath =“C:\Users\Vita\.nuget\packages\microsoft.windowsappsdk\1.7.250310001\lib\net6.0-windows10.0.18362.0\Microsoft.Windows.Media.Capture.Projection.dll”
             C:\Users\Vita\.nuget\packages\microsoft.windowsappsdk\1.7.250310001\lib\net6.0-windows10.0.18362.0\Microsoft.Windows.PushNotifications.Projection.dll
                 Private =“false”
                 HintPath =“C:\Users\Vita\.nuget\packages\microsoft.windowsappsdk\1.7.250310001\lib\net6.0-windows10.0.18362.0\Microsoft.Windows.PushNotifications.Projection.dll”
             C:\Users\Vita\.nuget\packages\microsoft.windowsappsdk\1.7.250310001\lib\net6.0-windows10.0.18362.0\Microsoft.Windows.Security.AccessControl.Projection.dll
                 Private =“false”
                 HintPath =“C:\Users\Vita\.nuget\packages\microsoft.windowsappsdk\1.7.250310001\lib\net6.0-windows10.0.18362.0\Microsoft.Windows.Security.AccessControl.Projection.dll”
             C:\Users\Vita\.nuget\packages\microsoft.windowsappsdk\1.7.250310001\lib\net6.0-windows10.0.18362.0\Microsoft.Windows.Storage.Projection.dll
                 Private =“false”
                 HintPath =“C:\Users\Vita\.nuget\packages\microsoft.windowsappsdk\1.7.250310001\lib\net6.0-windows10.0.18362.0\Microsoft.Windows.Storage.Projection.dll”
             C:\Users\Vita\.nuget\packages\microsoft.windowsappsdk\1.7.250310001\lib\net6.0-windows10.0.18362.0\Microsoft.Windows.System.Power.Projection.dll
                 Private =“false”
                 HintPath =“C:\Users\Vita\.nuget\packages\microsoft.windowsappsdk\1.7.250310001\lib\net6.0-windows10.0.18362.0\Microsoft.Windows.System.Power.Projection.dll”
             C:\Users\Vita\.nuget\packages\microsoft.windowsappsdk\1.7.250310001\lib\net6.0-windows10.0.18362.0\Microsoft.Windows.System.Projection.dll
                 Private =“false”
                 HintPath =“C:\Users\Vita\.nuget\packages\microsoft.windowsappsdk\1.7.250310001\lib\net6.0-windows10.0.18362.0\Microsoft.Windows.System.Projection.dll”
             C:\Users\Vita\.nuget\packages\microsoft.windowsappsdk\1.7.250310001\lib\net6.0-windows10.0.18362.0\Microsoft.Windows.Widgets.Projection.dll
                 Private =“false”
                 HintPath =“C:\Users\Vita\.nuget\packages\microsoft.windowsappsdk\1.7.250310001\lib\net6.0-windows10.0.18362.0\Microsoft.Windows.Widgets.Projection.dll”
             C:\Users\Vita\.nuget\packages\microsoft.windowsappsdk\1.7.250310001\lib\net6.0-windows10.0.18362.0\Microsoft.WindowsAppRuntime.Bootstrap.Net.dll
                 Private =“false”
                 HintPath =“C:\Users\Vita\.nuget\packages\microsoft.windowsappsdk\1.7.250310001\lib\net6.0-windows10.0.18362.0\Microsoft.WindowsAppRuntime.Bootstrap.Net.dll”
             C:\Users\Vita\.nuget\packages\system.security.permissions\8.0.0\lib\net8.0\System.Security.Permissions.dll
                 Private =“false”
                 HintPath =“C:\Users\Vita\.nuget\packages\system.security.permissions\8.0.0\lib\net8.0\System.Security.Permissions.dll”
             C:\Users\Vita\.nuget\packages\system.windows.extensions\8.0.0\lib\net8.0\System.Windows.Extensions.dll
                 Private =“false”
                 HintPath =“C:\Users\Vita\.nuget\packages\system.windows.extensions\8.0.0\lib\net8.0\System.Windows.Extensions.dll”
             C:\Program Files\dotnet\packs\Microsoft.NETCore.App.Ref\8.0.27\ref/net8.0/Microsoft.CSharp.dll
                 Private =“false”
             C:\Program Files\dotnet\packs\Microsoft.NETCore.App.Ref\8.0.27\ref/net8.0/Microsoft.VisualBasic.Core.dll
                 Private =“false”
             C:\Program Files\dotnet\packs\Microsoft.NETCore.App.Ref\8.0.27\ref/net8.0/Microsoft.VisualBasic.dll
                 Private =“false”
             C:\Program Files\dotnet\packs\Microsoft.NETCore.App.Ref\8.0.27\ref/net8.0/Microsoft.Win32.Primitives.dll
                 Private =“false”
             C:\Program Files\dotnet\packs\Microsoft.NETCore.App.Ref\8.0.27\ref/net8.0/Microsoft.Win32.Registry.dll
                 Private =“false”
             C:\Program Files\dotnet\packs\Microsoft.NETCore.App.Ref\8.0.27\ref/net8.0/System.AppContext.dll
                 Private =“false”
             C:\Program Files\dotnet\packs\Microsoft.NETCore.App.Ref\8.0.27\ref/net8.0/System.Buffers.dll
                 Private =“false”
             C:\Program Files\dotnet\packs\Microsoft.NETCore.App.Ref\8.0.27\ref/net8.0/System.Collections.Concurrent.dll
                 Private =“false”
             C:\Program Files\dotnet\packs\Microsoft.NETCore.App.Ref\8.0.27\ref/net8.0/System.Collections.Immutable.dll
                 Private =“false”
             C:\Program Files\dotnet\packs\Microsoft.NETCore.App.Ref\8.0.27\ref/net8.0/System.Collections.NonGeneric.dll
                 Private =“false”
             C:\Program Files\dotnet\packs\Microsoft.NETCore.App.Ref\8.0.27\ref/net8.0/System.Collections.Specialized.dll
                 Private =“false”
             C:\Program Files\dotnet\packs\Microsoft.NETCore.App.Ref\8.0.27\ref/net8.0/System.Collections.dll
                 Private =“false”
             C:\Program Files\dotnet\packs\Microsoft.NETCore.App.Ref\8.0.27\ref/net8.0/System.ComponentModel.Annotations.dll
                 Private =“false”
             C:\Program Files\dotnet\packs\Microsoft.NETCore.App.Ref\8.0.27\ref/net8.0/System.ComponentModel.DataAnnotations.dll
                 Private =“false”
             C:\Program Files\dotnet\packs\Microsoft.NETCore.App.Ref\8.0.27\ref/net8.0/System.ComponentModel.EventBasedAsync.dll
                 Private =“false”
             C:\Program Files\dotnet\packs\Microsoft.NETCore.App.Ref\8.0.27\ref/net8.0/System.ComponentModel.Primitives.dll
                 Private =“false”
             C:\Program Files\dotnet\packs\Microsoft.NETCore.App.Ref\8.0.27\ref/net8.0/System.ComponentModel.TypeConverter.dll
                 Private =“false”
             C:\Program Files\dotnet\packs\Microsoft.NETCore.App.Ref\8.0.27\ref/net8.0/System.ComponentModel.dll
                 Private =“false”
             C:\Program Files\dotnet\packs\Microsoft.NETCore.App.Ref\8.0.27\ref/net8.0/System.Configuration.dll
                 Private =“false”
             C:\Program Files\dotnet\packs\Microsoft.NETCore.App.Ref\8.0.27\ref/net8.0/System.Console.dll
                 Private =“false”
             C:\Program Files\dotnet\packs\Microsoft.NETCore.App.Ref\8.0.27\ref/net8.0/System.Core.dll
                 Private =“false”
             C:\Program Files\dotnet\packs\Microsoft.NETCore.App.Ref\8.0.27\ref/net8.0/System.Data.Common.dll
                 Private =“false”
             C:\Program Files\dotnet\packs\Microsoft.NETCore.App.Ref\8.0.27\ref/net8.0/System.Data.DataSetExtensions.dll
                 Private =“false”
             C:\Program Files\dotnet\packs\Microsoft.NETCore.App.Ref\8.0.27\ref/net8.0/System.Data.dll
                 Private =“false”
             C:\Program Files\dotnet\packs\Microsoft.NETCore.App.Ref\8.0.27\ref/net8.0/System.Diagnostics.Contracts.dll
                 Private =“false”
             C:\Program Files\dotnet\packs\Microsoft.NETCore.App.Ref\8.0.27\ref/net8.0/System.Diagnostics.Debug.dll
                 Private =“false”
             C:\Program Files\dotnet\packs\Microsoft.NETCore.App.Ref\8.0.27\ref/net8.0/System.Diagnostics.DiagnosticSource.dll
                 Private =“false”
             C:\Program Files\dotnet\packs\Microsoft.NETCore.App.Ref\8.0.27\ref/net8.0/System.Diagnostics.FileVersionInfo.dll
                 Private =“false”
             C:\Program Files\dotnet\packs\Microsoft.NETCore.App.Ref\8.0.27\ref/net8.0/System.Diagnostics.Process.dll
                 Private =“false”
             C:\Program Files\dotnet\packs\Microsoft.NETCore.App.Ref\8.0.27\ref/net8.0/System.Diagnostics.StackTrace.dll
                 Private =“false”
             C:\Program Files\dotnet\packs\Microsoft.NETCore.App.Ref\8.0.27\ref/net8.0/System.Diagnostics.TextWriterTraceListener.dll
                 Private =“false”
             C:\Program Files\dotnet\packs\Microsoft.NETCore.App.Ref\8.0.27\ref/net8.0/System.Diagnostics.Tools.dll
                 Private =“false”
             C:\Program Files\dotnet\packs\Microsoft.NETCore.App.Ref\8.0.27\ref/net8.0/System.Diagnostics.TraceSource.dll
                 Private =“false”
             C:\Program Files\dotnet\packs\Microsoft.NETCore.App.Ref\8.0.27\ref/net8.0/System.Diagnostics.Tracing.dll
                 Private =“false”
             C:\Program Files\dotnet\packs\Microsoft.NETCore.App.Ref\8.0.27\ref/net8.0/System.Drawing.Primitives.dll
                 Private =“false”
             C:\Program Files\dotnet\packs\Microsoft.NETCore.App.Ref\8.0.27\ref/net8.0/System.Drawing.dll
                 Private =“false”
             C:\Program Files\dotnet\packs\Microsoft.NETCore.App.Ref\8.0.27\ref/net8.0/System.Dynamic.Runtime.dll
                 Private =“false”
             C:\Program Files\dotnet\packs\Microsoft.NETCore.App.Ref\8.0.27\ref/net8.0/System.Formats.Asn1.dll
                 Private =“false”
             C:\Program Files\dotnet\packs\Microsoft.NETCore.App.Ref\8.0.27\ref/net8.0/System.Formats.Tar.dll
                 Private =“false”
             C:\Program Files\dotnet\packs\Microsoft.NETCore.App.Ref\8.0.27\ref/net8.0/System.Globalization.Calendars.dll
                 Private =“false”
             C:\Program Files\dotnet\packs\Microsoft.NETCore.App.Ref\8.0.27\ref/net8.0/System.Globalization.Extensions.dll
                 Private =“false”
             C:\Program Files\dotnet\packs\Microsoft.NETCore.App.Ref\8.0.27\ref/net8.0/System.Globalization.dll
                 Private =“false”
             C:\Program Files\dotnet\packs\Microsoft.NETCore.App.Ref\8.0.27\ref/net8.0/System.IO.Compression.Brotli.dll
                 Private =“false”
             C:\Program Files\dotnet\packs\Microsoft.NETCore.App.Ref\8.0.27\ref/net8.0/System.IO.Compression.FileSystem.dll
                 Private =“false”
             C:\Program Files\dotnet\packs\Microsoft.NETCore.App.Ref\8.0.27\ref/net8.0/System.IO.Compression.ZipFile.dll
                 Private =“false”
             C:\Program Files\dotnet\packs\Microsoft.NETCore.App.Ref\8.0.27\ref/net8.0/System.IO.Compression.dll
                 Private =“false”
             C:\Program Files\dotnet\packs\Microsoft.NETCore.App.Ref\8.0.27\ref/net8.0/System.IO.FileSystem.AccessControl.dll
                 Private =“false”
             C:\Program Files\dotnet\packs\Microsoft.NETCore.App.Ref\8.0.27\ref/net8.0/System.IO.FileSystem.DriveInfo.dll
                 Private =“false”
             C:\Program Files\dotnet\packs\Microsoft.NETCore.App.Ref\8.0.27\ref/net8.0/System.IO.FileSystem.Primitives.dll
                 Private =“false”
             C:\Program Files\dotnet\packs\Microsoft.NETCore.App.Ref\8.0.27\ref/net8.0/System.IO.FileSystem.Watcher.dll
                 Private =“false”
             C:\Program Files\dotnet\packs\Microsoft.NETCore.App.Ref\8.0.27\ref/net8.0/System.IO.FileSystem.dll
                 Private =“false”
             C:\Program Files\dotnet\packs\Microsoft.NETCore.App.Ref\8.0.27\ref/net8.0/System.IO.IsolatedStorage.dll
                 Private =“false”
             C:\Program Files\dotnet\packs\Microsoft.NETCore.App.Ref\8.0.27\ref/net8.0/System.IO.MemoryMappedFiles.dll
                 Private =“false”
             C:\Program Files\dotnet\packs\Microsoft.NETCore.App.Ref\8.0.27\ref/net8.0/System.IO.Pipes.AccessControl.dll
                 Private =“false”
             C:\Program Files\dotnet\packs\Microsoft.NETCore.App.Ref\8.0.27\ref/net8.0/System.IO.Pipes.dll
                 Private =“false”
             C:\Program Files\dotnet\packs\Microsoft.NETCore.App.Ref\8.0.27\ref/net8.0/System.IO.UnmanagedMemoryStream.dll
                 Private =“false”
             C:\Program Files\dotnet\packs\Microsoft.NETCore.App.Ref\8.0.27\ref/net8.0/System.IO.dll
                 Private =“false”
             C:\Program Files\dotnet\packs\Microsoft.NETCore.App.Ref\8.0.27\ref/net8.0/System.Linq.Expressions.dll
                 Private =“false”
             C:\Program Files\dotnet\packs\Microsoft.NETCore.App.Ref\8.0.27\ref/net8.0/System.Linq.Parallel.dll
                 Private =“false”
             C:\Program Files\dotnet\packs\Microsoft.NETCore.App.Ref\8.0.27\ref/net8.0/System.Linq.Queryable.dll
                 Private =“false”
             C:\Program Files\dotnet\packs\Microsoft.NETCore.App.Ref\8.0.27\ref/net8.0/System.Linq.dll
                 Private =“false”
             C:\Program Files\dotnet\packs\Microsoft.NETCore.App.Ref\8.0.27\ref/net8.0/System.Memory.dll
                 Private =“false”
             C:\Program Files\dotnet\packs\Microsoft.NETCore.App.Ref\8.0.27\ref/net8.0/System.Net.Http.Json.dll
                 Private =“false”
             C:\Program Files\dotnet\packs\Microsoft.NETCore.App.Ref\8.0.27\ref/net8.0/System.Net.Http.dll
                 Private =“false”
             C:\Program Files\dotnet\packs\Microsoft.NETCore.App.Ref\8.0.27\ref/net8.0/System.Net.HttpListener.dll
                 Private =“false”
             C:\Program Files\dotnet\packs\Microsoft.NETCore.App.Ref\8.0.27\ref/net8.0/System.Net.Mail.dll
                 Private =“false”
             C:\Program Files\dotnet\packs\Microsoft.NETCore.App.Ref\8.0.27\ref/net8.0/System.Net.NameResolution.dll
                 Private =“false”
             C:\Program Files\dotnet\packs\Microsoft.NETCore.App.Ref\8.0.27\ref/net8.0/System.Net.NetworkInformation.dll
                 Private =“false”
             C:\Program Files\dotnet\packs\Microsoft.NETCore.App.Ref\8.0.27\ref/net8.0/System.Net.Ping.dll
                 Private =“false”
             C:\Program Files\dotnet\packs\Microsoft.NETCore.App.Ref\8.0.27\ref/net8.0/System.Net.Primitives.dll
                 Private =“false”
             C:\Program Files\dotnet\packs\Microsoft.NETCore.App.Ref\8.0.27\ref/net8.0/System.Net.Quic.dll
                 Private =“false”
             C:\Program Files\dotnet\packs\Microsoft.NETCore.App.Ref\8.0.27\ref/net8.0/System.Net.Requests.dll
                 Private =“false”
             C:\Program Files\dotnet\packs\Microsoft.NETCore.App.Ref\8.0.27\ref/net8.0/System.Net.Security.dll
                 Private =“false”
             C:\Program Files\dotnet\packs\Microsoft.NETCore.App.Ref\8.0.27\ref/net8.0/System.Net.ServicePoint.dll
                 Private =“false”
             C:\Program Files\dotnet\packs\Microsoft.NETCore.App.Ref\8.0.27\ref/net8.0/System.Net.Sockets.dll
                 Private =“false”
             C:\Program Files\dotnet\packs\Microsoft.NETCore.App.Ref\8.0.27\ref/net8.0/System.Net.WebClient.dll
                 Private =“false”
             C:\Program Files\dotnet\packs\Microsoft.NETCore.App.Ref\8.0.27\ref/net8.0/System.Net.WebHeaderCollection.dll
                 Private =“false”
             C:\Program Files\dotnet\packs\Microsoft.NETCore.App.Ref\8.0.27\ref/net8.0/System.Net.WebProxy.dll
                 Private =“false”
             C:\Program Files\dotnet\packs\Microsoft.NETCore.App.Ref\8.0.27\ref/net8.0/System.Net.WebSockets.Client.dll
                 Private =“false”
             C:\Program Files\dotnet\packs\Microsoft.NETCore.App.Ref\8.0.27\ref/net8.0/System.Net.WebSockets.dll
                 Private =“false”
             C:\Program Files\dotnet\packs\Microsoft.NETCore.App.Ref\8.0.27\ref/net8.0/System.Net.dll
                 Private =“false”
             C:\Program Files\dotnet\packs\Microsoft.NETCore.App.Ref\8.0.27\ref/net8.0/System.Numerics.Vectors.dll
                 Private =“false”
             C:\Program Files\dotnet\packs\Microsoft.NETCore.App.Ref\8.0.27\ref/net8.0/System.Numerics.dll
                 Private =“false”
             C:\Program Files\dotnet\packs\Microsoft.NETCore.App.Ref\8.0.27\ref/net8.0/System.ObjectModel.dll
                 Private =“false”
             C:\Program Files\dotnet\packs\Microsoft.NETCore.App.Ref\8.0.27\ref/net8.0/System.Reflection.DispatchProxy.dll
                 Private =“false”
             C:\Program Files\dotnet\packs\Microsoft.NETCore.App.Ref\8.0.27\ref/net8.0/System.Reflection.Emit.ILGeneration.dll
                 Private =“false”
             C:\Program Files\dotnet\packs\Microsoft.NETCore.App.Ref\8.0.27\ref/net8.0/System.Reflection.Emit.Lightweight.dll
                 Private =“false”
             C:\Program Files\dotnet\packs\Microsoft.NETCore.App.Ref\8.0.27\ref/net8.0/System.Reflection.Emit.dll
                 Private =“false”
             C:\Program Files\dotnet\packs\Microsoft.NETCore.App.Ref\8.0.27\ref/net8.0/System.Reflection.Extensions.dll
                 Private =“false”
             C:\Program Files\dotnet\packs\Microsoft.NETCore.App.Ref\8.0.27\ref/net8.0/System.Reflection.Metadata.dll
                 Private =“false”
             C:\Program Files\dotnet\packs\Microsoft.NETCore.App.Ref\8.0.27\ref/net8.0/System.Reflection.Primitives.dll
                 Private =“false”
             C:\Program Files\dotnet\packs\Microsoft.NETCore.App.Ref\8.0.27\ref/net8.0/System.Reflection.TypeExtensions.dll
                 Private =“false”
             C:\Program Files\dotnet\packs\Microsoft.NETCore.App.Ref\8.0.27\ref/net8.0/System.Reflection.dll
                 Private =“false”
             C:\Program Files\dotnet\packs\Microsoft.NETCore.App.Ref\8.0.27\ref/net8.0/System.Resources.Reader.dll
                 Private =“false”
             C:\Program Files\dotnet\packs\Microsoft.NETCore.App.Ref\8.0.27\ref/net8.0/System.Resources.ResourceManager.dll
                 Private =“false”
             C:\Program Files\dotnet\packs\Microsoft.NETCore.App.Ref\8.0.27\ref/net8.0/System.Resources.Writer.dll
                 Private =“false”
             C:\Program Files\dotnet\packs\Microsoft.NETCore.App.Ref\8.0.27\ref/net8.0/System.Runtime.CompilerServices.Unsafe.dll
                 Private =“false”
             C:\Program Files\dotnet\packs\Microsoft.NETCore.App.Ref\8.0.27\ref/net8.0/System.Runtime.CompilerServices.VisualC.dll
                 Private =“false”
             C:\Program Files\dotnet\packs\Microsoft.NETCore.App.Ref\8.0.27\ref/net8.0/System.Runtime.Extensions.dll
                 Private =“false”
             C:\Program Files\dotnet\packs\Microsoft.NETCore.App.Ref\8.0.27\ref/net8.0/System.Runtime.Handles.dll
                 Private =“false”
             C:\Program Files\dotnet\packs\Microsoft.NETCore.App.Ref\8.0.27\ref/net8.0/System.Runtime.InteropServices.JavaScript.dll
                 Private =“false”
             C:\Program Files\dotnet\packs\Microsoft.NETCore.App.Ref\8.0.27\ref/net8.0/System.Runtime.InteropServices.RuntimeInformation.dll
                 Private =“false”
             C:\Program Files\dotnet\packs\Microsoft.NETCore.App.Ref\8.0.27\ref/net8.0/System.Runtime.InteropServices.dll
                 Private =“false”
             C:\Program Files\dotnet\packs\Microsoft.NETCore.App.Ref\8.0.27\ref/net8.0/System.Runtime.Intrinsics.dll
                 Private =“false”
             C:\Program Files\dotnet\packs\Microsoft.NETCore.App.Ref\8.0.27\ref/net8.0/System.Runtime.Loader.dll
                 Private =“false”
             C:\Program Files\dotnet\packs\Microsoft.NETCore.App.Ref\8.0.27\ref/net8.0/System.Runtime.Numerics.dll
                 Private =“false”
             C:\Program Files\dotnet\packs\Microsoft.NETCore.App.Ref\8.0.27\ref/net8.0/System.Runtime.Serialization.Formatters.dll
                 Private =“false”
             C:\Program Files\dotnet\packs\Microsoft.NETCore.App.Ref\8.0.27\ref/net8.0/System.Runtime.Serialization.Json.dll
                 Private =“false”
             C:\Program Files\dotnet\packs\Microsoft.NETCore.App.Ref\8.0.27\ref/net8.0/System.Runtime.Serialization.Primitives.dll
                 Private =“false”
             C:\Program Files\dotnet\packs\Microsoft.NETCore.App.Ref\8.0.27\ref/net8.0/System.Runtime.Serialization.Xml.dll
                 Private =“false”
             C:\Program Files\dotnet\packs\Microsoft.NETCore.App.Ref\8.0.27\ref/net8.0/System.Runtime.Serialization.dll
                 Private =“false”
             C:\Program Files\dotnet\packs\Microsoft.NETCore.App.Ref\8.0.27\ref/net8.0/System.Runtime.dll
                 Private =“false”
             C:\Program Files\dotnet\packs\Microsoft.NETCore.App.Ref\8.0.27\ref/net8.0/System.Security.AccessControl.dll
                 Private =“false”
             C:\Program Files\dotnet\packs\Microsoft.NETCore.App.Ref\8.0.27\ref/net8.0/System.Security.Claims.dll
                 Private =“false”
             C:\Program Files\dotnet\packs\Microsoft.NETCore.App.Ref\8.0.27\ref/net8.0/System.Security.Cryptography.Algorithms.dll
                 Private =“false”
             C:\Program Files\dotnet\packs\Microsoft.NETCore.App.Ref\8.0.27\ref/net8.0/System.Security.Cryptography.Cng.dll
                 Private =“false”
             C:\Program Files\dotnet\packs\Microsoft.NETCore.App.Ref\8.0.27\ref/net8.0/System.Security.Cryptography.Csp.dll
                 Private =“false”
             C:\Program Files\dotnet\packs\Microsoft.NETCore.App.Ref\8.0.27\ref/net8.0/System.Security.Cryptography.Encoding.dll
                 Private =“false”
             C:\Program Files\dotnet\packs\Microsoft.NETCore.App.Ref\8.0.27\ref/net8.0/System.Security.Cryptography.OpenSsl.dll
                 Private =“false”
             C:\Program Files\dotnet\packs\Microsoft.NETCore.App.Ref\8.0.27\ref/net8.0/System.Security.Cryptography.Primitives.dll
                 Private =“false”
             C:\Program Files\dotnet\packs\Microsoft.NETCore.App.Ref\8.0.27\ref/net8.0/System.Security.Cryptography.X509Certificates.dll
                 Private =“false”
             C:\Program Files\dotnet\packs\Microsoft.NETCore.App.Ref\8.0.27\ref/net8.0/System.Security.Cryptography.dll
                 Private =“false”
             C:\Program Files\dotnet\packs\Microsoft.NETCore.App.Ref\8.0.27\ref/net8.0/System.Security.Principal.Windows.dll
                 Private =“false”
             C:\Program Files\dotnet\packs\Microsoft.NETCore.App.Ref\8.0.27\ref/net8.0/System.Security.Principal.dll
                 Private =“false”
             C:\Program Files\dotnet\packs\Microsoft.NETCore.App.Ref\8.0.27\ref/net8.0/System.Security.SecureString.dll
                 Private =“false”
             C:\Program Files\dotnet\packs\Microsoft.NETCore.App.Ref\8.0.27\ref/net8.0/System.Security.dll
                 Private =“false”
             C:\Program Files\dotnet\packs\Microsoft.NETCore.App.Ref\8.0.27\ref/net8.0/System.ServiceModel.Web.dll
                 Private =“false”
             C:\Program Files\dotnet\packs\Microsoft.NETCore.App.Ref\8.0.27\ref/net8.0/System.ServiceProcess.dll
                 Private =“false”
             C:\Program Files\dotnet\packs\Microsoft.NETCore.App.Ref\8.0.27\ref/net8.0/System.Text.Encoding.CodePages.dll
                 Private =“false”
             C:\Program Files\dotnet\packs\Microsoft.NETCore.App.Ref\8.0.27\ref/net8.0/System.Text.Encoding.Extensions.dll
                 Private =“false”
             C:\Program Files\dotnet\packs\Microsoft.NETCore.App.Ref\8.0.27\ref/net8.0/System.Text.Encoding.dll
                 Private =“false”
             C:\Program Files\dotnet\packs\Microsoft.NETCore.App.Ref\8.0.27\ref/net8.0/System.Text.Encodings.Web.dll
                 Private =“false”
             C:\Program Files\dotnet\packs\Microsoft.NETCore.App.Ref\8.0.27\ref/net8.0/System.Text.Json.dll
                 Private =“false”
             C:\Program Files\dotnet\packs\Microsoft.NETCore.App.Ref\8.0.27\ref/net8.0/System.Text.RegularExpressions.dll
                 Private =“false”
             C:\Program Files\dotnet\packs\Microsoft.NETCore.App.Ref\8.0.27\ref/net8.0/System.Threading.Channels.dll
                 Private =“false”
             C:\Program Files\dotnet\packs\Microsoft.NETCore.App.Ref\8.0.27\ref/net8.0/System.Threading.Overlapped.dll
                 Private =“false”
             C:\Program Files\dotnet\packs\Microsoft.NETCore.App.Ref\8.0.27\ref/net8.0/System.Threading.Tasks.Dataflow.dll
                 Private =“false”
             C:\Program Files\dotnet\packs\Microsoft.NETCore.App.Ref\8.0.27\ref/net8.0/System.Threading.Tasks.Extensions.dll
                 Private =“false”
             C:\Program Files\dotnet\packs\Microsoft.NETCore.App.Ref\8.0.27\ref/net8.0/System.Threading.Tasks.Parallel.dll
                 Private =“false”
             C:\Program Files\dotnet\packs\Microsoft.NETCore.App.Ref\8.0.27\ref/net8.0/System.Threading.Tasks.dll
                 Private =“false”
             C:\Program Files\dotnet\packs\Microsoft.NETCore.App.Ref\8.0.27\ref/net8.0/System.Threading.Thread.dll
                 Private =“false”
             C:\Program Files\dotnet\packs\Microsoft.NETCore.App.Ref\8.0.27\ref/net8.0/System.Threading.ThreadPool.dll
                 Private =“false”
             C:\Program Files\dotnet\packs\Microsoft.NETCore.App.Ref\8.0.27\ref/net8.0/System.Threading.Timer.dll
                 Private =“false”
             C:\Program Files\dotnet\packs\Microsoft.NETCore.App.Ref\8.0.27\ref/net8.0/System.Threading.dll
                 Private =“false”
             C:\Program Files\dotnet\packs\Microsoft.NETCore.App.Ref\8.0.27\ref/net8.0/System.Transactions.Local.dll
                 Private =“false”
             C:\Program Files\dotnet\packs\Microsoft.NETCore.App.Ref\8.0.27\ref/net8.0/System.Transactions.dll
                 Private =“false”
             C:\Program Files\dotnet\packs\Microsoft.NETCore.App.Ref\8.0.27\ref/net8.0/System.ValueTuple.dll
                 Private =“false”
             C:\Program Files\dotnet\packs\Microsoft.NETCore.App.Ref\8.0.27\ref/net8.0/System.Web.HttpUtility.dll
                 Private =“false”
             C:\Program Files\dotnet\packs\Microsoft.NETCore.App.Ref\8.0.27\ref/net8.0/System.Web.dll
                 Private =“false”
             C:\Program Files\dotnet\packs\Microsoft.NETCore.App.Ref\8.0.27\ref/net8.0/System.Windows.dll
                 Private =“false”
             C:\Program Files\dotnet\packs\Microsoft.NETCore.App.Ref\8.0.27\ref/net8.0/System.Xml.Linq.dll
                 Private =“false”
             C:\Program Files\dotnet\packs\Microsoft.NETCore.App.Ref\8.0.27\ref/net8.0/System.Xml.ReaderWriter.dll
                 Private =“false”
             C:\Program Files\dotnet\packs\Microsoft.NETCore.App.Ref\8.0.27\ref/net8.0/System.Xml.Serialization.dll
                 Private =“false”
             C:\Program Files\dotnet\packs\Microsoft.NETCore.App.Ref\8.0.27\ref/net8.0/System.Xml.XDocument.dll
                 Private =“false”
             C:\Program Files\dotnet\packs\Microsoft.NETCore.App.Ref\8.0.27\ref/net8.0/System.Xml.XPath.XDocument.dll
                 Private =“false”
             C:\Program Files\dotnet\packs\Microsoft.NETCore.App.Ref\8.0.27\ref/net8.0/System.Xml.XPath.dll
                 Private =“false”
             C:\Program Files\dotnet\packs\Microsoft.NETCore.App.Ref\8.0.27\ref/net8.0/System.Xml.XmlDocument.dll
                 Private =“false”
             C:\Program Files\dotnet\packs\Microsoft.NETCore.App.Ref\8.0.27\ref/net8.0/System.Xml.XmlSerializer.dll
                 Private =“false”
             C:\Program Files\dotnet\packs\Microsoft.NETCore.App.Ref\8.0.27\ref/net8.0/System.Xml.dll
                 Private =“false”
             C:\Program Files\dotnet\packs\Microsoft.NETCore.App.Ref\8.0.27\ref/net8.0/System.dll
                 Private =“false”
             C:\Program Files\dotnet\packs\Microsoft.NETCore.App.Ref\8.0.27\ref/net8.0/WindowsBase.dll
                 Private =“false”
             C:\Program Files\dotnet\packs\Microsoft.NETCore.App.Ref\8.0.27\ref/net8.0/mscorlib.dll
                 Private =“false”
             C:\Program Files\dotnet\packs\Microsoft.NETCore.App.Ref\8.0.27\ref/net8.0/netstandard.dll
                 Private =“false”
             C:\Users\Vita\.nuget\packages\microsoft.windows.sdk.net.ref\10.0.19041.57\lib/net8.0/Microsoft.Windows.SDK.NET.dll
                 Private =“false”
             C:\Users\Vita\.nuget\packages\microsoft.windows.sdk.net.ref\10.0.19041.57\lib/net8.0/WinRT.Runtime.dll
                 Private =“false”
         AssemblyFiles:
         CandidateAssemblyFiles:
         TargetFrameworkDirectories:
             
         NonCultureResourceDirectories:
             
         InstalledAssemblyTables:
         IgnoreInstalledAssemblyTable:
             False
         SearchPaths:
             {CandidateAssemblyFiles}
             {HintPathFromItem}
             {TargetFrameworkDirectory}
             {RawFileName}
         AllowedAssemblyExtensions:
             .winmd
             .dll
             .exe
         AllowedRelatedFileExtensions:
             .pdb
             .xml
             .pri
             .dll.config
             .exe.config
         AppConfigFile:
             
         AutoUnify:
             True
         EnableCustomCulture:
             False
         EnableCustomCulture:
             False
         CopyLocalDependenciesWhenParentReferenceInGac:
             True
         FindDependencies:
             True
         TargetProcessorArchitecture:
             ARM64
         StateFile:
             obj\ARM64\Debug\net8.0-windows10.0.19041.0\win-arm64\Rokurics.csproj.AssemblyReference.cache
         InstalledAssemblySubsetTables:
         IgnoreInstalledAssemblySubsetTable:
             False
         TargetFrameworkSubsets:
         FullTargetFrameworkSubsetNames:
             Full
         ProfileName:
             
         FullFrameworkFolders:
         LatestTargetFrameworkDirectories:
         ProfileTablesLocation:
         主引用“Microsoft.Web.WebView2.Core.Projection, Version=1.0.2903.40, Culture=neutral, PublicKeyToken=2a8ab48044d2601e”。
             解析的文件路径为“C:\Users\Vita\.nuget\packages\microsoft.web.webview2\1.0.2903.40\lib_manual\net8.0-windows10.0.17763.0\Microsoft.Web.WebView2.Core.Projection.dll”。
             在搜索路径位置“{RawFileName}”找到引用。
         主引用“CommunityToolkit.Mvvm, Version=8.2.0.0, Culture=neutral, PublicKeyToken=4aff67a105548ee2”。
             解析的文件路径为“C:\Users\Vita\.nuget\packages\communitytoolkit.mvvm\8.2.2\lib\net6.0\CommunityToolkit.Mvvm.dll”。
             在搜索路径位置“{HintPathFromItem}”找到引用。
             找到相关文件“C:\Users\Vita\.nuget\packages\communitytoolkit.mvvm\8.2.2\lib\net6.0\CommunityToolkit.Mvvm.pdb”。
             找到相关文件“C:\Users\Vita\.nuget\packages\communitytoolkit.mvvm\8.2.2\lib\net6.0\CommunityToolkit.Mvvm.xml”。
             此引用不是“CopyLocal”，因为至少有一个源项将“Private”设置为“false”，而没有源项将“Private”设置为“true”。
         主引用“Microsoft.InteractiveExperiences.Projection, Version=10.0.0.0, Culture=neutral, PublicKeyToken=31bf3856ad364e35”。
             解析的文件路径为“C:\Users\Vita\.nuget\packages\microsoft.windowsappsdk\1.7.250310001\lib\net6.0-windows10.0.18362.0\Microsoft.InteractiveExperiences.Projection.dll”。
             在搜索路径位置“{HintPathFromItem}”找到引用。
             找到相关文件“C:\Users\Vita\.nuget\packages\microsoft.windowsappsdk\1.7.250310001\lib\net6.0-windows10.0.18362.0\Microsoft.InteractiveExperiences.Projection.xml”。
             此引用不是“CopyLocal”，因为至少有一个源项将“Private”设置为“false”，而没有源项将“Private”设置为“true”。
         主引用“Microsoft.Security.Authentication.OAuth.Projection, Version=1.7.0.0, Culture=neutral, PublicKeyToken=61733769cca94f40”。
             解析的文件路径为“C:\Users\Vita\.nuget\packages\microsoft.windowsappsdk\1.7.250310001\lib\net6.0-windows10.0.18362.0\Microsoft.Security.Authentication.OAuth.Projection.dll”。
             在搜索路径位置“{HintPathFromItem}”找到引用。
             此引用不是“CopyLocal”，因为至少有一个源项将“Private”设置为“false”，而没有源项将“Private”设置为“true”。
         主引用“Microsoft.WinUI, Version=3.0.0.0, Culture=neutral, PublicKeyToken=de31ebe4ad15742b”。
             解析的文件路径为“C:\Users\Vita\.nuget\packages\microsoft.windowsappsdk\1.7.250310001\lib\net6.0-windows10.0.18362.0\Microsoft.WinUI.dll”。
             在搜索路径位置“{HintPathFromItem}”找到引用。
             找到相关文件“C:\Users\Vita\.nuget\packages\microsoft.windowsappsdk\1.7.250310001\lib\net6.0-windows10.0.18362.0\Microsoft.WinUI.xml”。
             此引用不是“CopyLocal”，因为至少有一个源项将“Private”设置为“false”，而没有源项将“Private”设置为“true”。
         主引用“Microsoft.Windows.AppLifecycle.Projection, Version=1.7.0.0, Culture=neutral, PublicKeyToken=61733769cca94f40”。
             解析的文件路径为“C:\Users\Vita\.nuget\packages\microsoft.windowsappsdk\1.7.250310001\lib\net6.0-windows10.0.18362.0\Microsoft.Windows.AppLifecycle.Projection.dll”。
             在搜索路径位置“{HintPathFromItem}”找到引用。
             找到相关文件“C:\Users\Vita\.nuget\packages\microsoft.windowsappsdk\1.7.250310001\lib\net6.0-windows10.0.18362.0\Microsoft.Windows.AppLifecycle.Projection.xml”。
             此引用不是“CopyLocal”，因为至少有一个源项将“Private”设置为“false”，而没有源项将“Private”设置为“true”。
         主引用“Microsoft.Windows.AppNotifications.Builder.Projection, Version=1.7.0.0, Culture=neutral, PublicKeyToken=61733769cca94f40”。
             解析的文件路径为“C:\Users\Vita\.nuget\packages\microsoft.windowsappsdk\1.7.250310001\lib\net6.0-windows10.0.18362.0\Microsoft.Windows.AppNotifications.Builder.Projection.dll”。
             在搜索路径位置“{HintPathFromItem}”找到引用。
             找到相关文件“C:\Users\Vita\.nuget\packages\microsoft.windowsappsdk\1.7.250310001\lib\net6.0-windows10.0.18362.0\Microsoft.Windows.AppNotifications.Builder.Projection.xml”。
             此引用不是“CopyLocal”，因为至少有一个源项将“Private”设置为“false”，而没有源项将“Private”设置为“true”。
         主引用“Microsoft.Windows.AppNotifications.Projection, Version=1.7.0.0, Culture=neutral, PublicKeyToken=61733769cca94f40”。
             解析的文件路径为“C:\Users\Vita\.nuget\packages\microsoft.windowsappsdk\1.7.250310001\lib\net6.0-windows10.0.18362.0\Microsoft.Windows.AppNotifications.Projection.dll”。
             在搜索路径位置“{HintPathFromItem}”找到引用。
             找到相关文件“C:\Users\Vita\.nuget\packages\microsoft.windowsappsdk\1.7.250310001\lib\net6.0-windows10.0.18362.0\Microsoft.Windows.AppNotifications.Projection.xml”。
             此引用不是“CopyLocal”，因为至少有一个源项将“Private”设置为“false”，而没有源项将“Private”设置为“true”。
         主引用“Microsoft.Windows.ApplicationModel.Background.Projection, Version=1.7.0.0, Culture=neutral, PublicKeyToken=61733769cca94f40”。
             解析的文件路径为“C:\Users\Vita\.nuget\packages\microsoft.windowsappsdk\1.7.250310001\lib\net6.0-windows10.0.18362.0\Microsoft.Windows.ApplicationModel.Background.Projection.dll”。
             在搜索路径位置“{HintPathFromItem}”找到引用。
             此引用不是“CopyLocal”，因为至少有一个源项将“Private”设置为“false”，而没有源项将“Private”设置为“true”。
         主引用“Microsoft.Windows.ApplicationModel.DynamicDependency.Projection, Version=1.7.0.0, Culture=neutral, PublicKeyToken=61733769cca94f40”。
             解析的文件路径为“C:\Users\Vita\.nuget\packages\microsoft.windowsappsdk\1.7.250310001\lib\net6.0-windows10.0.18362.0\Microsoft.Windows.ApplicationModel.DynamicDependency.Projection.dll”。
             在搜索路径位置“{HintPathFromItem}”找到引用。
             找到相关文件“C:\Users\Vita\.nuget\packages\microsoft.windowsappsdk\1.7.250310001\lib\net6.0-windows10.0.18362.0\Microsoft.Windows.ApplicationModel.DynamicDependency.Projection.xml”。
             此引用不是“CopyLocal”，因为至少有一个源项将“Private”设置为“false”，而没有源项将“Private”设置为“true”。
         主引用“Microsoft.Windows.ApplicationModel.Resources.Projection, Version=1.7.0.0, Culture=neutral, PublicKeyToken=61733769cca94f40”。
             解析的文件路径为“C:\Users\Vita\.nuget\packages\microsoft.windowsappsdk\1.7.250310001\lib\net6.0-windows10.0.18362.0\Microsoft.Windows.ApplicationModel.Resources.Projection.dll”。
             在搜索路径位置“{HintPathFromItem}”找到引用。
             找到相关文件“C:\Users\Vita\.nuget\packages\microsoft.windowsappsdk\1.7.250310001\lib\net6.0-windows10.0.18362.0\Microsoft.Windows.ApplicationModel.Resources.Projection.xml”。
             此引用不是“CopyLocal”，因为至少有一个源项将“Private”设置为“false”，而没有源项将“Private”设置为“true”。
         主引用“Microsoft.Windows.ApplicationModel.WindowsAppRuntime.Projection, Version=1.7.0.0, Culture=neutral, PublicKeyToken=61733769cca94f40”。
             解析的文件路径为“C:\Users\Vita\.nuget\packages\microsoft.windowsappsdk\1.7.250310001\lib\net6.0-windows10.0.18362.0\Microsoft.Windows.ApplicationModel.WindowsAppRuntime.Projection.dll”。
             在搜索路径位置“{HintPathFromItem}”找到引用。
             找到相关文件“C:\Users\Vita\.nuget\packages\microsoft.windowsappsdk\1.7.250310001\lib\net6.0-windows10.0.18362.0\Microsoft.Windows.ApplicationModel.WindowsAppRuntime.Projection.xml”。
             此引用不是“CopyLocal”，因为至少有一个源项将“Private”设置为“false”，而没有源项将“Private”设置为“true”。
         主引用“Microsoft.Windows.BadgeNotifications.Projection, Version=1.7.0.0, Culture=neutral, PublicKeyToken=61733769cca94f40”。
             解析的文件路径为“C:\Users\Vita\.nuget\packages\microsoft.windowsappsdk\1.7.250310001\lib\net6.0-windows10.0.18362.0\Microsoft.Windows.BadgeNotifications.Projection.dll”。
             在搜索路径位置“{HintPathFromItem}”找到引用。
             此引用不是“CopyLocal”，因为至少有一个源项将“Private”设置为“false”，而没有源项将“Private”设置为“true”。
         主引用“Microsoft.Windows.Management.Deployment.Projection, Version=1.7.0.0, Culture=neutral, PublicKeyToken=61733769cca94f40”。
             解析的文件路径为“C:\Users\Vita\.nuget\packages\microsoft.windowsappsdk\1.7.250310001\lib\net6.0-windows10.0.18362.0\Microsoft.Windows.Management.Deployment.Projection.dll”。
             在搜索路径位置“{HintPathFromItem}”找到引用。
             找到相关文件“C:\Users\Vita\.nuget\packages\microsoft.windowsappsdk\1.7.250310001\lib\net6.0-windows10.0.18362.0\Microsoft.Windows.Management.Deployment.Projection.xml”。
             此引用不是“CopyLocal”，因为至少有一个源项将“Private”设置为“false”，而没有源项将“Private”设置为“true”。
         主引用“Microsoft.Windows.Media.Capture.Projection, Version=1.7.0.0, Culture=neutral, PublicKeyToken=61733769cca94f40”。
             解析的文件路径为“C:\Users\Vita\.nuget\packages\microsoft.windowsappsdk\1.7.250310001\lib\net6.0-windows10.0.18362.0\Microsoft.Windows.Media.Capture.Projection.dll”。
             在搜索路径位置“{HintPathFromItem}”找到引用。
             此引用不是“CopyLocal”，因为至少有一个源项将“Private”设置为“false”，而没有源项将“Private”设置为“true”。
         主引用“Microsoft.Windows.PushNotifications.Projection, Version=1.7.0.0, Culture=neutral, PublicKeyToken=61733769cca94f40”。
             解析的文件路径为“C:\Users\Vita\.nuget\packages\microsoft.windowsappsdk\1.7.250310001\lib\net6.0-windows10.0.18362.0\Microsoft.Windows.PushNotifications.Projection.dll”。
             在搜索路径位置“{HintPathFromItem}”找到引用。
             找到相关文件“C:\Users\Vita\.nuget\packages\microsoft.windowsappsdk\1.7.250310001\lib\net6.0-windows10.0.18362.0\Microsoft.Windows.PushNotifications.Projection.xml”。
             此引用不是“CopyLocal”，因为至少有一个源项将“Private”设置为“false”，而没有源项将“Private”设置为“true”。
         主引用“Microsoft.Windows.Security.AccessControl.Projection, Version=1.7.0.0, Culture=neutral, PublicKeyToken=61733769cca94f40”。
             解析的文件路径为“C:\Users\Vita\.nuget\packages\microsoft.windowsappsdk\1.7.250310001\lib\net6.0-windows10.0.18362.0\Microsoft.Windows.Security.AccessControl.Projection.dll”。
             在搜索路径位置“{HintPathFromItem}”找到引用。
             找到相关文件“C:\Users\Vita\.nuget\packages\microsoft.windowsappsdk\1.7.250310001\lib\net6.0-windows10.0.18362.0\Microsoft.Windows.Security.AccessControl.Projection.xml”。
             此引用不是“CopyLocal”，因为至少有一个源项将“Private”设置为“false”，而没有源项将“Private”设置为“true”。
         主引用“Microsoft.Windows.Storage.Projection, Version=1.7.0.0, Culture=neutral, PublicKeyToken=61733769cca94f40”。
             解析的文件路径为“C:\Users\Vita\.nuget\packages\microsoft.windowsappsdk\1.7.250310001\lib\net6.0-windows10.0.18362.0\Microsoft.Windows.Storage.Projection.dll”。
             在搜索路径位置“{HintPathFromItem}”找到引用。
             找到相关文件“C:\Users\Vita\.nuget\packages\microsoft.windowsappsdk\1.7.250310001\lib\net6.0-windows10.0.18362.0\Microsoft.Windows.Storage.Projection.xml”。
             此引用不是“CopyLocal”，因为至少有一个源项将“Private”设置为“false”，而没有源项将“Private”设置为“true”。
         主引用“Microsoft.Windows.System.Power.Projection, Version=1.7.0.0, Culture=neutral, PublicKeyToken=61733769cca94f40”。
             解析的文件路径为“C:\Users\Vita\.nuget\packages\microsoft.windowsappsdk\1.7.250310001\lib\net6.0-windows10.0.18362.0\Microsoft.Windows.System.Power.Projection.dll”。
             在搜索路径位置“{HintPathFromItem}”找到引用。
             找到相关文件“C:\Users\Vita\.nuget\packages\microsoft.windowsappsdk\1.7.250310001\lib\net6.0-windows10.0.18362.0\Microsoft.Windows.System.Power.Projection.xml”。
             此引用不是“CopyLocal”，因为至少有一个源项将“Private”设置为“false”，而没有源项将“Private”设置为“true”。
         主引用“Microsoft.Windows.System.Projection, Version=1.7.0.0, Culture=neutral, PublicKeyToken=61733769cca94f40”。
             解析的文件路径为“C:\Users\Vita\.nuget\packages\microsoft.windowsappsdk\1.7.250310001\lib\net6.0-windows10.0.18362.0\Microsoft.Windows.System.Projection.dll”。
             在搜索路径位置“{HintPathFromItem}”找到引用。
             找到相关文件“C:\Users\Vita\.nuget\packages\microsoft.windowsappsdk\1.7.250310001\lib\net6.0-windows10.0.18362.0\Microsoft.Windows.System.Projection.xml”。
             此引用不是“CopyLocal”，因为至少有一个源项将“Private”设置为“false”，而没有源项将“Private”设置为“true”。
         主引用“Microsoft.Windows.Widgets.Projection, Version=1.0.0.0, Culture=neutral, PublicKeyToken=null”。
             解析的文件路径为“C:\Users\Vita\.nuget\packages\microsoft.windowsappsdk\1.7.250310001\lib\net6.0-windows10.0.18362.0\Microsoft.Windows.Widgets.Projection.dll”。
             在搜索路径位置“{HintPathFromItem}”找到引用。
             找到相关文件“C:\Users\Vita\.nuget\packages\microsoft.windowsappsdk\1.7.250310001\lib\net6.0-windows10.0.18362.0\Microsoft.Windows.Widgets.Projection.xml”。
             此引用不是“CopyLocal”，因为至少有一个源项将“Private”设置为“false”，而没有源项将“Private”设置为“true”。
         主引用“Microsoft.WindowsAppRuntime.Bootstrap.Net, Version=1.7.0.0, Culture=neutral, PublicKeyToken=61733769cca94f40”。
             解析的文件路径为“C:\Users\Vita\.nuget\packages\microsoft.windowsappsdk\1.7.250310001\lib\net6.0-windows10.0.18362.0\Microsoft.WindowsAppRuntime.Bootstrap.Net.dll”。
             在搜索路径位置“{HintPathFromItem}”找到引用。
             此引用不是“CopyLocal”，因为至少有一个源项将“Private”设置为“false”，而没有源项将“Private”设置为“true”。
         主引用“System.Security.Permissions, Version=8.0.0.0, Culture=neutral, PublicKeyToken=cc7b13ffcd2ddd51”。
             解析的文件路径为“C:\Users\Vita\.nuget\packages\system.security.permissions\8.0.0\lib\net8.0\System.Security.Permissions.dll”。
             在搜索路径位置“{HintPathFromItem}”找到引用。
             找到相关文件“C:\Users\Vita\.nuget\packages\system.security.permissions\8.0.0\lib\net8.0\System.Security.Permissions.xml”。
             此引用不是“CopyLocal”，因为至少有一个源项将“Private”设置为“false”，而没有源项将“Private”设置为“true”。
         主引用“System.Windows.Extensions, Version=8.0.0.0, Culture=neutral, PublicKeyToken=cc7b13ffcd2ddd51”。
             解析的文件路径为“C:\Users\Vita\.nuget\packages\system.windows.extensions\8.0.0\lib\net8.0\System.Windows.Extensions.dll”。
             在搜索路径位置“{HintPathFromItem}”找到引用。
             找到相关文件“C:\Users\Vita\.nuget\packages\system.windows.extensions\8.0.0\lib\net8.0\System.Windows.Extensions.xml”。
             此引用不是“CopyLocal”，因为至少有一个源项将“Private”设置为“false”，而没有源项将“Private”设置为“true”。
         主引用“Microsoft.CSharp, Version=8.0.0.0, Culture=neutral, PublicKeyToken=b03f5f7f11d50a3a”。
             解析的文件路径为“C:\Program Files\dotnet\packs\Microsoft.NETCore.App.Ref\8.0.27\ref\net8.0\Microsoft.CSharp.dll”。
             在搜索路径位置“{RawFileName}”找到引用。
             此引用不是“CopyLocal”，因为至少有一个源项将“Private”设置为“false”，而没有源项将“Private”设置为“true”。
         主引用“Microsoft.VisualBasic.Core, Version=13.0.0.0, Culture=neutral, PublicKeyToken=b03f5f7f11d50a3a”。
             解析的文件路径为“C:\Program Files\dotnet\packs\Microsoft.NETCore.App.Ref\8.0.27\ref\net8.0\Microsoft.VisualBasic.Core.dll”。
             在搜索路径位置“{RawFileName}”找到引用。
             此引用不是“CopyLocal”，因为至少有一个源项将“Private”设置为“false”，而没有源项将“Private”设置为“true”。
         主引用“Microsoft.VisualBasic, Version=10.0.0.0, Culture=neutral, PublicKeyToken=b03f5f7f11d50a3a”。
             解析的文件路径为“C:\Program Files\dotnet\packs\Microsoft.NETCore.App.Ref\8.0.27\ref\net8.0\Microsoft.VisualBasic.dll”。
             在搜索路径位置“{RawFileName}”找到引用。
             此引用不是“CopyLocal”，因为至少有一个源项将“Private”设置为“false”，而没有源项将“Private”设置为“true”。
         主引用“Microsoft.Win32.Primitives, Version=8.0.0.0, Culture=neutral, PublicKeyToken=b03f5f7f11d50a3a”。
             解析的文件路径为“C:\Program Files\dotnet\packs\Microsoft.NETCore.App.Ref\8.0.27\ref\net8.0\Microsoft.Win32.Primitives.dll”。
             在搜索路径位置“{RawFileName}”找到引用。
             此引用不是“CopyLocal”，因为至少有一个源项将“Private”设置为“false”，而没有源项将“Private”设置为“true”。
         主引用“Microsoft.Win32.Registry, Version=8.0.0.0, Culture=neutral, PublicKeyToken=b03f5f7f11d50a3a”。
             解析的文件路径为“C:\Program Files\dotnet\packs\Microsoft.NETCore.App.Ref\8.0.27\ref\net8.0\Microsoft.Win32.Registry.dll”。
             在搜索路径位置“{RawFileName}”找到引用。
             此引用不是“CopyLocal”，因为至少有一个源项将“Private”设置为“false”，而没有源项将“Private”设置为“true”。
         主引用“System.AppContext, Version=8.0.0.0, Culture=neutral, PublicKeyToken=b03f5f7f11d50a3a”。
             解析的文件路径为“C:\Program Files\dotnet\packs\Microsoft.NETCore.App.Ref\8.0.27\ref\net8.0\System.AppContext.dll”。
             在搜索路径位置“{RawFileName}”找到引用。
             此引用不是“CopyLocal”，因为至少有一个源项将“Private”设置为“false”，而没有源项将“Private”设置为“true”。
         主引用“System.Buffers, Version=8.0.0.0, Culture=neutral, PublicKeyToken=cc7b13ffcd2ddd51”。
             解析的文件路径为“C:\Program Files\dotnet\packs\Microsoft.NETCore.App.Ref\8.0.27\ref\net8.0\System.Buffers.dll”。
             在搜索路径位置“{RawFileName}”找到引用。
             此引用不是“CopyLocal”，因为至少有一个源项将“Private”设置为“false”，而没有源项将“Private”设置为“true”。
         统一主引用“System.Collections.Concurrent, Version=8.0.0.0, Culture=neutral, PublicKeyToken=b03f5f7f11d50a3a”。
             使用此版本而不是“C:\Users\Vita\.nuget\packages\microsoft.windowsappsdk\1.7.250310001\lib\net6.0-windows10.0.18362.0\Microsoft.InteractiveExperiences.Projection.dll”中的原始版本“6.0.0.0”，因为 AutoUnify 为“true”。
             使用此版本而不是“C:\Users\Vita\.nuget\packages\microsoft.windowsappsdk\1.7.250310001\lib\net6.0-windows10.0.18362.0\Microsoft.Security.Authentication.OAuth.Projection.dll”中的原始版本“6.0.0.0”，因为 AutoUnify 为“true”。
             使用此版本而不是“C:\Users\Vita\.nuget\packages\microsoft.windowsappsdk\1.7.250310001\lib\net6.0-windows10.0.18362.0\Microsoft.WinUI.dll”中的原始版本“6.0.0.0”，因为 AutoUnify 为“true”。
             使用此版本而不是“C:\Users\Vita\.nuget\packages\microsoft.windowsappsdk\1.7.250310001\lib\net6.0-windows10.0.18362.0\Microsoft.Windows.AppLifecycle.Projection.dll”中的原始版本“6.0.0.0”，因为 AutoUnify 为“true”。
             使用此版本而不是“C:\Users\Vita\.nuget\packages\microsoft.windowsappsdk\1.7.250310001\lib\net6.0-windows10.0.18362.0\Microsoft.Windows.AppNotifications.Builder.Projection.dll”中的原始版本“6.0.0.0”，因为 AutoUnify 为“true”。
             使用此版本而不是“C:\Users\Vita\.nuget\packages\microsoft.windowsappsdk\1.7.250310001\lib\net6.0-windows10.0.18362.0\Microsoft.Windows.AppNotifications.Projection.dll”中的原始版本“6.0.0.0”，因为 AutoUnify 为“true”。
             使用此版本而不是“C:\Users\Vita\.nuget\packages\microsoft.windowsappsdk\1.7.250310001\lib\net6.0-windows10.0.18362.0\Microsoft.Windows.ApplicationModel.Background.Projection.dll”中的原始版本“6.0.0.0”，因为 AutoUnify 为“true”。
             使用此版本而不是“C:\Users\Vita\.nuget\packages\microsoft.windowsappsdk\1.7.250310001\lib\net6.0-windows10.0.18362.0\Microsoft.Windows.ApplicationModel.DynamicDependency.Projection.dll”中的原始版本“6.0.0.0”，因为 AutoUnify 为“true”。
             使用此版本而不是“C:\Users\Vita\.nuget\packages\microsoft.windowsappsdk\1.7.250310001\lib\net6.0-windows10.0.18362.0\Microsoft.Windows.ApplicationModel.Resources.Projection.dll”中的原始版本“6.0.0.0”，因为 AutoUnify 为“true”。
             使用此版本而不是“C:\Users\Vita\.nuget\packages\microsoft.windowsappsdk\1.7.250310001\lib\net6.0-windows10.0.18362.0\Microsoft.Windows.ApplicationModel.WindowsAppRuntime.Projection.dll”中的原始版本“6.0.0.0”，因为 AutoUnify 为“true”。
             使用此版本而不是“C:\Users\Vita\.nuget\packages\microsoft.windowsappsdk\1.7.250310001\lib\net6.0-windows10.0.18362.0\Microsoft.Windows.BadgeNotifications.Projection.dll”中的原始版本“6.0.0.0”，因为 AutoUnify 为“true”。
             使用此版本而不是“C:\Users\Vita\.nuget\packages\microsoft.windowsappsdk\1.7.250310001\lib\net6.0-windows10.0.18362.0\Microsoft.Windows.Management.Deployment.Projection.dll”中的原始版本“6.0.0.0”，因为 AutoUnify 为“true”。
             使用此版本而不是“C:\Users\Vita\.nuget\packages\microsoft.windowsappsdk\1.7.250310001\lib\net6.0-windows10.0.18362.0\Microsoft.Windows.Media.Capture.Projection.dll”中的原始版本“6.0.0.0”，因为 AutoUnify 为“true”。
             使用此版本而不是“C:\Users\Vita\.nuget\packages\microsoft.windowsappsdk\1.7.250310001\lib\net6.0-windows10.0.18362.0\Microsoft.Windows.PushNotifications.Projection.dll”中的原始版本“6.0.0.0”，因为 AutoUnify 为“true”。
             使用此版本而不是“C:\Users\Vita\.nuget\packages\microsoft.windowsappsdk\1.7.250310001\lib\net6.0-windows10.0.18362.0\Microsoft.Windows.Storage.Projection.dll”中的原始版本“6.0.0.0”，因为 AutoUnify 为“true”。
             使用此版本而不是“C:\Users\Vita\.nuget\packages\microsoft.windowsappsdk\1.7.250310001\lib\net6.0-windows10.0.18362.0\Microsoft.Windows.System.Projection.dll”中的原始版本“6.0.0.0”，因为 AutoUnify 为“true”。
             使用此版本而不是“C:\Users\Vita\.nuget\packages\microsoft.windowsappsdk\1.7.250310001\lib\net6.0-windows10.0.18362.0\Microsoft.Windows.Widgets.Projection.dll”中的原始版本“6.0.0.0”，因为 AutoUnify 为“true”。
             解析的文件路径为“C:\Program Files\dotnet\packs\Microsoft.NETCore.App.Ref\8.0.27\ref\net8.0\System.Collections.Concurrent.dll”。
             在搜索路径位置“{RawFileName}”找到引用。
             此引用不是“CopyLocal”，因为至少有一个源项将“Private”设置为“false”，而没有源项将“Private”设置为“true”。
         主引用“System.Collections.Immutable, Version=8.0.0.0, Culture=neutral, PublicKeyToken=b03f5f7f11d50a3a”。
             解析的文件路径为“C:\Program Files\dotnet\packs\Microsoft.NETCore.App.Ref\8.0.27\ref\net8.0\System.Collections.Immutable.dll”。
             在搜索路径位置“{RawFileName}”找到引用。
             此引用不是“CopyLocal”，因为至少有一个源项将“Private”设置为“false”，而没有源项将“Private”设置为“true”。
         主引用“System.Collections.NonGeneric, Version=8.0.0.0, Culture=neutral, PublicKeyToken=b03f5f7f11d50a3a”。
             解析的文件路径为“C:\Program Files\dotnet\packs\Microsoft.NETCore.App.Ref\8.0.27\ref\net8.0\System.Collections.NonGeneric.dll”。
             在搜索路径位置“{RawFileName}”找到引用。
             此引用不是“CopyLocal”，因为至少有一个源项将“Private”设置为“false”，而没有源项将“Private”设置为“true”。
         主引用“System.Collections.Specialized, Version=8.0.0.0, Culture=neutral, PublicKeyToken=b03f5f7f11d50a3a”。
             解析的文件路径为“C:\Program Files\dotnet\packs\Microsoft.NETCore.App.Ref\8.0.27\ref\net8.0\System.Collections.Specialized.dll”。
             在搜索路径位置“{RawFileName}”找到引用。
             此引用不是“CopyLocal”，因为至少有一个源项将“Private”设置为“false”，而没有源项将“Private”设置为“true”。
         统一主引用“System.Collections, Version=8.0.0.0, Culture=neutral, PublicKeyToken=b03f5f7f11d50a3a”。
             使用此版本而不是“C:\Users\Vita\.nuget\packages\communitytoolkit.mvvm\8.2.2\lib\net6.0\CommunityToolkit.Mvvm.dll”中的原始版本“6.0.0.0”，因为 AutoUnify 为“true”。
             使用此版本而不是“C:\Users\Vita\.nuget\packages\microsoft.windowsappsdk\1.7.250310001\lib\net6.0-windows10.0.18362.0\Microsoft.InteractiveExperiences.Projection.dll”中的原始版本“6.0.0.0”，因为 AutoUnify 为“true”。
             使用此版本而不是“C:\Users\Vita\.nuget\packages\microsoft.windowsappsdk\1.7.250310001\lib\net6.0-windows10.0.18362.0\Microsoft.WinUI.dll”中的原始版本“6.0.0.0”，因为 AutoUnify 为“true”。
             解析的文件路径为“C:\Program Files\dotnet\packs\Microsoft.NETCore.App.Ref\8.0.27\ref\net8.0\System.Collections.dll”。
             在搜索路径位置“{RawFileName}”找到引用。
             此引用不是“CopyLocal”，因为至少有一个源项将“Private”设置为“false”，而没有源项将“Private”设置为“true”。
         统一主引用“System.ComponentModel.Annotations, Version=8.0.0.0, Culture=neutral, PublicKeyToken=b03f5f7f11d50a3a”。
             使用此版本而不是“C:\Users\Vita\.nuget\packages\communitytoolkit.mvvm\8.2.2\lib\net6.0\CommunityToolkit.Mvvm.dll”中的原始版本“6.0.0.0”，因为 AutoUnify 为“true”。
             解析的文件路径为“C:\Program Files\dotnet\packs\Microsoft.NETCore.App.Ref\8.0.27\ref\net8.0\System.ComponentModel.Annotations.dll”。
             在搜索路径位置“{RawFileName}”找到引用。
             此引用不是“CopyLocal”，因为至少有一个源项将“Private”设置为“false”，而没有源项将“Private”设置为“true”。
         主引用“System.ComponentModel.DataAnnotations, Version=4.0.0.0, Culture=neutral, PublicKeyToken=31bf3856ad364e35”。
             解析的文件路径为“C:\Program Files\dotnet\packs\Microsoft.NETCore.App.Ref\8.0.27\ref\net8.0\System.ComponentModel.DataAnnotations.dll”。
             在搜索路径位置“{RawFileName}”找到引用。
             此引用不是“CopyLocal”，因为至少有一个源项将“Private”设置为“false”，而没有源项将“Private”设置为“true”。
         主引用“System.ComponentModel.EventBasedAsync, Version=8.0.0.0, Culture=neutral, PublicKeyToken=b03f5f7f11d50a3a”。
             解析的文件路径为“C:\Program Files\dotnet\packs\Microsoft.NETCore.App.Ref\8.0.27\ref\net8.0\System.ComponentModel.EventBasedAsync.dll”。
             在搜索路径位置“{RawFileName}”找到引用。
             此引用不是“CopyLocal”，因为至少有一个源项将“Private”设置为“false”，而没有源项将“Private”设置为“true”。
         主引用“System.ComponentModel.Primitives, Version=8.0.0.0, Culture=neutral, PublicKeyToken=b03f5f7f11d50a3a”。
             解析的文件路径为“C:\Program Files\dotnet\packs\Microsoft.NETCore.App.Ref\8.0.27\ref\net8.0\System.ComponentModel.Primitives.dll”。
             在搜索路径位置“{RawFileName}”找到引用。
             此引用不是“CopyLocal”，因为至少有一个源项将“Private”设置为“false”，而没有源项将“Private”设置为“true”。
         主引用“System.ComponentModel.TypeConverter, Version=8.0.0.0, Culture=neutral, PublicKeyToken=b03f5f7f11d50a3a”。
             解析的文件路径为“C:\Program Files\dotnet\packs\Microsoft.NETCore.App.Ref\8.0.27\ref\net8.0\System.ComponentModel.TypeConverter.dll”。
             在搜索路径位置“{RawFileName}”找到引用。
             此引用不是“CopyLocal”，因为至少有一个源项将“Private”设置为“false”，而没有源项将“Private”设置为“true”。
         统一主引用“System.ComponentModel, Version=8.0.0.0, Culture=neutral, PublicKeyToken=b03f5f7f11d50a3a”。
             使用此版本而不是“C:\Users\Vita\.nuget\packages\communitytoolkit.mvvm\8.2.2\lib\net6.0\CommunityToolkit.Mvvm.dll”中的原始版本“6.0.0.0”，因为 AutoUnify 为“true”。
             解析的文件路径为“C:\Program Files\dotnet\packs\Microsoft.NETCore.App.Ref\8.0.27\ref\net8.0\System.ComponentModel.dll”。
             在搜索路径位置“{RawFileName}”找到引用。
             此引用不是“CopyLocal”，因为至少有一个源项将“Private”设置为“false”，而没有源项将“Private”设置为“true”。
         主引用“System.Configuration, Version=4.0.0.0, Culture=neutral, PublicKeyToken=b03f5f7f11d50a3a”。
             解析的文件路径为“C:\Program Files\dotnet\packs\Microsoft.NETCore.App.Ref\8.0.27\ref\net8.0\System.Configuration.dll”。
             在搜索路径位置“{RawFileName}”找到引用。
             此引用不是“CopyLocal”，因为至少有一个源项将“Private”设置为“false”，而没有源项将“Private”设置为“true”。
         主引用“System.Console, Version=8.0.0.0, Culture=neutral, PublicKeyToken=b03f5f7f11d50a3a”。
             解析的文件路径为“C:\Program Files\dotnet\packs\Microsoft.NETCore.App.Ref\8.0.27\ref\net8.0\System.Console.dll”。
             在搜索路径位置“{RawFileName}”找到引用。
             此引用不是“CopyLocal”，因为至少有一个源项将“Private”设置为“false”，而没有源项将“Private”设置为“true”。
         主引用“System.Core, Version=4.0.0.0, Culture=neutral, PublicKeyToken=b77a5c561934e089”。
             解析的文件路径为“C:\Program Files\dotnet\packs\Microsoft.NETCore.App.Ref\8.0.27\ref\net8.0\System.Core.dll”。
             在搜索路径位置“{RawFileName}”找到引用。
             此引用不是“CopyLocal”，因为至少有一个源项将“Private”设置为“false”，而没有源项将“Private”设置为“true”。
         主引用“System.Data.Common, Version=8.0.0.0, Culture=neutral, PublicKeyToken=b03f5f7f11d50a3a”。
             解析的文件路径为“C:\Program Files\dotnet\packs\Microsoft.NETCore.App.Ref\8.0.27\ref\net8.0\System.Data.Common.dll”。
             在搜索路径位置“{RawFileName}”找到引用。
             此引用不是“CopyLocal”，因为至少有一个源项将“Private”设置为“false”，而没有源项将“Private”设置为“true”。
         主引用“System.Data.DataSetExtensions, Version=8.0.0.0, Culture=neutral, PublicKeyToken=b77a5c561934e089”。
             解析的文件路径为“C:\Program Files\dotnet\packs\Microsoft.NETCore.App.Ref\8.0.27\ref\net8.0\System.Data.DataSetExtensions.dll”。
             在搜索路径位置“{RawFileName}”找到引用。
             此引用不是“CopyLocal”，因为至少有一个源项将“Private”设置为“false”，而没有源项将“Private”设置为“true”。
         主引用“System.Data, Version=4.0.0.0, Culture=neutral, PublicKeyToken=b77a5c561934e089”。
             解析的文件路径为“C:\Program Files\dotnet\packs\Microsoft.NETCore.App.Ref\8.0.27\ref\net8.0\System.Data.dll”。
             在搜索路径位置“{RawFileName}”找到引用。
             此引用不是“CopyLocal”，因为至少有一个源项将“Private”设置为“false”，而没有源项将“Private”设置为“true”。
         主引用“System.Diagnostics.Contracts, Version=8.0.0.0, Culture=neutral, PublicKeyToken=b03f5f7f11d50a3a”。
             解析的文件路径为“C:\Program Files\dotnet\packs\Microsoft.NETCore.App.Ref\8.0.27\ref\net8.0\System.Diagnostics.Contracts.dll”。
             在搜索路径位置“{RawFileName}”找到引用。
             此引用不是“CopyLocal”，因为至少有一个源项将“Private”设置为“false”，而没有源项将“Private”设置为“true”。
         主引用“System.Diagnostics.Debug, Version=8.0.0.0, Culture=neutral, PublicKeyToken=b03f5f7f11d50a3a”。
             解析的文件路径为“C:\Program Files\dotnet\packs\Microsoft.NETCore.App.Ref\8.0.27\ref\net8.0\System.Diagnostics.Debug.dll”。
             在搜索路径位置“{RawFileName}”找到引用。
             此引用不是“CopyLocal”，因为至少有一个源项将“Private”设置为“false”，而没有源项将“Private”设置为“true”。
         主引用“System.Diagnostics.DiagnosticSource, Version=8.0.0.0, Culture=neutral, PublicKeyToken=cc7b13ffcd2ddd51”。
             解析的文件路径为“C:\Program Files\dotnet\packs\Microsoft.NETCore.App.Ref\8.0.27\ref\net8.0\System.Diagnostics.DiagnosticSource.dll”。
             在搜索路径位置“{RawFileName}”找到引用。
             此引用不是“CopyLocal”，因为至少有一个源项将“Private”设置为“false”，而没有源项将“Private”设置为“true”。
         主引用“System.Diagnostics.FileVersionInfo, Version=8.0.0.0, Culture=neutral, PublicKeyToken=b03f5f7f11d50a3a”。
             解析的文件路径为“C:\Program Files\dotnet\packs\Microsoft.NETCore.App.Ref\8.0.27\ref\net8.0\System.Diagnostics.FileVersionInfo.dll”。
             在搜索路径位置“{RawFileName}”找到引用。
             此引用不是“CopyLocal”，因为至少有一个源项将“Private”设置为“false”，而没有源项将“Private”设置为“true”。
         主引用“System.Diagnostics.Process, Version=8.0.0.0, Culture=neutral, PublicKeyToken=b03f5f7f11d50a3a”。
             解析的文件路径为“C:\Program Files\dotnet\packs\Microsoft.NETCore.App.Ref\8.0.27\ref\net8.0\System.Diagnostics.Process.dll”。
             在搜索路径位置“{RawFileName}”找到引用。
             此引用不是“CopyLocal”，因为至少有一个源项将“Private”设置为“false”，而没有源项将“Private”设置为“true”。
         主引用“System.Diagnostics.StackTrace, Version=8.0.0.0, Culture=neutral, PublicKeyToken=b03f5f7f11d50a3a”。
             解析的文件路径为“C:\Program Files\dotnet\packs\Microsoft.NETCore.App.Ref\8.0.27\ref\net8.0\System.Diagnostics.StackTrace.dll”。
             在搜索路径位置“{RawFileName}”找到引用。
             此引用不是“CopyLocal”，因为至少有一个源项将“Private”设置为“false”，而没有源项将“Private”设置为“true”。
         主引用“System.Diagnostics.TextWriterTraceListener, Version=8.0.0.0, Culture=neutral, PublicKeyToken=b03f5f7f11d50a3a”。
             解析的文件路径为“C:\Program Files\dotnet\packs\Microsoft.NETCore.App.Ref\8.0.27\ref\net8.0\System.Diagnostics.TextWriterTraceListener.dll”。
             在搜索路径位置“{RawFileName}”找到引用。
             此引用不是“CopyLocal”，因为至少有一个源项将“Private”设置为“false”，而没有源项将“Private”设置为“true”。
         主引用“System.Diagnostics.Tools, Version=8.0.0.0, Culture=neutral, PublicKeyToken=b03f5f7f11d50a3a”。
             解析的文件路径为“C:\Program Files\dotnet\packs\Microsoft.NETCore.App.Ref\8.0.27\ref\net8.0\System.Diagnostics.Tools.dll”。
             在搜索路径位置“{RawFileName}”找到引用。
             此引用不是“CopyLocal”，因为至少有一个源项将“Private”设置为“false”，而没有源项将“Private”设置为“true”。
         主引用“System.Diagnostics.TraceSource, Version=8.0.0.0, Culture=neutral, PublicKeyToken=b03f5f7f11d50a3a”。
             解析的文件路径为“C:\Program Files\dotnet\packs\Microsoft.NETCore.App.Ref\8.0.27\ref\net8.0\System.Diagnostics.TraceSource.dll”。
             在搜索路径位置“{RawFileName}”找到引用。
             此引用不是“CopyLocal”，因为至少有一个源项将“Private”设置为“false”，而没有源项将“Private”设置为“true”。
         主引用“System.Diagnostics.Tracing, Version=8.0.0.0, Culture=neutral, PublicKeyToken=b03f5f7f11d50a3a”。
             解析的文件路径为“C:\Program Files\dotnet\packs\Microsoft.NETCore.App.Ref\8.0.27\ref\net8.0\System.Diagnostics.Tracing.dll”。
             在搜索路径位置“{RawFileName}”找到引用。
             此引用不是“CopyLocal”，因为至少有一个源项将“Private”设置为“false”，而没有源项将“Private”设置为“true”。
         主引用“System.Drawing.Primitives, Version=8.0.0.0, Culture=neutral, PublicKeyToken=b03f5f7f11d50a3a”。
             解析的文件路径为“C:\Program Files\dotnet\packs\Microsoft.NETCore.App.Ref\8.0.27\ref\net8.0\System.Drawing.Primitives.dll”。
             在搜索路径位置“{RawFileName}”找到引用。
             此引用不是“CopyLocal”，因为至少有一个源项将“Private”设置为“false”，而没有源项将“Private”设置为“true”。
         主引用“System.Drawing, Version=4.0.0.0, Culture=neutral, PublicKeyToken=b03f5f7f11d50a3a”。
             解析的文件路径为“C:\Program Files\dotnet\packs\Microsoft.NETCore.App.Ref\8.0.27\ref\net8.0\System.Drawing.dll”。
             在搜索路径位置“{RawFileName}”找到引用。
             此引用不是“CopyLocal”，因为至少有一个源项将“Private”设置为“false”，而没有源项将“Private”设置为“true”。
         主引用“System.Dynamic.Runtime, Version=8.0.0.0, Culture=neutral, PublicKeyToken=b03f5f7f11d50a3a”。
             解析的文件路径为“C:\Program Files\dotnet\packs\Microsoft.NETCore.App.Ref\8.0.27\ref\net8.0\System.Dynamic.Runtime.dll”。
             在搜索路径位置“{RawFileName}”找到引用。
             此引用不是“CopyLocal”，因为至少有一个源项将“Private”设置为“false”，而没有源项将“Private”设置为“true”。
         主引用“System.Formats.Asn1, Version=8.0.0.0, Culture=neutral, PublicKeyToken=cc7b13ffcd2ddd51”。
             解析的文件路径为“C:\Program Files\dotnet\packs\Microsoft.NETCore.App.Ref\8.0.27\ref\net8.0\System.Formats.Asn1.dll”。
             在搜索路径位置“{RawFileName}”找到引用。
             此引用不是“CopyLocal”，因为至少有一个源项将“Private”设置为“false”，而没有源项将“Private”设置为“true”。
         主引用“System.Formats.Tar, Version=8.0.0.0, Culture=neutral, PublicKeyToken=cc7b13ffcd2ddd51”。
             解析的文件路径为“C:\Program Files\dotnet\packs\Microsoft.NETCore.App.Ref\8.0.27\ref\net8.0\System.Formats.Tar.dll”。
             在搜索路径位置“{RawFileName}”找到引用。
             此引用不是“CopyLocal”，因为至少有一个源项将“Private”设置为“false”，而没有源项将“Private”设置为“true”。
         主引用“System.Globalization.Calendars, Version=8.0.0.0, Culture=neutral, PublicKeyToken=b03f5f7f11d50a3a”。
             解析的文件路径为“C:\Program Files\dotnet\packs\Microsoft.NETCore.App.Ref\8.0.27\ref\net8.0\System.Globalization.Calendars.dll”。
             在搜索路径位置“{RawFileName}”找到引用。
             此引用不是“CopyLocal”，因为至少有一个源项将“Private”设置为“false”，而没有源项将“Private”设置为“true”。
         主引用“System.Globalization.Extensions, Version=8.0.0.0, Culture=neutral, PublicKeyToken=b03f5f7f11d50a3a”。
             解析的文件路径为“C:\Program Files\dotnet\packs\Microsoft.NETCore.App.Ref\8.0.27\ref\net8.0\System.Globalization.Extensions.dll”。
             在搜索路径位置“{RawFileName}”找到引用。
             此引用不是“CopyLocal”，因为至少有一个源项将“Private”设置为“false”，而没有源项将“Private”设置为“true”。
         主引用“System.Globalization, Version=8.0.0.0, Culture=neutral, PublicKeyToken=b03f5f7f11d50a3a”。
             解析的文件路径为“C:\Program Files\dotnet\packs\Microsoft.NETCore.App.Ref\8.0.27\ref\net8.0\System.Globalization.dll”。
             在搜索路径位置“{RawFileName}”找到引用。
             此引用不是“CopyLocal”，因为至少有一个源项将“Private”设置为“false”，而没有源项将“Private”设置为“true”。
         主引用“System.IO.Compression.Brotli, Version=8.0.0.0, Culture=neutral, PublicKeyToken=b77a5c561934e089”。
             解析的文件路径为“C:\Program Files\dotnet\packs\Microsoft.NETCore.App.Ref\8.0.27\ref\net8.0\System.IO.Compression.Brotli.dll”。
             在搜索路径位置“{RawFileName}”找到引用。
             此引用不是“CopyLocal”，因为至少有一个源项将“Private”设置为“false”，而没有源项将“Private”设置为“true”。
         主引用“System.IO.Compression.FileSystem, Version=4.0.0.0, Culture=neutral, PublicKeyToken=b77a5c561934e089”。
             解析的文件路径为“C:\Program Files\dotnet\packs\Microsoft.NETCore.App.Ref\8.0.27\ref\net8.0\System.IO.Compression.FileSystem.dll”。
             在搜索路径位置“{RawFileName}”找到引用。
             此引用不是“CopyLocal”，因为至少有一个源项将“Private”设置为“false”，而没有源项将“Private”设置为“true”。
         主引用“System.IO.Compression.ZipFile, Version=8.0.0.0, Culture=neutral, PublicKeyToken=b77a5c561934e089”。
             解析的文件路径为“C:\Program Files\dotnet\packs\Microsoft.NETCore.App.Ref\8.0.27\ref\net8.0\System.IO.Compression.ZipFile.dll”。
             在搜索路径位置“{RawFileName}”找到引用。
             此引用不是“CopyLocal”，因为至少有一个源项将“Private”设置为“false”，而没有源项将“Private”设置为“true”。
         主引用“System.IO.Compression, Version=8.0.0.0, Culture=neutral, PublicKeyToken=b77a5c561934e089”。
             解析的文件路径为“C:\Program Files\dotnet\packs\Microsoft.NETCore.App.Ref\8.0.27\ref\net8.0\System.IO.Compression.dll”。
             在搜索路径位置“{RawFileName}”找到引用。
             此引用不是“CopyLocal”，因为至少有一个源项将“Private”设置为“false”，而没有源项将“Private”设置为“true”。
         主引用“System.IO.FileSystem.AccessControl, Version=8.0.0.0, Culture=neutral, PublicKeyToken=b03f5f7f11d50a3a”。
             解析的文件路径为“C:\Program Files\dotnet\packs\Microsoft.NETCore.App.Ref\8.0.27\ref\net8.0\System.IO.FileSystem.AccessControl.dll”。
             在搜索路径位置“{RawFileName}”找到引用。
             此引用不是“CopyLocal”，因为至少有一个源项将“Private”设置为“false”，而没有源项将“Private”设置为“true”。
         主引用“System.IO.FileSystem.DriveInfo, Version=8.0.0.0, Culture=neutral, PublicKeyToken=b03f5f7f11d50a3a”。
             解析的文件路径为“C:\Program Files\dotnet\packs\Microsoft.NETCore.App.Ref\8.0.27\ref\net8.0\System.IO.FileSystem.DriveInfo.dll”。
             在搜索路径位置“{RawFileName}”找到引用。
             此引用不是“CopyLocal”，因为至少有一个源项将“Private”设置为“false”，而没有源项将“Private”设置为“true”。
         主引用“System.IO.FileSystem.Primitives, Version=8.0.0.0, Culture=neutral, PublicKeyToken=b03f5f7f11d50a3a”。
             解析的文件路径为“C:\Program Files\dotnet\packs\Microsoft.NETCore.App.Ref\8.0.27\ref\net8.0\System.IO.FileSystem.Primitives.dll”。
             在搜索路径位置“{RawFileName}”找到引用。
             此引用不是“CopyLocal”，因为至少有一个源项将“Private”设置为“false”，而没有源项将“Private”设置为“true”。
         主引用“System.IO.FileSystem.Watcher, Version=8.0.0.0, Culture=neutral, PublicKeyToken=b03f5f7f11d50a3a”。
             解析的文件路径为“C:\Program Files\dotnet\packs\Microsoft.NETCore.App.Ref\8.0.27\ref\net8.0\System.IO.FileSystem.Watcher.dll”。
             在搜索路径位置“{RawFileName}”找到引用。
             此引用不是“CopyLocal”，因为至少有一个源项将“Private”设置为“false”，而没有源项将“Private”设置为“true”。
         主引用“System.IO.FileSystem, Version=8.0.0.0, Culture=neutral, PublicKeyToken=b03f5f7f11d50a3a”。
             解析的文件路径为“C:\Program Files\dotnet\packs\Microsoft.NETCore.App.Ref\8.0.27\ref\net8.0\System.IO.FileSystem.dll”。
             在搜索路径位置“{RawFileName}”找到引用。
             此引用不是“CopyLocal”，因为至少有一个源项将“Private”设置为“false”，而没有源项将“Private”设置为“true”。
         主引用“System.IO.IsolatedStorage, Version=8.0.0.0, Culture=neutral, PublicKeyToken=b03f5f7f11d50a3a”。
             解析的文件路径为“C:\Program Files\dotnet\packs\Microsoft.NETCore.App.Ref\8.0.27\ref\net8.0\System.IO.IsolatedStorage.dll”。
             在搜索路径位置“{RawFileName}”找到引用。
             此引用不是“CopyLocal”，因为至少有一个源项将“Private”设置为“false”，而没有源项将“Private”设置为“true”。
         主引用“System.IO.MemoryMappedFiles, Version=8.0.0.0, Culture=neutral, PublicKeyToken=b03f5f7f11d50a3a”。
             解析的文件路径为“C:\Program Files\dotnet\packs\Microsoft.NETCore.App.Ref\8.0.27\ref\net8.0\System.IO.MemoryMappedFiles.dll”。
             在搜索路径位置“{RawFileName}”找到引用。
             此引用不是“CopyLocal”，因为至少有一个源项将“Private”设置为“false”，而没有源项将“Private”设置为“true”。
         主引用“System.IO.Pipes.AccessControl, Version=8.0.0.0, Culture=neutral, PublicKeyToken=b03f5f7f11d50a3a”。
             解析的文件路径为“C:\Program Files\dotnet\packs\Microsoft.NETCore.App.Ref\8.0.27\ref\net8.0\System.IO.Pipes.AccessControl.dll”。
             在搜索路径位置“{RawFileName}”找到引用。
             此引用不是“CopyLocal”，因为至少有一个源项将“Private”设置为“false”，而没有源项将“Private”设置为“true”。
         主引用“System.IO.Pipes, Version=8.0.0.0, Culture=neutral, PublicKeyToken=b03f5f7f11d50a3a”。
             解析的文件路径为“C:\Program Files\dotnet\packs\Microsoft.NETCore.App.Ref\8.0.27\ref\net8.0\System.IO.Pipes.dll”。
             在搜索路径位置“{RawFileName}”找到引用。
             此引用不是“CopyLocal”，因为至少有一个源项将“Private”设置为“false”，而没有源项将“Private”设置为“true”。
         主引用“System.IO.UnmanagedMemoryStream, Version=8.0.0.0, Culture=neutral, PublicKeyToken=b03f5f7f11d50a3a”。
             解析的文件路径为“C:\Program Files\dotnet\packs\Microsoft.NETCore.App.Ref\8.0.27\ref\net8.0\System.IO.UnmanagedMemoryStream.dll”。
             在搜索路径位置“{RawFileName}”找到引用。
             此引用不是“CopyLocal”，因为至少有一个源项将“Private”设置为“false”，而没有源项将“Private”设置为“true”。
         主引用“System.IO, Version=8.0.0.0, Culture=neutral, PublicKeyToken=b03f5f7f11d50a3a”。
             解析的文件路径为“C:\Program Files\dotnet\packs\Microsoft.NETCore.App.Ref\8.0.27\ref\net8.0\System.IO.dll”。
             在搜索路径位置“{RawFileName}”找到引用。
             此引用不是“CopyLocal”，因为至少有一个源项将“Private”设置为“false”，而没有源项将“Private”设置为“true”。
         统一主引用“System.Linq.Expressions, Version=8.0.0.0, Culture=neutral, PublicKeyToken=b03f5f7f11d50a3a”。
             使用此版本而不是“C:\Users\Vita\.nuget\packages\communitytoolkit.mvvm\8.2.2\lib\net6.0\CommunityToolkit.Mvvm.dll”中的原始版本“6.0.0.0”，因为 AutoUnify 为“true”。
             解析的文件路径为“C:\Program Files\dotnet\packs\Microsoft.NETCore.App.Ref\8.0.27\ref\net8.0\System.Linq.Expressions.dll”。
             在搜索路径位置“{RawFileName}”找到引用。
             此引用不是“CopyLocal”，因为至少有一个源项将“Private”设置为“false”，而没有源项将“Private”设置为“true”。
         主引用“System.Linq.Parallel, Version=8.0.0.0, Culture=neutral, PublicKeyToken=b03f5f7f11d50a3a”。
             解析的文件路径为“C:\Program Files\dotnet\packs\Microsoft.NETCore.App.Ref\8.0.27\ref\net8.0\System.Linq.Parallel.dll”。
             在搜索路径位置“{RawFileName}”找到引用。
             此引用不是“CopyLocal”，因为至少有一个源项将“Private”设置为“false”，而没有源项将“Private”设置为“true”。
         主引用“System.Linq.Queryable, Version=8.0.0.0, Culture=neutral, PublicKeyToken=b03f5f7f11d50a3a”。
             解析的文件路径为“C:\Program Files\dotnet\packs\Microsoft.NETCore.App.Ref\8.0.27\ref\net8.0\System.Linq.Queryable.dll”。
             在搜索路径位置“{RawFileName}”找到引用。
             此引用不是“CopyLocal”，因为至少有一个源项将“Private”设置为“false”，而没有源项将“Private”设置为“true”。
         统一主引用“System.Linq, Version=8.0.0.0, Culture=neutral, PublicKeyToken=b03f5f7f11d50a3a”。
             使用此版本而不是“C:\Users\Vita\.nuget\packages\communitytoolkit.mvvm\8.2.2\lib\net6.0\CommunityToolkit.Mvvm.dll”中的原始版本“6.0.0.0”，因为 AutoUnify 为“true”。
             解析的文件路径为“C:\Program Files\dotnet\packs\Microsoft.NETCore.App.Ref\8.0.27\ref\net8.0\System.Linq.dll”。
             在搜索路径位置“{RawFileName}”找到引用。
             此引用不是“CopyLocal”，因为至少有一个源项将“Private”设置为“false”，而没有源项将“Private”设置为“true”。
         统一主引用“System.Memory, Version=8.0.0.0, Culture=neutral, PublicKeyToken=cc7b13ffcd2ddd51”。
             使用此版本而不是“C:\Users\Vita\.nuget\packages\communitytoolkit.mvvm\8.2.2\lib\net6.0\CommunityToolkit.Mvvm.dll”中的原始版本“6.0.0.0”，因为 AutoUnify 为“true”。
             使用此版本而不是“C:\Users\Vita\.nuget\packages\microsoft.windowsappsdk\1.7.250310001\lib\net6.0-windows10.0.18362.0\Microsoft.InteractiveExperiences.Projection.dll”中的原始版本“6.0.0.0”，因为 AutoUnify 为“true”。
             使用此版本而不是“C:\Users\Vita\.nuget\packages\microsoft.windowsappsdk\1.7.250310001\lib\net6.0-windows10.0.18362.0\Microsoft.Security.Authentication.OAuth.Projection.dll”中的原始版本“6.0.0.0”，因为 AutoUnify 为“true”。
             使用此版本而不是“C:\Users\Vita\.nuget\packages\microsoft.windowsappsdk\1.7.250310001\lib\net6.0-windows10.0.18362.0\Microsoft.WinUI.dll”中的原始版本“6.0.0.0”，因为 AutoUnify 为“true”。
             使用此版本而不是“C:\Users\Vita\.nuget\packages\microsoft.windowsappsdk\1.7.250310001\lib\net6.0-windows10.0.18362.0\Microsoft.Windows.AppLifecycle.Projection.dll”中的原始版本“6.0.0.0”，因为 AutoUnify 为“true”。
             使用此版本而不是“C:\Users\Vita\.nuget\packages\microsoft.windowsappsdk\1.7.250310001\lib\net6.0-windows10.0.18362.0\Microsoft.Windows.AppNotifications.Builder.Projection.dll”中的原始版本“6.0.0.0”，因为 AutoUnify 为“true”。
             使用此版本而不是“C:\Users\Vita\.nuget\packages\microsoft.windowsappsdk\1.7.250310001\lib\net6.0-windows10.0.18362.0\Microsoft.Windows.AppNotifications.Projection.dll”中的原始版本“6.0.0.0”，因为 AutoUnify 为“true”。
             使用此版本而不是“C:\Users\Vita\.nuget\packages\microsoft.windowsappsdk\1.7.250310001\lib\net6.0-windows10.0.18362.0\Microsoft.Windows.ApplicationModel.Background.Projection.dll”中的原始版本“6.0.0.0”，因为 AutoUnify 为“true”。
             使用此版本而不是“C:\Users\Vita\.nuget\packages\microsoft.windowsappsdk\1.7.250310001\lib\net6.0-windows10.0.18362.0\Microsoft.Windows.ApplicationModel.DynamicDependency.Projection.dll”中的原始版本“6.0.0.0”，因为 AutoUnify 为“true”。
             使用此版本而不是“C:\Users\Vita\.nuget\packages\microsoft.windowsappsdk\1.7.250310001\lib\net6.0-windows10.0.18362.0\Microsoft.Windows.ApplicationModel.Resources.Projection.dll”中的原始版本“6.0.0.0”，因为 AutoUnify 为“true”。
             使用此版本而不是“C:\Users\Vita\.nuget\packages\microsoft.windowsappsdk\1.7.250310001\lib\net6.0-windows10.0.18362.0\Microsoft.Windows.ApplicationModel.WindowsAppRuntime.Projection.dll”中的原始版本“6.0.0.0”，因为 AutoUnify 为“true”。
             使用此版本而不是“C:\Users\Vita\.nuget\packages\microsoft.windowsappsdk\1.7.250310001\lib\net6.0-windows10.0.18362.0\Microsoft.Windows.BadgeNotifications.Projection.dll”中的原始版本“6.0.0.0”，因为 AutoUnify 为“true”。
             使用此版本而不是“C:\Users\Vita\.nuget\packages\microsoft.windowsappsdk\1.7.250310001\lib\net6.0-windows10.0.18362.0\Microsoft.Windows.Management.Deployment.Projection.dll”中的原始版本“6.0.0.0”，因为 AutoUnify 为“true”。
             使用此版本而不是“C:\Users\Vita\.nuget\packages\microsoft.windowsappsdk\1.7.250310001\lib\net6.0-windows10.0.18362.0\Microsoft.Windows.Media.Capture.Projection.dll”中的原始版本“6.0.0.0”，因为 AutoUnify 为“true”。
             使用此版本而不是“C:\Users\Vita\.nuget\packages\microsoft.windowsappsdk\1.7.250310001\lib\net6.0-windows10.0.18362.0\Microsoft.Windows.PushNotifications.Projection.dll”中的原始版本“6.0.0.0”，因为 AutoUnify 为“true”。
             使用此版本而不是“C:\Users\Vita\.nuget\packages\microsoft.windowsappsdk\1.7.250310001\lib\net6.0-windows10.0.18362.0\Microsoft.Windows.Security.AccessControl.Projection.dll”中的原始版本“6.0.0.0”，因为 AutoUnify 为“true”。
             使用此版本而不是“C:\Users\Vita\.nuget\packages\microsoft.windowsappsdk\1.7.250310001\lib\net6.0-windows10.0.18362.0\Microsoft.Windows.Storage.Projection.dll”中的原始版本“6.0.0.0”，因为 AutoUnify 为“true”。
             使用此版本而不是“C:\Users\Vita\.nuget\packages\microsoft.windowsappsdk\1.7.250310001\lib\net6.0-windows10.0.18362.0\Microsoft.Windows.System.Power.Projection.dll”中的原始版本“6.0.0.0”，因为 AutoUnify 为“true”。
             使用此版本而不是“C:\Users\Vita\.nuget\packages\microsoft.windowsappsdk\1.7.250310001\lib\net6.0-windows10.0.18362.0\Microsoft.Windows.System.Projection.dll”中的原始版本“6.0.0.0”，因为 AutoUnify 为“true”。
             使用此版本而不是“C:\Users\Vita\.nuget\packages\microsoft.windowsappsdk\1.7.250310001\lib\net6.0-windows10.0.18362.0\Microsoft.Windows.Widgets.Projection.dll”中的原始版本“6.0.0.0”，因为 AutoUnify 为“true”。
             解析的文件路径为“C:\Program Files\dotnet\packs\Microsoft.NETCore.App.Ref\8.0.27\ref\net8.0\System.Memory.dll”。
             在搜索路径位置“{RawFileName}”找到引用。
             此引用不是“CopyLocal”，因为至少有一个源项将“Private”设置为“false”，而没有源项将“Private”设置为“true”。
         主引用“System.Net.Http.Json, Version=8.0.0.0, Culture=neutral, PublicKeyToken=cc7b13ffcd2ddd51”。
             解析的文件路径为“C:\Program Files\dotnet\packs\Microsoft.NETCore.App.Ref\8.0.27\ref\net8.0\System.Net.Http.Json.dll”。
             在搜索路径位置“{RawFileName}”找到引用。
             此引用不是“CopyLocal”，因为至少有一个源项将“Private”设置为“false”，而没有源项将“Private”设置为“true”。
         主引用“System.Net.Http, Version=8.0.0.0, Culture=neutral, PublicKeyToken=b03f5f7f11d50a3a”。
             解析的文件路径为“C:\Program Files\dotnet\packs\Microsoft.NETCore.App.Ref\8.0.27\ref\net8.0\System.Net.Http.dll”。
             在搜索路径位置“{RawFileName}”找到引用。
             此引用不是“CopyLocal”，因为至少有一个源项将“Private”设置为“false”，而没有源项将“Private”设置为“true”。
         主引用“System.Net.HttpListener, Version=8.0.0.0, Culture=neutral, PublicKeyToken=cc7b13ffcd2ddd51”。
             解析的文件路径为“C:\Program Files\dotnet\packs\Microsoft.NETCore.App.Ref\8.0.27\ref\net8.0\System.Net.HttpListener.dll”。
             在搜索路径位置“{RawFileName}”找到引用。
             此引用不是“CopyLocal”，因为至少有一个源项将“Private”设置为“false”，而没有源项将“Private”设置为“true”。
         主引用“System.Net.Mail, Version=8.0.0.0, Culture=neutral, PublicKeyToken=cc7b13ffcd2ddd51”。
             解析的文件路径为“C:\Program Files\dotnet\packs\Microsoft.NETCore.App.Ref\8.0.27\ref\net8.0\System.Net.Mail.dll”。
             在搜索路径位置“{RawFileName}”找到引用。
             此引用不是“CopyLocal”，因为至少有一个源项将“Private”设置为“false”，而没有源项将“Private”设置为“true”。
         主引用“System.Net.NameResolution, Version=8.0.0.0, Culture=neutral, PublicKeyToken=b03f5f7f11d50a3a”。
             解析的文件路径为“C:\Program Files\dotnet\packs\Microsoft.NETCore.App.Ref\8.0.27\ref\net8.0\System.Net.NameResolution.dll”。
             在搜索路径位置“{RawFileName}”找到引用。
             此引用不是“CopyLocal”，因为至少有一个源项将“Private”设置为“false”，而没有源项将“Private”设置为“true”。
         主引用“System.Net.NetworkInformation, Version=8.0.0.0, Culture=neutral, PublicKeyToken=b03f5f7f11d50a3a”。
             解析的文件路径为“C:\Program Files\dotnet\packs\Microsoft.NETCore.App.Ref\8.0.27\ref\net8.0\System.Net.NetworkInformation.dll”。
             在搜索路径位置“{RawFileName}”找到引用。
             此引用不是“CopyLocal”，因为至少有一个源项将“Private”设置为“false”，而没有源项将“Private”设置为“true”。
         主引用“System.Net.Ping, Version=8.0.0.0, Culture=neutral, PublicKeyToken=b03f5f7f11d50a3a”。
             解析的文件路径为“C:\Program Files\dotnet\packs\Microsoft.NETCore.App.Ref\8.0.27\ref\net8.0\System.Net.Ping.dll”。
             在搜索路径位置“{RawFileName}”找到引用。
             此引用不是“CopyLocal”，因为至少有一个源项将“Private”设置为“false”，而没有源项将“Private”设置为“true”。
         主引用“System.Net.Primitives, Version=8.0.0.0, Culture=neutral, PublicKeyToken=b03f5f7f11d50a3a”。
             解析的文件路径为“C:\Program Files\dotnet\packs\Microsoft.NETCore.App.Ref\8.0.27\ref\net8.0\System.Net.Primitives.dll”。
             在搜索路径位置“{RawFileName}”找到引用。
             此引用不是“CopyLocal”，因为至少有一个源项将“Private”设置为“false”，而没有源项将“Private”设置为“true”。
         主引用“System.Net.Quic, Version=8.0.0.0, Culture=neutral, PublicKeyToken=b03f5f7f11d50a3a”。
             解析的文件路径为“C:\Program Files\dotnet\packs\Microsoft.NETCore.App.Ref\8.0.27\ref\net8.0\System.Net.Quic.dll”。
             在搜索路径位置“{RawFileName}”找到引用。
             此引用不是“CopyLocal”，因为至少有一个源项将“Private”设置为“false”，而没有源项将“Private”设置为“true”。
         主引用“System.Net.Requests, Version=8.0.0.0, Culture=neutral, PublicKeyToken=b03f5f7f11d50a3a”。
             解析的文件路径为“C:\Program Files\dotnet\packs\Microsoft.NETCore.App.Ref\8.0.27\ref\net8.0\System.Net.Requests.dll”。
             在搜索路径位置“{RawFileName}”找到引用。
             此引用不是“CopyLocal”，因为至少有一个源项将“Private”设置为“false”，而没有源项将“Private”设置为“true”。
         主引用“System.Net.Security, Version=8.0.0.0, Culture=neutral, PublicKeyToken=b03f5f7f11d50a3a”。
             解析的文件路径为“C:\Program Files\dotnet\packs\Microsoft.NETCore.App.Ref\8.0.27\ref\net8.0\System.Net.Security.dll”。
             在搜索路径位置“{RawFileName}”找到引用。
             此引用不是“CopyLocal”，因为至少有一个源项将“Private”设置为“false”，而没有源项将“Private”设置为“true”。
         主引用“System.Net.ServicePoint, Version=8.0.0.0, Culture=neutral, PublicKeyToken=cc7b13ffcd2ddd51”。
             解析的文件路径为“C:\Program Files\dotnet\packs\Microsoft.NETCore.App.Ref\8.0.27\ref\net8.0\System.Net.ServicePoint.dll”。
             在搜索路径位置“{RawFileName}”找到引用。
             此引用不是“CopyLocal”，因为至少有一个源项将“Private”设置为“false”，而没有源项将“Private”设置为“true”。
         主引用“System.Net.Sockets, Version=8.0.0.0, Culture=neutral, PublicKeyToken=b03f5f7f11d50a3a”。
             解析的文件路径为“C:\Program Files\dotnet\packs\Microsoft.NETCore.App.Ref\8.0.27\ref\net8.0\System.Net.Sockets.dll”。
             在搜索路径位置“{RawFileName}”找到引用。
             此引用不是“CopyLocal”，因为至少有一个源项将“Private”设置为“false”，而没有源项将“Private”设置为“true”。
         主引用“System.Net.WebClient, Version=8.0.0.0, Culture=neutral, PublicKeyToken=cc7b13ffcd2ddd51”。
             解析的文件路径为“C:\Program Files\dotnet\packs\Microsoft.NETCore.App.Ref\8.0.27\ref\net8.0\System.Net.WebClient.dll”。
             在搜索路径位置“{RawFileName}”找到引用。
             此引用不是“CopyLocal”，因为至少有一个源项将“Private”设置为“false”，而没有源项将“Private”设置为“true”。
         主引用“System.Net.WebHeaderCollection, Version=8.0.0.0, Culture=neutral, PublicKeyToken=b03f5f7f11d50a3a”。
             解析的文件路径为“C:\Program Files\dotnet\packs\Microsoft.NETCore.App.Ref\8.0.27\ref\net8.0\System.Net.WebHeaderCollection.dll”。
             在搜索路径位置“{RawFileName}”找到引用。
             此引用不是“CopyLocal”，因为至少有一个源项将“Private”设置为“false”，而没有源项将“Private”设置为“true”。
         主引用“System.Net.WebProxy, Version=8.0.0.0, Culture=neutral, PublicKeyToken=cc7b13ffcd2ddd51”。
             解析的文件路径为“C:\Program Files\dotnet\packs\Microsoft.NETCore.App.Ref\8.0.27\ref\net8.0\System.Net.WebProxy.dll”。
             在搜索路径位置“{RawFileName}”找到引用。
             此引用不是“CopyLocal”，因为至少有一个源项将“Private”设置为“false”，而没有源项将“Private”设置为“true”。
         主引用“System.Net.WebSockets.Client, Version=8.0.0.0, Culture=neutral, PublicKeyToken=b03f5f7f11d50a3a”。
             解析的文件路径为“C:\Program Files\dotnet\packs\Microsoft.NETCore.App.Ref\8.0.27\ref\net8.0\System.Net.WebSockets.Client.dll”。
             在搜索路径位置“{RawFileName}”找到引用。
             此引用不是“CopyLocal”，因为至少有一个源项将“Private”设置为“false”，而没有源项将“Private”设置为“true”。
         主引用“System.Net.WebSockets, Version=8.0.0.0, Culture=neutral, PublicKeyToken=b03f5f7f11d50a3a”。
             解析的文件路径为“C:\Program Files\dotnet\packs\Microsoft.NETCore.App.Ref\8.0.27\ref\net8.0\System.Net.WebSockets.dll”。
             在搜索路径位置“{RawFileName}”找到引用。
             此引用不是“CopyLocal”，因为至少有一个源项将“Private”设置为“false”，而没有源项将“Private”设置为“true”。
         主引用“System.Net, Version=4.0.0.0, Culture=neutral, PublicKeyToken=b03f5f7f11d50a3a”。
             解析的文件路径为“C:\Program Files\dotnet\packs\Microsoft.NETCore.App.Ref\8.0.27\ref\net8.0\System.Net.dll”。
             在搜索路径位置“{RawFileName}”找到引用。
             此引用不是“CopyLocal”，因为至少有一个源项将“Private”设置为“false”，而没有源项将“Private”设置为“true”。
         统一主引用“System.Numerics.Vectors, Version=8.0.0.0, Culture=neutral, PublicKeyToken=b03f5f7f11d50a3a”。
             使用此版本而不是“C:\Users\Vita\.nuget\packages\microsoft.windowsappsdk\1.7.250310001\lib\net6.0-windows10.0.18362.0\Microsoft.InteractiveExperiences.Projection.dll”中的原始版本“6.0.0.0”，因为 AutoUnify 为“true”。
             使用此版本而不是“C:\Users\Vita\.nuget\packages\microsoft.windowsappsdk\1.7.250310001\lib\net6.0-windows10.0.18362.0\Microsoft.WinUI.dll”中的原始版本“6.0.0.0”，因为 AutoUnify 为“true”。
             解析的文件路径为“C:\Program Files\dotnet\packs\Microsoft.NETCore.App.Ref\8.0.27\ref\net8.0\System.Numerics.Vectors.dll”。
             在搜索路径位置“{RawFileName}”找到引用。
             此引用不是“CopyLocal”，因为至少有一个源项将“Private”设置为“false”，而没有源项将“Private”设置为“true”。
         主引用“System.Numerics, Version=4.0.0.0, Culture=neutral, PublicKeyToken=b77a5c561934e089”。
             解析的文件路径为“C:\Program Files\dotnet\packs\Microsoft.NETCore.App.Ref\8.0.27\ref\net8.0\System.Numerics.dll”。
             在搜索路径位置“{RawFileName}”找到引用。
             此引用不是“CopyLocal”，因为至少有一个源项将“Private”设置为“false”，而没有源项将“Private”设置为“true”。
         统一主引用“System.ObjectModel, Version=8.0.0.0, Culture=neutral, PublicKeyToken=b03f5f7f11d50a3a”。
             使用此版本而不是“C:\Users\Vita\.nuget\packages\communitytoolkit.mvvm\8.2.2\lib\net6.0\CommunityToolkit.Mvvm.dll”中的原始版本“6.0.0.0”，因为 AutoUnify 为“true”。
             使用此版本而不是“C:\Users\Vita\.nuget\packages\microsoft.windowsappsdk\1.7.250310001\lib\net6.0-windows10.0.18362.0\Microsoft.WinUI.dll”中的原始版本“6.0.0.0”，因为 AutoUnify 为“true”。
             解析的文件路径为“C:\Program Files\dotnet\packs\Microsoft.NETCore.App.Ref\8.0.27\ref\net8.0\System.ObjectModel.dll”。
             在搜索路径位置“{RawFileName}”找到引用。
             此引用不是“CopyLocal”，因为至少有一个源项将“Private”设置为“false”，而没有源项将“Private”设置为“true”。
         主引用“System.Reflection.DispatchProxy, Version=8.0.0.0, Culture=neutral, PublicKeyToken=b03f5f7f11d50a3a”。
             解析的文件路径为“C:\Program Files\dotnet\packs\Microsoft.NETCore.App.Ref\8.0.27\ref\net8.0\System.Reflection.DispatchProxy.dll”。
             在搜索路径位置“{RawFileName}”找到引用。
             此引用不是“CopyLocal”，因为至少有一个源项将“Private”设置为“false”，而没有源项将“Private”设置为“true”。
         主引用“System.Reflection.Emit.ILGeneration, Version=8.0.0.0, Culture=neutral, PublicKeyToken=b03f5f7f11d50a3a”。
             解析的文件路径为“C:\Program Files\dotnet\packs\Microsoft.NETCore.App.Ref\8.0.27\ref\net8.0\System.Reflection.Emit.ILGeneration.dll”。
             在搜索路径位置“{RawFileName}”找到引用。
             此引用不是“CopyLocal”，因为至少有一个源项将“Private”设置为“false”，而没有源项将“Private”设置为“true”。
         主引用“System.Reflection.Emit.Lightweight, Version=8.0.0.0, Culture=neutral, PublicKeyToken=b03f5f7f11d50a3a”。
             解析的文件路径为“C:\Program Files\dotnet\packs\Microsoft.NETCore.App.Ref\8.0.27\ref\net8.0\System.Reflection.Emit.Lightweight.dll”。
             在搜索路径位置“{RawFileName}”找到引用。
             此引用不是“CopyLocal”，因为至少有一个源项将“Private”设置为“false”，而没有源项将“Private”设置为“true”。
         主引用“System.Reflection.Emit, Version=8.0.0.0, Culture=neutral, PublicKeyToken=b03f5f7f11d50a3a”。
             解析的文件路径为“C:\Program Files\dotnet\packs\Microsoft.NETCore.App.Ref\8.0.27\ref\net8.0\System.Reflection.Emit.dll”。
             在搜索路径位置“{RawFileName}”找到引用。
             此引用不是“CopyLocal”，因为至少有一个源项将“Private”设置为“false”，而没有源项将“Private”设置为“true”。
         主引用“System.Reflection.Extensions, Version=8.0.0.0, Culture=neutral, PublicKeyToken=b03f5f7f11d50a3a”。
             解析的文件路径为“C:\Program Files\dotnet\packs\Microsoft.NETCore.App.Ref\8.0.27\ref\net8.0\System.Reflection.Extensions.dll”。
             在搜索路径位置“{RawFileName}”找到引用。
             此引用不是“CopyLocal”，因为至少有一个源项将“Private”设置为“false”，而没有源项将“Private”设置为“true”。
         主引用“System.Reflection.Metadata, Version=8.0.0.0, Culture=neutral, PublicKeyToken=b03f5f7f11d50a3a”。
             解析的文件路径为“C:\Program Files\dotnet\packs\Microsoft.NETCore.App.Ref\8.0.27\ref\net8.0\System.Reflection.Metadata.dll”。
             在搜索路径位置“{RawFileName}”找到引用。
             此引用不是“CopyLocal”，因为至少有一个源项将“Private”设置为“false”，而没有源项将“Private”设置为“true”。
         主引用“System.Reflection.Primitives, Version=8.0.0.0, Culture=neutral, PublicKeyToken=b03f5f7f11d50a3a”。
             解析的文件路径为“C:\Program Files\dotnet\packs\Microsoft.NETCore.App.Ref\8.0.27\ref\net8.0\System.Reflection.Primitives.dll”。
             在搜索路径位置“{RawFileName}”找到引用。
             此引用不是“CopyLocal”，因为至少有一个源项将“Private”设置为“false”，而没有源项将“Private”设置为“true”。
         主引用“System.Reflection.TypeExtensions, Version=8.0.0.0, Culture=neutral, PublicKeyToken=b03f5f7f11d50a3a”。
             解析的文件路径为“C:\Program Files\dotnet\packs\Microsoft.NETCore.App.Ref\8.0.27\ref\net8.0\System.Reflection.TypeExtensions.dll”。
             在搜索路径位置“{RawFileName}”找到引用。
             此引用不是“CopyLocal”，因为至少有一个源项将“Private”设置为“false”，而没有源项将“Private”设置为“true”。
         主引用“System.Reflection, Version=8.0.0.0, Culture=neutral, PublicKeyToken=b03f5f7f11d50a3a”。
             解析的文件路径为“C:\Program Files\dotnet\packs\Microsoft.NETCore.App.Ref\8.0.27\ref\net8.0\System.Reflection.dll”。
             在搜索路径位置“{RawFileName}”找到引用。
             此引用不是“CopyLocal”，因为至少有一个源项将“Private”设置为“false”，而没有源项将“Private”设置为“true”。
         主引用“System.Resources.Reader, Version=8.0.0.0, Culture=neutral, PublicKeyToken=b03f5f7f11d50a3a”。
             解析的文件路径为“C:\Program Files\dotnet\packs\Microsoft.NETCore.App.Ref\8.0.27\ref\net8.0\System.Resources.Reader.dll”。
             在搜索路径位置“{RawFileName}”找到引用。
             此引用不是“CopyLocal”，因为至少有一个源项将“Private”设置为“false”，而没有源项将“Private”设置为“true”。
         主引用“System.Resources.ResourceManager, Version=8.0.0.0, Culture=neutral, PublicKeyToken=b03f5f7f11d50a3a”。
             解析的文件路径为“C:\Program Files\dotnet\packs\Microsoft.NETCore.App.Ref\8.0.27\ref\net8.0\System.Resources.ResourceManager.dll”。
             在搜索路径位置“{RawFileName}”找到引用。
             此引用不是“CopyLocal”，因为至少有一个源项将“Private”设置为“false”，而没有源项将“Private”设置为“true”。
         主引用“System.Resources.Writer, Version=8.0.0.0, Culture=neutral, PublicKeyToken=b03f5f7f11d50a3a”。
             解析的文件路径为“C:\Program Files\dotnet\packs\Microsoft.NETCore.App.Ref\8.0.27\ref\net8.0\System.Resources.Writer.dll”。
             在搜索路径位置“{RawFileName}”找到引用。
             此引用不是“CopyLocal”，因为至少有一个源项将“Private”设置为“false”，而没有源项将“Private”设置为“true”。
         统一主引用“System.Runtime.CompilerServices.Unsafe, Version=8.0.0.0, Culture=neutral, PublicKeyToken=b03f5f7f11d50a3a”。
             使用此版本而不是“C:\Users\Vita\.nuget\packages\communitytoolkit.mvvm\8.2.2\lib\net6.0\CommunityToolkit.Mvvm.dll”中的原始版本“6.0.0.0”，因为 AutoUnify 为“true”。
             使用此版本而不是“C:\Users\Vita\.nuget\packages\microsoft.windowsappsdk\1.7.250310001\lib\net6.0-windows10.0.18362.0\Microsoft.InteractiveExperiences.Projection.dll”中的原始版本“6.0.0.0”，因为 AutoUnify 为“true”。
             使用此版本而不是“C:\Users\Vita\.nuget\packages\microsoft.windowsappsdk\1.7.250310001\lib\net6.0-windows10.0.18362.0\Microsoft.Security.Authentication.OAuth.Projection.dll”中的原始版本“6.0.0.0”，因为 AutoUnify 为“true”。
             使用此版本而不是“C:\Users\Vita\.nuget\packages\microsoft.windowsappsdk\1.7.250310001\lib\net6.0-windows10.0.18362.0\Microsoft.WinUI.dll”中的原始版本“6.0.0.0”，因为 AutoUnify 为“true”。
             使用此版本而不是“C:\Users\Vita\.nuget\packages\microsoft.windowsappsdk\1.7.250310001\lib\net6.0-windows10.0.18362.0\Microsoft.Windows.AppLifecycle.Projection.dll”中的原始版本“6.0.0.0”，因为 AutoUnify 为“true”。
             使用此版本而不是“C:\Users\Vita\.nuget\packages\microsoft.windowsappsdk\1.7.250310001\lib\net6.0-windows10.0.18362.0\Microsoft.Windows.AppNotifications.Builder.Projection.dll”中的原始版本“6.0.0.0”，因为 AutoUnify 为“true”。
             使用此版本而不是“C:\Users\Vita\.nuget\packages\microsoft.windowsappsdk\1.7.250310001\lib\net6.0-windows10.0.18362.0\Microsoft.Windows.AppNotifications.Projection.dll”中的原始版本“6.0.0.0”，因为 AutoUnify 为“true”。
             使用此版本而不是“C:\Users\Vita\.nuget\packages\microsoft.windowsappsdk\1.7.250310001\lib\net6.0-windows10.0.18362.0\Microsoft.Windows.ApplicationModel.Background.Projection.dll”中的原始版本“6.0.0.0”，因为 AutoUnify 为“true”。
             使用此版本而不是“C:\Users\Vita\.nuget\packages\microsoft.windowsappsdk\1.7.250310001\lib\net6.0-windows10.0.18362.0\Microsoft.Windows.ApplicationModel.DynamicDependency.Projection.dll”中的原始版本“6.0.0.0”，因为 AutoUnify 为“true”。
             使用此版本而不是“C:\Users\Vita\.nuget\packages\microsoft.windowsappsdk\1.7.250310001\lib\net6.0-windows10.0.18362.0\Microsoft.Windows.ApplicationModel.Resources.Projection.dll”中的原始版本“6.0.0.0”，因为 AutoUnify 为“true”。
             使用此版本而不是“C:\Users\Vita\.nuget\packages\microsoft.windowsappsdk\1.7.250310001\lib\net6.0-windows10.0.18362.0\Microsoft.Windows.ApplicationModel.WindowsAppRuntime.Projection.dll”中的原始版本“6.0.0.0”，因为 AutoUnify 为“true”。
             使用此版本而不是“C:\Users\Vita\.nuget\packages\microsoft.windowsappsdk\1.7.250310001\lib\net6.0-windows10.0.18362.0\Microsoft.Windows.BadgeNotifications.Projection.dll”中的原始版本“6.0.0.0”，因为 AutoUnify 为“true”。
             使用此版本而不是“C:\Users\Vita\.nuget\packages\microsoft.windowsappsdk\1.7.250310001\lib\net6.0-windows10.0.18362.0\Microsoft.Windows.Management.Deployment.Projection.dll”中的原始版本“6.0.0.0”，因为 AutoUnify 为“true”。
             使用此版本而不是“C:\Users\Vita\.nuget\packages\microsoft.windowsappsdk\1.7.250310001\lib\net6.0-windows10.0.18362.0\Microsoft.Windows.Media.Capture.Projection.dll”中的原始版本“6.0.0.0”，因为 AutoUnify 为“true”。
             使用此版本而不是“C:\Users\Vita\.nuget\packages\microsoft.windowsappsdk\1.7.250310001\lib\net6.0-windows10.0.18362.0\Microsoft.Windows.PushNotifications.Projection.dll”中的原始版本“6.0.0.0”，因为 AutoUnify 为“true”。
             使用此版本而不是“C:\Users\Vita\.nuget\packages\microsoft.windowsappsdk\1.7.250310001\lib\net6.0-windows10.0.18362.0\Microsoft.Windows.Security.AccessControl.Projection.dll”中的原始版本“6.0.0.0”，因为 AutoUnify 为“true”。
             使用此版本而不是“C:\Users\Vita\.nuget\packages\microsoft.windowsappsdk\1.7.250310001\lib\net6.0-windows10.0.18362.0\Microsoft.Windows.Storage.Projection.dll”中的原始版本“6.0.0.0”，因为 AutoUnify 为“true”。
             使用此版本而不是“C:\Users\Vita\.nuget\packages\microsoft.windowsappsdk\1.7.250310001\lib\net6.0-windows10.0.18362.0\Microsoft.Windows.System.Power.Projection.dll”中的原始版本“6.0.0.0”，因为 AutoUnify 为“true”。
             使用此版本而不是“C:\Users\Vita\.nuget\packages\microsoft.windowsappsdk\1.7.250310001\lib\net6.0-windows10.0.18362.0\Microsoft.Windows.System.Projection.dll”中的原始版本“6.0.0.0”，因为 AutoUnify 为“true”。
             使用此版本而不是“C:\Users\Vita\.nuget\packages\microsoft.windowsappsdk\1.7.250310001\lib\net6.0-windows10.0.18362.0\Microsoft.Windows.Widgets.Projection.dll”中的原始版本“6.0.0.0”，因为 AutoUnify 为“true”。
             解析的文件路径为“C:\Program Files\dotnet\packs\Microsoft.NETCore.App.Ref\8.0.27\ref\net8.0\System.Runtime.CompilerServices.Unsafe.dll”。
             在搜索路径位置“{RawFileName}”找到引用。
             此引用不是“CopyLocal”，因为至少有一个源项将“Private”设置为“false”，而没有源项将“Private”设置为“true”。
         主引用“System.Runtime.CompilerServices.VisualC, Version=8.0.0.0, Culture=neutral, PublicKeyToken=b03f5f7f11d50a3a”。
             解析的文件路径为“C:\Program Files\dotnet\packs\Microsoft.NETCore.App.Ref\8.0.27\ref\net8.0\System.Runtime.CompilerServices.VisualC.dll”。
             在搜索路径位置“{RawFileName}”找到引用。
             此引用不是“CopyLocal”，因为至少有一个源项将“Private”设置为“false”，而没有源项将“Private”设置为“true”。
         主引用“System.Runtime.Extensions, Version=8.0.0.0, Culture=neutral, PublicKeyToken=b03f5f7f11d50a3a”。
             解析的文件路径为“C:\Program Files\dotnet\packs\Microsoft.NETCore.App.Ref\8.0.27\ref\net8.0\System.Runtime.Extensions.dll”。
             在搜索路径位置“{RawFileName}”找到引用。
             此引用不是“CopyLocal”，因为至少有一个源项将“Private”设置为“false”，而没有源项将“Private”设置为“true”。
         主引用“System.Runtime.Handles, Version=8.0.0.0, Culture=neutral, PublicKeyToken=b03f5f7f11d50a3a”。
             解析的文件路径为“C:\Program Files\dotnet\packs\Microsoft.NETCore.App.Ref\8.0.27\ref\net8.0\System.Runtime.Handles.dll”。
             在搜索路径位置“{RawFileName}”找到引用。
             此引用不是“CopyLocal”，因为至少有一个源项将“Private”设置为“false”，而没有源项将“Private”设置为“true”。
         主引用“System.Runtime.InteropServices.JavaScript, Version=8.0.0.0, Culture=neutral, PublicKeyToken=b03f5f7f11d50a3a”。
             解析的文件路径为“C:\Program Files\dotnet\packs\Microsoft.NETCore.App.Ref\8.0.27\ref\net8.0\System.Runtime.InteropServices.JavaScript.dll”。
             在搜索路径位置“{RawFileName}”找到引用。
             此引用不是“CopyLocal”，因为至少有一个源项将“Private”设置为“false”，而没有源项将“Private”设置为“true”。
         主引用“System.Runtime.InteropServices.RuntimeInformation, Version=8.0.0.0, Culture=neutral, PublicKeyToken=b03f5f7f11d50a3a”。
             解析的文件路径为“C:\Program Files\dotnet\packs\Microsoft.NETCore.App.Ref\8.0.27\ref\net8.0\System.Runtime.InteropServices.RuntimeInformation.dll”。
             在搜索路径位置“{RawFileName}”找到引用。
             此引用不是“CopyLocal”，因为至少有一个源项将“Private”设置为“false”，而没有源项将“Private”设置为“true”。
         统一主引用“System.Runtime.InteropServices, Version=8.0.0.0, Culture=neutral, PublicKeyToken=b03f5f7f11d50a3a”。
             使用此版本而不是“C:\Users\Vita\.nuget\packages\microsoft.windowsappsdk\1.7.250310001\lib\net6.0-windows10.0.18362.0\Microsoft.InteractiveExperiences.Projection.dll”中的原始版本“6.0.0.0”，因为 AutoUnify 为“true”。
             使用此版本而不是“C:\Users\Vita\.nuget\packages\microsoft.windowsappsdk\1.7.250310001\lib\net6.0-windows10.0.18362.0\Microsoft.Security.Authentication.OAuth.Projection.dll”中的原始版本“6.0.0.0”，因为 AutoUnify 为“true”。
             使用此版本而不是“C:\Users\Vita\.nuget\packages\microsoft.windowsappsdk\1.7.250310001\lib\net6.0-windows10.0.18362.0\Microsoft.WinUI.dll”中的原始版本“6.0.0.0”，因为 AutoUnify 为“true”。
             使用此版本而不是“C:\Users\Vita\.nuget\packages\microsoft.windowsappsdk\1.7.250310001\lib\net6.0-windows10.0.18362.0\Microsoft.Windows.AppLifecycle.Projection.dll”中的原始版本“6.0.0.0”，因为 AutoUnify 为“true”。
             使用此版本而不是“C:\Users\Vita\.nuget\packages\microsoft.windowsappsdk\1.7.250310001\lib\net6.0-windows10.0.18362.0\Microsoft.Windows.AppNotifications.Builder.Projection.dll”中的原始版本“6.0.0.0”，因为 AutoUnify 为“true”。
             使用此版本而不是“C:\Users\Vita\.nuget\packages\microsoft.windowsappsdk\1.7.250310001\lib\net6.0-windows10.0.18362.0\Microsoft.Windows.AppNotifications.Projection.dll”中的原始版本“6.0.0.0”，因为 AutoUnify 为“true”。
             使用此版本而不是“C:\Users\Vita\.nuget\packages\microsoft.windowsappsdk\1.7.250310001\lib\net6.0-windows10.0.18362.0\Microsoft.Windows.ApplicationModel.Background.Projection.dll”中的原始版本“6.0.0.0”，因为 AutoUnify 为“true”。
             使用此版本而不是“C:\Users\Vita\.nuget\packages\microsoft.windowsappsdk\1.7.250310001\lib\net6.0-windows10.0.18362.0\Microsoft.Windows.ApplicationModel.DynamicDependency.Projection.dll”中的原始版本“6.0.0.0”，因为 AutoUnify 为“true”。
             使用此版本而不是“C:\Users\Vita\.nuget\packages\microsoft.windowsappsdk\1.7.250310001\lib\net6.0-windows10.0.18362.0\Microsoft.Windows.ApplicationModel.Resources.Projection.dll”中的原始版本“6.0.0.0”，因为 AutoUnify 为“true”。
             使用此版本而不是“C:\Users\Vita\.nuget\packages\microsoft.windowsappsdk\1.7.250310001\lib\net6.0-windows10.0.18362.0\Microsoft.Windows.ApplicationModel.WindowsAppRuntime.Projection.dll”中的原始版本“6.0.0.0”，因为 AutoUnify 为“true”。
             使用此版本而不是“C:\Users\Vita\.nuget\packages\microsoft.windowsappsdk\1.7.250310001\lib\net6.0-windows10.0.18362.0\Microsoft.Windows.BadgeNotifications.Projection.dll”中的原始版本“6.0.0.0”，因为 AutoUnify 为“true”。
             使用此版本而不是“C:\Users\Vita\.nuget\packages\microsoft.windowsappsdk\1.7.250310001\lib\net6.0-windows10.0.18362.0\Microsoft.Windows.Management.Deployment.Projection.dll”中的原始版本“6.0.0.0”，因为 AutoUnify 为“true”。
             使用此版本而不是“C:\Users\Vita\.nuget\packages\microsoft.windowsappsdk\1.7.250310001\lib\net6.0-windows10.0.18362.0\Microsoft.Windows.Media.Capture.Projection.dll”中的原始版本“6.0.0.0”，因为 AutoUnify 为“true”。
             使用此版本而不是“C:\Users\Vita\.nuget\packages\microsoft.windowsappsdk\1.7.250310001\lib\net6.0-windows10.0.18362.0\Microsoft.Windows.PushNotifications.Projection.dll”中的原始版本“6.0.0.0”，因为 AutoUnify 为“true”。
             使用此版本而不是“C:\Users\Vita\.nuget\packages\microsoft.windowsappsdk\1.7.250310001\lib\net6.0-windows10.0.18362.0\Microsoft.Windows.Security.AccessControl.Projection.dll”中的原始版本“6.0.0.0”，因为 AutoUnify 为“true”。
             使用此版本而不是“C:\Users\Vita\.nuget\packages\microsoft.windowsappsdk\1.7.250310001\lib\net6.0-windows10.0.18362.0\Microsoft.Windows.Storage.Projection.dll”中的原始版本“6.0.0.0”，因为 AutoUnify 为“true”。
             使用此版本而不是“C:\Users\Vita\.nuget\packages\microsoft.windowsappsdk\1.7.250310001\lib\net6.0-windows10.0.18362.0\Microsoft.Windows.System.Power.Projection.dll”中的原始版本“6.0.0.0”，因为 AutoUnify 为“true”。
             使用此版本而不是“C:\Users\Vita\.nuget\packages\microsoft.windowsappsdk\1.7.250310001\lib\net6.0-windows10.0.18362.0\Microsoft.Windows.System.Projection.dll”中的原始版本“6.0.0.0”，因为 AutoUnify 为“true”。
             使用此版本而不是“C:\Users\Vita\.nuget\packages\microsoft.windowsappsdk\1.7.250310001\lib\net6.0-windows10.0.18362.0\Microsoft.Windows.Widgets.Projection.dll”中的原始版本“6.0.0.0”，因为 AutoUnify 为“true”。
             解析的文件路径为“C:\Program Files\dotnet\packs\Microsoft.NETCore.App.Ref\8.0.27\ref\net8.0\System.Runtime.InteropServices.dll”。
             在搜索路径位置“{RawFileName}”找到引用。
             此引用不是“CopyLocal”，因为至少有一个源项将“Private”设置为“false”，而没有源项将“Private”设置为“true”。
         主引用“System.Runtime.Intrinsics, Version=8.0.0.0, Culture=neutral, PublicKeyToken=cc7b13ffcd2ddd51”。
             解析的文件路径为“C:\Program Files\dotnet\packs\Microsoft.NETCore.App.Ref\8.0.27\ref\net8.0\System.Runtime.Intrinsics.dll”。
             在搜索路径位置“{RawFileName}”找到引用。
             此引用不是“CopyLocal”，因为至少有一个源项将“Private”设置为“false”，而没有源项将“Private”设置为“true”。
         主引用“System.Runtime.Loader, Version=8.0.0.0, Culture=neutral, PublicKeyToken=b03f5f7f11d50a3a”。
             解析的文件路径为“C:\Program Files\dotnet\packs\Microsoft.NETCore.App.Ref\8.0.27\ref\net8.0\System.Runtime.Loader.dll”。
             在搜索路径位置“{RawFileName}”找到引用。
             此引用不是“CopyLocal”，因为至少有一个源项将“Private”设置为“false”，而没有源项将“Private”设置为“true”。
         主引用“System.Runtime.Numerics, Version=8.0.0.0, Culture=neutral, PublicKeyToken=b03f5f7f11d50a3a”。
             解析的文件路径为“C:\Program Files\dotnet\packs\Microsoft.NETCore.App.Ref\8.0.27\ref\net8.0\System.Runtime.Numerics.dll”。
             在搜索路径位置“{RawFileName}”找到引用。
             此引用不是“CopyLocal”，因为至少有一个源项将“Private”设置为“false”，而没有源项将“Private”设置为“true”。
         主引用“System.Runtime.Serialization.Formatters, Version=8.0.0.0, Culture=neutral, PublicKeyToken=b03f5f7f11d50a3a”。
             解析的文件路径为“C:\Program Files\dotnet\packs\Microsoft.NETCore.App.Ref\8.0.27\ref\net8.0\System.Runtime.Serialization.Formatters.dll”。
             在搜索路径位置“{RawFileName}”找到引用。
             此引用不是“CopyLocal”，因为至少有一个源项将“Private”设置为“false”，而没有源项将“Private”设置为“true”。
         主引用“System.Runtime.Serialization.Json, Version=8.0.0.0, Culture=neutral, PublicKeyToken=b03f5f7f11d50a3a”。
             解析的文件路径为“C:\Program Files\dotnet\packs\Microsoft.NETCore.App.Ref\8.0.27\ref\net8.0\System.Runtime.Serialization.Json.dll”。
             在搜索路径位置“{RawFileName}”找到引用。
             此引用不是“CopyLocal”，因为至少有一个源项将“Private”设置为“false”，而没有源项将“Private”设置为“true”。
         主引用“System.Runtime.Serialization.Primitives, Version=8.0.0.0, Culture=neutral, PublicKeyToken=b03f5f7f11d50a3a”。
             解析的文件路径为“C:\Program Files\dotnet\packs\Microsoft.NETCore.App.Ref\8.0.27\ref\net8.0\System.Runtime.Serialization.Primitives.dll”。
             在搜索路径位置“{RawFileName}”找到引用。
             此引用不是“CopyLocal”，因为至少有一个源项将“Private”设置为“false”，而没有源项将“Private”设置为“true”。
         主引用“System.Runtime.Serialization.Xml, Version=8.0.0.0, Culture=neutral, PublicKeyToken=b03f5f7f11d50a3a”。
             解析的文件路径为“C:\Program Files\dotnet\packs\Microsoft.NETCore.App.Ref\8.0.27\ref\net8.0\System.Runtime.Serialization.Xml.dll”。
             在搜索路径位置“{RawFileName}”找到引用。
             此引用不是“CopyLocal”，因为至少有一个源项将“Private”设置为“false”，而没有源项将“Private”设置为“true”。
         主引用“System.Runtime.Serialization, Version=4.0.0.0, Culture=neutral, PublicKeyToken=b77a5c561934e089”。
             解析的文件路径为“C:\Program Files\dotnet\packs\Microsoft.NETCore.App.Ref\8.0.27\ref\net8.0\System.Runtime.Serialization.dll”。
             在搜索路径位置“{RawFileName}”找到引用。
             此引用不是“CopyLocal”，因为至少有一个源项将“Private”设置为“false”，而没有源项将“Private”设置为“true”。
         统一主引用“System.Runtime, Version=8.0.0.0, Culture=neutral, PublicKeyToken=b03f5f7f11d50a3a”。
             使用此版本而不是“C:\Users\Vita\.nuget\packages\communitytoolkit.mvvm\8.2.2\lib\net6.0\CommunityToolkit.Mvvm.dll”中的原始版本“6.0.0.0”，因为 AutoUnify 为“true”。
             使用此版本而不是“C:\Users\Vita\.nuget\packages\microsoft.windowsappsdk\1.7.250310001\lib\net6.0-windows10.0.18362.0\Microsoft.InteractiveExperiences.Projection.dll”中的原始版本“6.0.0.0”，因为 AutoUnify 为“true”。
             使用此版本而不是“C:\Users\Vita\.nuget\packages\microsoft.windowsappsdk\1.7.250310001\lib\net6.0-windows10.0.18362.0\Microsoft.Security.Authentication.OAuth.Projection.dll”中的原始版本“6.0.0.0”，因为 AutoUnify 为“true”。
             使用此版本而不是“C:\Users\Vita\.nuget\packages\microsoft.windowsappsdk\1.7.250310001\lib\net6.0-windows10.0.18362.0\Microsoft.WinUI.dll”中的原始版本“6.0.0.0”，因为 AutoUnify 为“true”。
             使用此版本而不是“C:\Users\Vita\.nuget\packages\microsoft.windowsappsdk\1.7.250310001\lib\net6.0-windows10.0.18362.0\Microsoft.Windows.AppLifecycle.Projection.dll”中的原始版本“6.0.0.0”，因为 AutoUnify 为“true”。
             使用此版本而不是“C:\Users\Vita\.nuget\packages\microsoft.windowsappsdk\1.7.250310001\lib\net6.0-windows10.0.18362.0\Microsoft.Windows.AppNotifications.Builder.Projection.dll”中的原始版本“6.0.0.0”，因为 AutoUnify 为“true”。
             使用此版本而不是“C:\Users\Vita\.nuget\packages\microsoft.windowsappsdk\1.7.250310001\lib\net6.0-windows10.0.18362.0\Microsoft.Windows.AppNotifications.Projection.dll”中的原始版本“6.0.0.0”，因为 AutoUnify 为“true”。
             使用此版本而不是“C:\Users\Vita\.nuget\packages\microsoft.windowsappsdk\1.7.250310001\lib\net6.0-windows10.0.18362.0\Microsoft.Windows.ApplicationModel.Background.Projection.dll”中的原始版本“6.0.0.0”，因为 AutoUnify 为“true”。
             使用此版本而不是“C:\Users\Vita\.nuget\packages\microsoft.windowsappsdk\1.7.250310001\lib\net6.0-windows10.0.18362.0\Microsoft.Windows.ApplicationModel.DynamicDependency.Projection.dll”中的原始版本“6.0.0.0”，因为 AutoUnify 为“true”。
             使用此版本而不是“C:\Users\Vita\.nuget\packages\microsoft.windowsappsdk\1.7.250310001\lib\net6.0-windows10.0.18362.0\Microsoft.Windows.ApplicationModel.Resources.Projection.dll”中的原始版本“6.0.0.0”，因为 AutoUnify 为“true”。
             使用此版本而不是“C:\Users\Vita\.nuget\packages\microsoft.windowsappsdk\1.7.250310001\lib\net6.0-windows10.0.18362.0\Microsoft.Windows.ApplicationModel.WindowsAppRuntime.Projection.dll”中的原始版本“6.0.0.0”，因为 AutoUnify 为“true”。
             使用此版本而不是“C:\Users\Vita\.nuget\packages\microsoft.windowsappsdk\1.7.250310001\lib\net6.0-windows10.0.18362.0\Microsoft.Windows.BadgeNotifications.Projection.dll”中的原始版本“6.0.0.0”，因为 AutoUnify 为“true”。
             使用此版本而不是“C:\Users\Vita\.nuget\packages\microsoft.windowsappsdk\1.7.250310001\lib\net6.0-windows10.0.18362.0\Microsoft.Windows.Management.Deployment.Projection.dll”中的原始版本“6.0.0.0”，因为 AutoUnify 为“true”。
             使用此版本而不是“C:\Users\Vita\.nuget\packages\microsoft.windowsappsdk\1.7.250310001\lib\net6.0-windows10.0.18362.0\Microsoft.Windows.Media.Capture.Projection.dll”中的原始版本“6.0.0.0”，因为 AutoUnify 为“true”。
             使用此版本而不是“C:\Users\Vita\.nuget\packages\microsoft.windowsappsdk\1.7.250310001\lib\net6.0-windows10.0.18362.0\Microsoft.Windows.PushNotifications.Projection.dll”中的原始版本“6.0.0.0”，因为 AutoUnify 为“true”。
             使用此版本而不是“C:\Users\Vita\.nuget\packages\microsoft.windowsappsdk\1.7.250310001\lib\net6.0-windows10.0.18362.0\Microsoft.Windows.Security.AccessControl.Projection.dll”中的原始版本“6.0.0.0”，因为 AutoUnify 为“true”。
             使用此版本而不是“C:\Users\Vita\.nuget\packages\microsoft.windowsappsdk\1.7.250310001\lib\net6.0-windows10.0.18362.0\Microsoft.Windows.Storage.Projection.dll”中的原始版本“6.0.0.0”，因为 AutoUnify 为“true”。
             使用此版本而不是“C:\Users\Vita\.nuget\packages\microsoft.windowsappsdk\1.7.250310001\lib\net6.0-windows10.0.18362.0\Microsoft.Windows.System.Power.Projection.dll”中的原始版本“6.0.0.0”，因为 AutoUnify 为“true”。
             使用此版本而不是“C:\Users\Vita\.nuget\packages\microsoft.windowsappsdk\1.7.250310001\lib\net6.0-windows10.0.18362.0\Microsoft.Windows.System.Projection.dll”中的原始版本“6.0.0.0”，因为 AutoUnify 为“true”。
             使用此版本而不是“C:\Users\Vita\.nuget\packages\microsoft.windowsappsdk\1.7.250310001\lib\net6.0-windows10.0.18362.0\Microsoft.Windows.Widgets.Projection.dll”中的原始版本“6.0.0.0”，因为 AutoUnify 为“true”。
             使用此版本而不是“C:\Users\Vita\.nuget\packages\microsoft.windowsappsdk\1.7.250310001\lib\net6.0-windows10.0.18362.0\Microsoft.WindowsAppRuntime.Bootstrap.Net.dll”中的原始版本“6.0.0.0”，因为 AutoUnify 为“true”。
             解析的文件路径为“C:\Program Files\dotnet\packs\Microsoft.NETCore.App.Ref\8.0.27\ref\net8.0\System.Runtime.dll”。
             在搜索路径位置“{RawFileName}”找到引用。
             此引用不是“CopyLocal”，因为至少有一个源项将“Private”设置为“false”，而没有源项将“Private”设置为“true”。
         主引用“System.Security.AccessControl, Version=8.0.0.0, Culture=neutral, PublicKeyToken=b03f5f7f11d50a3a”。
             解析的文件路径为“C:\Program Files\dotnet\packs\Microsoft.NETCore.App.Ref\8.0.27\ref\net8.0\System.Security.AccessControl.dll”。
             在搜索路径位置“{RawFileName}”找到引用。
             此引用不是“CopyLocal”，因为至少有一个源项将“Private”设置为“false”，而没有源项将“Private”设置为“true”。
         主引用“System.Security.Claims, Version=8.0.0.0, Culture=neutral, PublicKeyToken=b03f5f7f11d50a3a”。
             解析的文件路径为“C:\Program Files\dotnet\packs\Microsoft.NETCore.App.Ref\8.0.27\ref\net8.0\System.Security.Claims.dll”。
             在搜索路径位置“{RawFileName}”找到引用。
             此引用不是“CopyLocal”，因为至少有一个源项将“Private”设置为“false”，而没有源项将“Private”设置为“true”。
         主引用“System.Security.Cryptography.Algorithms, Version=8.0.0.0, Culture=neutral, PublicKeyToken=b03f5f7f11d50a3a”。
             解析的文件路径为“C:\Program Files\dotnet\packs\Microsoft.NETCore.App.Ref\8.0.27\ref\net8.0\System.Security.Cryptography.Algorithms.dll”。
             在搜索路径位置“{RawFileName}”找到引用。
             此引用不是“CopyLocal”，因为至少有一个源项将“Private”设置为“false”，而没有源项将“Private”设置为“true”。
         主引用“System.Security.Cryptography.Cng, Version=8.0.0.0, Culture=neutral, PublicKeyToken=b03f5f7f11d50a3a”。
             解析的文件路径为“C:\Program Files\dotnet\packs\Microsoft.NETCore.App.Ref\8.0.27\ref\net8.0\System.Security.Cryptography.Cng.dll”。
             在搜索路径位置“{RawFileName}”找到引用。
             此引用不是“CopyLocal”，因为至少有一个源项将“Private”设置为“false”，而没有源项将“Private”设置为“true”。
         主引用“System.Security.Cryptography.Csp, Version=8.0.0.0, Culture=neutral, PublicKeyToken=b03f5f7f11d50a3a”。
             解析的文件路径为“C:\Program Files\dotnet\packs\Microsoft.NETCore.App.Ref\8.0.27\ref\net8.0\System.Security.Cryptography.Csp.dll”。
             在搜索路径位置“{RawFileName}”找到引用。
             此引用不是“CopyLocal”，因为至少有一个源项将“Private”设置为“false”，而没有源项将“Private”设置为“true”。
         主引用“System.Security.Cryptography.Encoding, Version=8.0.0.0, Culture=neutral, PublicKeyToken=b03f5f7f11d50a3a”。
             解析的文件路径为“C:\Program Files\dotnet\packs\Microsoft.NETCore.App.Ref\8.0.27\ref\net8.0\System.Security.Cryptography.Encoding.dll”。
             在搜索路径位置“{RawFileName}”找到引用。
             此引用不是“CopyLocal”，因为至少有一个源项将“Private”设置为“false”，而没有源项将“Private”设置为“true”。
         主引用“System.Security.Cryptography.OpenSsl, Version=8.0.0.0, Culture=neutral, PublicKeyToken=b03f5f7f11d50a3a”。
             解析的文件路径为“C:\Program Files\dotnet\packs\Microsoft.NETCore.App.Ref\8.0.27\ref\net8.0\System.Security.Cryptography.OpenSsl.dll”。
             在搜索路径位置“{RawFileName}”找到引用。
             此引用不是“CopyLocal”，因为至少有一个源项将“Private”设置为“false”，而没有源项将“Private”设置为“true”。
         主引用“System.Security.Cryptography.Primitives, Version=8.0.0.0, Culture=neutral, PublicKeyToken=b03f5f7f11d50a3a”。
             解析的文件路径为“C:\Program Files\dotnet\packs\Microsoft.NETCore.App.Ref\8.0.27\ref\net8.0\System.Security.Cryptography.Primitives.dll”。
             在搜索路径位置“{RawFileName}”找到引用。
             此引用不是“CopyLocal”，因为至少有一个源项将“Private”设置为“false”，而没有源项将“Private”设置为“true”。
         主引用“System.Security.Cryptography.X509Certificates, Version=8.0.0.0, Culture=neutral, PublicKeyToken=b03f5f7f11d50a3a”。
             解析的文件路径为“C:\Program Files\dotnet\packs\Microsoft.NETCore.App.Ref\8.0.27\ref\net8.0\System.Security.Cryptography.X509Certificates.dll”。
             在搜索路径位置“{RawFileName}”找到引用。
             此引用不是“CopyLocal”，因为至少有一个源项将“Private”设置为“false”，而没有源项将“Private”设置为“true”。
         主引用“System.Security.Cryptography, Version=8.0.0.0, Culture=neutral, PublicKeyToken=b03f5f7f11d50a3a”。
             解析的文件路径为“C:\Program Files\dotnet\packs\Microsoft.NETCore.App.Ref\8.0.27\ref\net8.0\System.Security.Cryptography.dll”。
             在搜索路径位置“{RawFileName}”找到引用。
             此引用不是“CopyLocal”，因为至少有一个源项将“Private”设置为“false”，而没有源项将“Private”设置为“true”。
         主引用“System.Security.Principal.Windows, Version=8.0.0.0, Culture=neutral, PublicKeyToken=b03f5f7f11d50a3a”。
             解析的文件路径为“C:\Program Files\dotnet\packs\Microsoft.NETCore.App.Ref\8.0.27\ref\net8.0\System.Security.Principal.Windows.dll”。
             在搜索路径位置“{RawFileName}”找到引用。
             此引用不是“CopyLocal”，因为至少有一个源项将“Private”设置为“false”，而没有源项将“Private”设置为“true”。
         主引用“System.Security.Principal, Version=8.0.0.0, Culture=neutral, PublicKeyToken=b03f5f7f11d50a3a”。
             解析的文件路径为“C:\Program Files\dotnet\packs\Microsoft.NETCore.App.Ref\8.0.27\ref\net8.0\System.Security.Principal.dll”。
             在搜索路径位置“{RawFileName}”找到引用。
             此引用不是“CopyLocal”，因为至少有一个源项将“Private”设置为“false”，而没有源项将“Private”设置为“true”。
         主引用“System.Security.SecureString, Version=8.0.0.0, Culture=neutral, PublicKeyToken=b03f5f7f11d50a3a”。
             解析的文件路径为“C:\Program Files\dotnet\packs\Microsoft.NETCore.App.Ref\8.0.27\ref\net8.0\System.Security.SecureString.dll”。
             在搜索路径位置“{RawFileName}”找到引用。
             此引用不是“CopyLocal”，因为至少有一个源项将“Private”设置为“false”，而没有源项将“Private”设置为“true”。
         主引用“System.Security, Version=4.0.0.0, Culture=neutral, PublicKeyToken=b03f5f7f11d50a3a”。
             解析的文件路径为“C:\Program Files\dotnet\packs\Microsoft.NETCore.App.Ref\8.0.27\ref\net8.0\System.Security.dll”。
             在搜索路径位置“{RawFileName}”找到引用。
             此引用不是“CopyLocal”，因为至少有一个源项将“Private”设置为“false”，而没有源项将“Private”设置为“true”。
         主引用“System.ServiceModel.Web, Version=4.0.0.0, Culture=neutral, PublicKeyToken=31bf3856ad364e35”。
             解析的文件路径为“C:\Program Files\dotnet\packs\Microsoft.NETCore.App.Ref\8.0.27\ref\net8.0\System.ServiceModel.Web.dll”。
             在搜索路径位置“{RawFileName}”找到引用。
             此引用不是“CopyLocal”，因为至少有一个源项将“Private”设置为“false”，而没有源项将“Private”设置为“true”。
         主引用“System.ServiceProcess, Version=4.0.0.0, Culture=neutral, PublicKeyToken=b03f5f7f11d50a3a”。
             解析的文件路径为“C:\Program Files\dotnet\packs\Microsoft.NETCore.App.Ref\8.0.27\ref\net8.0\System.ServiceProcess.dll”。
             在搜索路径位置“{RawFileName}”找到引用。
             此引用不是“CopyLocal”，因为至少有一个源项将“Private”设置为“false”，而没有源项将“Private”设置为“true”。
         主引用“System.Text.Encoding.CodePages, Version=8.0.0.0, Culture=neutral, PublicKeyToken=b03f5f7f11d50a3a”。
             解析的文件路径为“C:\Program Files\dotnet\packs\Microsoft.NETCore.App.Ref\8.0.27\ref\net8.0\System.Text.Encoding.CodePages.dll”。
             在搜索路径位置“{RawFileName}”找到引用。
             此引用不是“CopyLocal”，因为至少有一个源项将“Private”设置为“false”，而没有源项将“Private”设置为“true”。
         主引用“System.Text.Encoding.Extensions, Version=8.0.0.0, Culture=neutral, PublicKeyToken=b03f5f7f11d50a3a”。
             解析的文件路径为“C:\Program Files\dotnet\packs\Microsoft.NETCore.App.Ref\8.0.27\ref\net8.0\System.Text.Encoding.Extensions.dll”。
             在搜索路径位置“{RawFileName}”找到引用。
             此引用不是“CopyLocal”，因为至少有一个源项将“Private”设置为“false”，而没有源项将“Private”设置为“true”。
         主引用“System.Text.Encoding, Version=8.0.0.0, Culture=neutral, PublicKeyToken=b03f5f7f11d50a3a”。
             解析的文件路径为“C:\Program Files\dotnet\packs\Microsoft.NETCore.App.Ref\8.0.27\ref\net8.0\System.Text.Encoding.dll”。
             在搜索路径位置“{RawFileName}”找到引用。
             此引用不是“CopyLocal”，因为至少有一个源项将“Private”设置为“false”，而没有源项将“Private”设置为“true”。
         主引用“System.Text.Encodings.Web, Version=8.0.0.0, Culture=neutral, PublicKeyToken=cc7b13ffcd2ddd51”。
             解析的文件路径为“C:\Program Files\dotnet\packs\Microsoft.NETCore.App.Ref\8.0.27\ref\net8.0\System.Text.Encodings.Web.dll”。
             在搜索路径位置“{RawFileName}”找到引用。
             此引用不是“CopyLocal”，因为至少有一个源项将“Private”设置为“false”，而没有源项将“Private”设置为“true”。
         主引用“System.Text.Json, Version=8.0.0.0, Culture=neutral, PublicKeyToken=cc7b13ffcd2ddd51”。
             解析的文件路径为“C:\Program Files\dotnet\packs\Microsoft.NETCore.App.Ref\8.0.27\ref\net8.0\System.Text.Json.dll”。
             在搜索路径位置“{RawFileName}”找到引用。
             此引用不是“CopyLocal”，因为至少有一个源项将“Private”设置为“false”，而没有源项将“Private”设置为“true”。
         主引用“System.Text.RegularExpressions, Version=8.0.0.0, Culture=neutral, PublicKeyToken=b03f5f7f11d50a3a”。
             解析的文件路径为“C:\Program Files\dotnet\packs\Microsoft.NETCore.App.Ref\8.0.27\ref\net8.0\System.Text.RegularExpressions.dll”。
             在搜索路径位置“{RawFileName}”找到引用。
             此引用不是“CopyLocal”，因为至少有一个源项将“Private”设置为“false”，而没有源项将“Private”设置为“true”。
         主引用“System.Threading.Channels, Version=8.0.0.0, Culture=neutral, PublicKeyToken=cc7b13ffcd2ddd51”。
             解析的文件路径为“C:\Program Files\dotnet\packs\Microsoft.NETCore.App.Ref\8.0.27\ref\net8.0\System.Threading.Channels.dll”。
             在搜索路径位置“{RawFileName}”找到引用。
             此引用不是“CopyLocal”，因为至少有一个源项将“Private”设置为“false”，而没有源项将“Private”设置为“true”。
         主引用“System.Threading.Overlapped, Version=8.0.0.0, Culture=neutral, PublicKeyToken=b03f5f7f11d50a3a”。
             解析的文件路径为“C:\Program Files\dotnet\packs\Microsoft.NETCore.App.Ref\8.0.27\ref\net8.0\System.Threading.Overlapped.dll”。
             在搜索路径位置“{RawFileName}”找到引用。
             此引用不是“CopyLocal”，因为至少有一个源项将“Private”设置为“false”，而没有源项将“Private”设置为“true”。
         主引用“System.Threading.Tasks.Dataflow, Version=8.0.0.0, Culture=neutral, PublicKeyToken=b03f5f7f11d50a3a”。
             解析的文件路径为“C:\Program Files\dotnet\packs\Microsoft.NETCore.App.Ref\8.0.27\ref\net8.0\System.Threading.Tasks.Dataflow.dll”。
             在搜索路径位置“{RawFileName}”找到引用。
             此引用不是“CopyLocal”，因为至少有一个源项将“Private”设置为“false”，而没有源项将“Private”设置为“true”。
         主引用“System.Threading.Tasks.Extensions, Version=8.0.0.0, Culture=neutral, PublicKeyToken=cc7b13ffcd2ddd51”。
             解析的文件路径为“C:\Program Files\dotnet\packs\Microsoft.NETCore.App.Ref\8.0.27\ref\net8.0\System.Threading.Tasks.Extensions.dll”。
             在搜索路径位置“{RawFileName}”找到引用。
             此引用不是“CopyLocal”，因为至少有一个源项将“Private”设置为“false”，而没有源项将“Private”设置为“true”。
         主引用“System.Threading.Tasks.Parallel, Version=8.0.0.0, Culture=neutral, PublicKeyToken=b03f5f7f11d50a3a”。
             解析的文件路径为“C:\Program Files\dotnet\packs\Microsoft.NETCore.App.Ref\8.0.27\ref\net8.0\System.Threading.Tasks.Parallel.dll”。
             在搜索路径位置“{RawFileName}”找到引用。
             此引用不是“CopyLocal”，因为至少有一个源项将“Private”设置为“false”，而没有源项将“Private”设置为“true”。
         主引用“System.Threading.Tasks, Version=8.0.0.0, Culture=neutral, PublicKeyToken=b03f5f7f11d50a3a”。
             解析的文件路径为“C:\Program Files\dotnet\packs\Microsoft.NETCore.App.Ref\8.0.27\ref\net8.0\System.Threading.Tasks.dll”。
             在搜索路径位置“{RawFileName}”找到引用。
             此引用不是“CopyLocal”，因为至少有一个源项将“Private”设置为“false”，而没有源项将“Private”设置为“true”。
         主引用“System.Threading.Thread, Version=8.0.0.0, Culture=neutral, PublicKeyToken=b03f5f7f11d50a3a”。
             解析的文件路径为“C:\Program Files\dotnet\packs\Microsoft.NETCore.App.Ref\8.0.27\ref\net8.0\System.Threading.Thread.dll”。
             在搜索路径位置“{RawFileName}”找到引用。
             此引用不是“CopyLocal”，因为至少有一个源项将“Private”设置为“false”，而没有源项将“Private”设置为“true”。
         主引用“System.Threading.ThreadPool, Version=8.0.0.0, Culture=neutral, PublicKeyToken=b03f5f7f11d50a3a”。
             解析的文件路径为“C:\Program Files\dotnet\packs\Microsoft.NETCore.App.Ref\8.0.27\ref\net8.0\System.Threading.ThreadPool.dll”。
             在搜索路径位置“{RawFileName}”找到引用。
             此引用不是“CopyLocal”，因为至少有一个源项将“Private”设置为“false”，而没有源项将“Private”设置为“true”。
         主引用“System.Threading.Timer, Version=8.0.0.0, Culture=neutral, PublicKeyToken=b03f5f7f11d50a3a”。
             解析的文件路径为“C:\Program Files\dotnet\packs\Microsoft.NETCore.App.Ref\8.0.27\ref\net8.0\System.Threading.Timer.dll”。
             在搜索路径位置“{RawFileName}”找到引用。
             此引用不是“CopyLocal”，因为至少有一个源项将“Private”设置为“false”，而没有源项将“Private”设置为“true”。
         统一主引用“System.Threading, Version=8.0.0.0, Culture=neutral, PublicKeyToken=b03f5f7f11d50a3a”。
             使用此版本而不是“C:\Users\Vita\.nuget\packages\communitytoolkit.mvvm\8.2.2\lib\net6.0\CommunityToolkit.Mvvm.dll”中的原始版本“6.0.0.0”，因为 AutoUnify 为“true”。
             使用此版本而不是“C:\Users\Vita\.nuget\packages\microsoft.windowsappsdk\1.7.250310001\lib\net6.0-windows10.0.18362.0\Microsoft.InteractiveExperiences.Projection.dll”中的原始版本“6.0.0.0”，因为 AutoUnify 为“true”。
             使用此版本而不是“C:\Users\Vita\.nuget\packages\microsoft.windowsappsdk\1.7.250310001\lib\net6.0-windows10.0.18362.0\Microsoft.Security.Authentication.OAuth.Projection.dll”中的原始版本“6.0.0.0”，因为 AutoUnify 为“true”。
             使用此版本而不是“C:\Users\Vita\.nuget\packages\microsoft.windowsappsdk\1.7.250310001\lib\net6.0-windows10.0.18362.0\Microsoft.WinUI.dll”中的原始版本“6.0.0.0”，因为 AutoUnify 为“true”。
             使用此版本而不是“C:\Users\Vita\.nuget\packages\microsoft.windowsappsdk\1.7.250310001\lib\net6.0-windows10.0.18362.0\Microsoft.Windows.AppLifecycle.Projection.dll”中的原始版本“6.0.0.0”，因为 AutoUnify 为“true”。
             使用此版本而不是“C:\Users\Vita\.nuget\packages\microsoft.windowsappsdk\1.7.250310001\lib\net6.0-windows10.0.18362.0\Microsoft.Windows.AppNotifications.Builder.Projection.dll”中的原始版本“6.0.0.0”，因为 AutoUnify 为“true”。
             使用此版本而不是“C:\Users\Vita\.nuget\packages\microsoft.windowsappsdk\1.7.250310001\lib\net6.0-windows10.0.18362.0\Microsoft.Windows.AppNotifications.Projection.dll”中的原始版本“6.0.0.0”，因为 AutoUnify 为“true”。
             使用此版本而不是“C:\Users\Vita\.nuget\packages\microsoft.windowsappsdk\1.7.250310001\lib\net6.0-windows10.0.18362.0\Microsoft.Windows.ApplicationModel.Background.Projection.dll”中的原始版本“6.0.0.0”，因为 AutoUnify 为“true”。
             使用此版本而不是“C:\Users\Vita\.nuget\packages\microsoft.windowsappsdk\1.7.250310001\lib\net6.0-windows10.0.18362.0\Microsoft.Windows.ApplicationModel.DynamicDependency.Projection.dll”中的原始版本“6.0.0.0”，因为 AutoUnify 为“true”。
             使用此版本而不是“C:\Users\Vita\.nuget\packages\microsoft.windowsappsdk\1.7.250310001\lib\net6.0-windows10.0.18362.0\Microsoft.Windows.ApplicationModel.Resources.Projection.dll”中的原始版本“6.0.0.0”，因为 AutoUnify 为“true”。
             使用此版本而不是“C:\Users\Vita\.nuget\packages\microsoft.windowsappsdk\1.7.250310001\lib\net6.0-windows10.0.18362.0\Microsoft.Windows.ApplicationModel.WindowsAppRuntime.Projection.dll”中的原始版本“6.0.0.0”，因为 AutoUnify 为“true”。
             使用此版本而不是“C:\Users\Vita\.nuget\packages\microsoft.windowsappsdk\1.7.250310001\lib\net6.0-windows10.0.18362.0\Microsoft.Windows.BadgeNotifications.Projection.dll”中的原始版本“6.0.0.0”，因为 AutoUnify 为“true”。
             使用此版本而不是“C:\Users\Vita\.nuget\packages\microsoft.windowsappsdk\1.7.250310001\lib\net6.0-windows10.0.18362.0\Microsoft.Windows.Management.Deployment.Projection.dll”中的原始版本“6.0.0.0”，因为 AutoUnify 为“true”。
             使用此版本而不是“C:\Users\Vita\.nuget\packages\microsoft.windowsappsdk\1.7.250310001\lib\net6.0-windows10.0.18362.0\Microsoft.Windows.Media.Capture.Projection.dll”中的原始版本“6.0.0.0”，因为 AutoUnify 为“true”。
             使用此版本而不是“C:\Users\Vita\.nuget\packages\microsoft.windowsappsdk\1.7.250310001\lib\net6.0-windows10.0.18362.0\Microsoft.Windows.PushNotifications.Projection.dll”中的原始版本“6.0.0.0”，因为 AutoUnify 为“true”。
             使用此版本而不是“C:\Users\Vita\.nuget\packages\microsoft.windowsappsdk\1.7.250310001\lib\net6.0-windows10.0.18362.0\Microsoft.Windows.Storage.Projection.dll”中的原始版本“6.0.0.0”，因为 AutoUnify 为“true”。
             使用此版本而不是“C:\Users\Vita\.nuget\packages\microsoft.windowsappsdk\1.7.250310001\lib\net6.0-windows10.0.18362.0\Microsoft.Windows.System.Power.Projection.dll”中的原始版本“6.0.0.0”，因为 AutoUnify 为“true”。
             使用此版本而不是“C:\Users\Vita\.nuget\packages\microsoft.windowsappsdk\1.7.250310001\lib\net6.0-windows10.0.18362.0\Microsoft.Windows.System.Projection.dll”中的原始版本“6.0.0.0”，因为 AutoUnify 为“true”。
             使用此版本而不是“C:\Users\Vita\.nuget\packages\microsoft.windowsappsdk\1.7.250310001\lib\net6.0-windows10.0.18362.0\Microsoft.Windows.Widgets.Projection.dll”中的原始版本“6.0.0.0”，因为 AutoUnify 为“true”。
             解析的文件路径为“C:\Program Files\dotnet\packs\Microsoft.NETCore.App.Ref\8.0.27\ref\net8.0\System.Threading.dll”。
             在搜索路径位置“{RawFileName}”找到引用。
             此引用不是“CopyLocal”，因为至少有一个源项将“Private”设置为“false”，而没有源项将“Private”设置为“true”。
         主引用“System.Transactions.Local, Version=8.0.0.0, Culture=neutral, PublicKeyToken=cc7b13ffcd2ddd51”。
             解析的文件路径为“C:\Program Files\dotnet\packs\Microsoft.NETCore.App.Ref\8.0.27\ref\net8.0\System.Transactions.Local.dll”。
             在搜索路径位置“{RawFileName}”找到引用。
             此引用不是“CopyLocal”，因为至少有一个源项将“Private”设置为“false”，而没有源项将“Private”设置为“true”。
         主引用“System.Transactions, Version=4.0.0.0, Culture=neutral, PublicKeyToken=b77a5c561934e089”。
             解析的文件路径为“C:\Program Files\dotnet\packs\Microsoft.NETCore.App.Ref\8.0.27\ref\net8.0\System.Transactions.dll”。
             在搜索路径位置“{RawFileName}”找到引用。
             此引用不是“CopyLocal”，因为至少有一个源项将“Private”设置为“false”，而没有源项将“Private”设置为“true”。
         主引用“System.ValueTuple, Version=8.0.0.0, Culture=neutral, PublicKeyToken=cc7b13ffcd2ddd51”。
             解析的文件路径为“C:\Program Files\dotnet\packs\Microsoft.NETCore.App.Ref\8.0.27\ref\net8.0\System.ValueTuple.dll”。
             在搜索路径位置“{RawFileName}”找到引用。
             此引用不是“CopyLocal”，因为至少有一个源项将“Private”设置为“false”，而没有源项将“Private”设置为“true”。
         主引用“System.Web.HttpUtility, Version=8.0.0.0, Culture=neutral, PublicKeyToken=cc7b13ffcd2ddd51”。
             解析的文件路径为“C:\Program Files\dotnet\packs\Microsoft.NETCore.App.Ref\8.0.27\ref\net8.0\System.Web.HttpUtility.dll”。
             在搜索路径位置“{RawFileName}”找到引用。
             此引用不是“CopyLocal”，因为至少有一个源项将“Private”设置为“false”，而没有源项将“Private”设置为“true”。
         主引用“System.Web, Version=4.0.0.0, Culture=neutral, PublicKeyToken=b03f5f7f11d50a3a”。
             解析的文件路径为“C:\Program Files\dotnet\packs\Microsoft.NETCore.App.Ref\8.0.27\ref\net8.0\System.Web.dll”。
             在搜索路径位置“{RawFileName}”找到引用。
             此引用不是“CopyLocal”，因为至少有一个源项将“Private”设置为“false”，而没有源项将“Private”设置为“true”。
         主引用“System.Windows, Version=4.0.0.0, Culture=neutral, PublicKeyToken=b03f5f7f11d50a3a”。
             解析的文件路径为“C:\Program Files\dotnet\packs\Microsoft.NETCore.App.Ref\8.0.27\ref\net8.0\System.Windows.dll”。
             在搜索路径位置“{RawFileName}”找到引用。
             此引用不是“CopyLocal”，因为至少有一个源项将“Private”设置为“false”，而没有源项将“Private”设置为“true”。
         主引用“System.Xml.Linq, Version=4.0.0.0, Culture=neutral, PublicKeyToken=b77a5c561934e089”。
             解析的文件路径为“C:\Program Files\dotnet\packs\Microsoft.NETCore.App.Ref\8.0.27\ref\net8.0\System.Xml.Linq.dll”。
             在搜索路径位置“{RawFileName}”找到引用。
             此引用不是“CopyLocal”，因为至少有一个源项将“Private”设置为“false”，而没有源项将“Private”设置为“true”。
         主引用“System.Xml.ReaderWriter, Version=8.0.0.0, Culture=neutral, PublicKeyToken=b03f5f7f11d50a3a”。
             解析的文件路径为“C:\Program Files\dotnet\packs\Microsoft.NETCore.App.Ref\8.0.27\ref\net8.0\System.Xml.ReaderWriter.dll”。
             在搜索路径位置“{RawFileName}”找到引用。
             此引用不是“CopyLocal”，因为至少有一个源项将“Private”设置为“false”，而没有源项将“Private”设置为“true”。
         主引用“System.Xml.Serialization, Version=4.0.0.0, Culture=neutral, PublicKeyToken=b77a5c561934e089”。
             解析的文件路径为“C:\Program Files\dotnet\packs\Microsoft.NETCore.App.Ref\8.0.27\ref\net8.0\System.Xml.Serialization.dll”。
             在搜索路径位置“{RawFileName}”找到引用。
             此引用不是“CopyLocal”，因为至少有一个源项将“Private”设置为“false”，而没有源项将“Private”设置为“true”。
         主引用“System.Xml.XDocument, Version=8.0.0.0, Culture=neutral, PublicKeyToken=b03f5f7f11d50a3a”。
             解析的文件路径为“C:\Program Files\dotnet\packs\Microsoft.NETCore.App.Ref\8.0.27\ref\net8.0\System.Xml.XDocument.dll”。
             在搜索路径位置“{RawFileName}”找到引用。
             此引用不是“CopyLocal”，因为至少有一个源项将“Private”设置为“false”，而没有源项将“Private”设置为“true”。
         主引用“System.Xml.XPath.XDocument, Version=8.0.0.0, Culture=neutral, PublicKeyToken=b03f5f7f11d50a3a”。
             解析的文件路径为“C:\Program Files\dotnet\packs\Microsoft.NETCore.App.Ref\8.0.27\ref\net8.0\System.Xml.XPath.XDocument.dll”。
             在搜索路径位置“{RawFileName}”找到引用。
             此引用不是“CopyLocal”，因为至少有一个源项将“Private”设置为“false”，而没有源项将“Private”设置为“true”。
         主引用“System.Xml.XPath, Version=8.0.0.0, Culture=neutral, PublicKeyToken=b03f5f7f11d50a3a”。
             解析的文件路径为“C:\Program Files\dotnet\packs\Microsoft.NETCore.App.Ref\8.0.27\ref\net8.0\System.Xml.XPath.dll”。
             在搜索路径位置“{RawFileName}”找到引用。
             此引用不是“CopyLocal”，因为至少有一个源项将“Private”设置为“false”，而没有源项将“Private”设置为“true”。
         主引用“System.Xml.XmlDocument, Version=8.0.0.0, Culture=neutral, PublicKeyToken=b03f5f7f11d50a3a”。
             解析的文件路径为“C:\Program Files\dotnet\packs\Microsoft.NETCore.App.Ref\8.0.27\ref\net8.0\System.Xml.XmlDocument.dll”。
             在搜索路径位置“{RawFileName}”找到引用。
             此引用不是“CopyLocal”，因为至少有一个源项将“Private”设置为“false”，而没有源项将“Private”设置为“true”。
         主引用“System.Xml.XmlSerializer, Version=8.0.0.0, Culture=neutral, PublicKeyToken=b03f5f7f11d50a3a”。
             解析的文件路径为“C:\Program Files\dotnet\packs\Microsoft.NETCore.App.Ref\8.0.27\ref\net8.0\System.Xml.XmlSerializer.dll”。
             在搜索路径位置“{RawFileName}”找到引用。
             此引用不是“CopyLocal”，因为至少有一个源项将“Private”设置为“false”，而没有源项将“Private”设置为“true”。
         主引用“System.Xml, Version=4.0.0.0, Culture=neutral, PublicKeyToken=b77a5c561934e089”。
             解析的文件路径为“C:\Program Files\dotnet\packs\Microsoft.NETCore.App.Ref\8.0.27\ref\net8.0\System.Xml.dll”。
             在搜索路径位置“{RawFileName}”找到引用。
             此引用不是“CopyLocal”，因为至少有一个源项将“Private”设置为“false”，而没有源项将“Private”设置为“true”。
         主引用“System, Version=4.0.0.0, Culture=neutral, PublicKeyToken=b77a5c561934e089”。
             解析的文件路径为“C:\Program Files\dotnet\packs\Microsoft.NETCore.App.Ref\8.0.27\ref\net8.0\System.dll”。
             在搜索路径位置“{RawFileName}”找到引用。
             此引用不是“CopyLocal”，因为至少有一个源项将“Private”设置为“false”，而没有源项将“Private”设置为“true”。
         主引用“WindowsBase, Version=4.0.0.0, Culture=neutral, PublicKeyToken=31bf3856ad364e35”。
             解析的文件路径为“C:\Program Files\dotnet\packs\Microsoft.NETCore.App.Ref\8.0.27\ref\net8.0\WindowsBase.dll”。
             在搜索路径位置“{RawFileName}”找到引用。
             此引用不是“CopyLocal”，因为至少有一个源项将“Private”设置为“false”，而没有源项将“Private”设置为“true”。
         主引用“mscorlib, Version=4.0.0.0, Culture=neutral, PublicKeyToken=b77a5c561934e089”。
             解析的文件路径为“C:\Program Files\dotnet\packs\Microsoft.NETCore.App.Ref\8.0.27\ref\net8.0\mscorlib.dll”。
             在搜索路径位置“{RawFileName}”找到引用。
             此引用不是“CopyLocal”，因为至少有一个源项将“Private”设置为“false”，而没有源项将“Private”设置为“true”。
         主引用“netstandard, Version=2.1.0.0, Culture=neutral, PublicKeyToken=cc7b13ffcd2ddd51”。
             解析的文件路径为“C:\Program Files\dotnet\packs\Microsoft.NETCore.App.Ref\8.0.27\ref\net8.0\netstandard.dll”。
             在搜索路径位置“{RawFileName}”找到引用。
             此引用不是“CopyLocal”，因为至少有一个源项将“Private”设置为“false”，而没有源项将“Private”设置为“true”。
         统一主引用“Microsoft.Windows.SDK.NET, Version=10.0.19041.38, Culture=neutral, PublicKeyToken=31bf3856ad364e35”。
             使用此版本而不是“C:\Users\Vita\.nuget\packages\microsoft.web.webview2\1.0.2903.40\lib_manual\net8.0-windows10.0.17763.0\Microsoft.Web.WebView2.Core.Projection.dll”中的原始版本“10.0.17763.38”，因为 AutoUnify 为“true”。
             使用此版本而不是“C:\Users\Vita\.nuget\packages\microsoft.windowsappsdk\1.7.250310001\lib\net6.0-windows10.0.18362.0\Microsoft.InteractiveExperiences.Projection.dll”中的原始版本“10.0.18362.38”，因为 AutoUnify 为“true”。
             使用此版本而不是“C:\Users\Vita\.nuget\packages\microsoft.windowsappsdk\1.7.250310001\lib\net6.0-windows10.0.18362.0\Microsoft.Security.Authentication.OAuth.Projection.dll”中的原始版本“10.0.17763.38”，因为 AutoUnify 为“true”。
             使用此版本而不是“C:\Users\Vita\.nuget\packages\microsoft.windowsappsdk\1.7.250310001\lib\net6.0-windows10.0.18362.0\Microsoft.WinUI.dll”中的原始版本“10.0.17763.38”，因为 AutoUnify 为“true”。
             使用此版本而不是“C:\Users\Vita\.nuget\packages\microsoft.windowsappsdk\1.7.250310001\lib\net6.0-windows10.0.18362.0\Microsoft.Windows.AppLifecycle.Projection.dll”中的原始版本“10.0.17763.38”，因为 AutoUnify 为“true”。
             使用此版本而不是“C:\Users\Vita\.nuget\packages\microsoft.windowsappsdk\1.7.250310001\lib\net6.0-windows10.0.18362.0\Microsoft.Windows.AppNotifications.Builder.Projection.dll”中的原始版本“10.0.17763.38”，因为 AutoUnify 为“true”。
             使用此版本而不是“C:\Users\Vita\.nuget\packages\microsoft.windowsappsdk\1.7.250310001\lib\net6.0-windows10.0.18362.0\Microsoft.Windows.AppNotifications.Projection.dll”中的原始版本“10.0.17763.38”，因为 AutoUnify 为“true”。
             使用此版本而不是“C:\Users\Vita\.nuget\packages\microsoft.windowsappsdk\1.7.250310001\lib\net6.0-windows10.0.18362.0\Microsoft.Windows.ApplicationModel.Background.Projection.dll”中的原始版本“10.0.17763.38”，因为 AutoUnify 为“true”。
             使用此版本而不是“C:\Users\Vita\.nuget\packages\microsoft.windowsappsdk\1.7.250310001\lib\net6.0-windows10.0.18362.0\Microsoft.Windows.ApplicationModel.DynamicDependency.Projection.dll”中的原始版本“10.0.17763.38”，因为 AutoUnify 为“true”。
             使用此版本而不是“C:\Users\Vita\.nuget\packages\microsoft.windowsappsdk\1.7.250310001\lib\net6.0-windows10.0.18362.0\Microsoft.Windows.ApplicationModel.Resources.Projection.dll”中的原始版本“10.0.17763.38”，因为 AutoUnify 为“true”。
             使用此版本而不是“C:\Users\Vita\.nuget\packages\microsoft.windowsappsdk\1.7.250310001\lib\net6.0-windows10.0.18362.0\Microsoft.Windows.ApplicationModel.WindowsAppRuntime.Projection.dll”中的原始版本“10.0.17763.38”，因为 AutoUnify 为“true”。
             使用此版本而不是“C:\Users\Vita\.nuget\packages\microsoft.windowsappsdk\1.7.250310001\lib\net6.0-windows10.0.18362.0\Microsoft.Windows.BadgeNotifications.Projection.dll”中的原始版本“10.0.17763.38”，因为 AutoUnify 为“true”。
             使用此版本而不是“C:\Users\Vita\.nuget\packages\microsoft.windowsappsdk\1.7.250310001\lib\net6.0-windows10.0.18362.0\Microsoft.Windows.Management.Deployment.Projection.dll”中的原始版本“10.0.17763.38”，因为 AutoUnify 为“true”。
             使用此版本而不是“C:\Users\Vita\.nuget\packages\microsoft.windowsappsdk\1.7.250310001\lib\net6.0-windows10.0.18362.0\Microsoft.Windows.Media.Capture.Projection.dll”中的原始版本“10.0.17763.38”，因为 AutoUnify 为“true”。
             使用此版本而不是“C:\Users\Vita\.nuget\packages\microsoft.windowsappsdk\1.7.250310001\lib\net6.0-windows10.0.18362.0\Microsoft.Windows.PushNotifications.Projection.dll”中的原始版本“10.0.17763.38”，因为 AutoUnify 为“true”。
             使用此版本而不是“C:\Users\Vita\.nuget\packages\microsoft.windowsappsdk\1.7.250310001\lib\net6.0-windows10.0.18362.0\Microsoft.Windows.Security.AccessControl.Projection.dll”中的原始版本“10.0.17763.38”，因为 AutoUnify 为“true”。
             使用此版本而不是“C:\Users\Vita\.nuget\packages\microsoft.windowsappsdk\1.7.250310001\lib\net6.0-windows10.0.18362.0\Microsoft.Windows.Storage.Projection.dll”中的原始版本“10.0.17763.38”，因为 AutoUnify 为“true”。
             使用此版本而不是“C:\Users\Vita\.nuget\packages\microsoft.windowsappsdk\1.7.250310001\lib\net6.0-windows10.0.18362.0\Microsoft.Windows.System.Power.Projection.dll”中的原始版本“10.0.17763.38”，因为 AutoUnify 为“true”。
             使用此版本而不是“C:\Users\Vita\.nuget\packages\microsoft.windowsappsdk\1.7.250310001\lib\net6.0-windows10.0.18362.0\Microsoft.Windows.System.Projection.dll”中的原始版本“10.0.17763.38”，因为 AutoUnify 为“true”。
             使用此版本而不是“C:\Users\Vita\.nuget\packages\microsoft.windowsappsdk\1.7.250310001\lib\net6.0-windows10.0.18362.0\Microsoft.Windows.Widgets.Projection.dll”中的原始版本“10.0.17763.38”，因为 AutoUnify 为“true”。
             解析的文件路径为“C:\Users\Vita\.nuget\packages\microsoft.windows.sdk.net.ref\10.0.19041.57\lib\net8.0\Microsoft.Windows.SDK.NET.dll”。
             在搜索路径位置“{RawFileName}”找到引用。
             此引用不是“CopyLocal”，因为至少有一个源项将“Private”设置为“false”，而没有源项将“Private”设置为“true”。
         统一主引用“WinRT.Runtime, Version=2.2.0.0, Culture=neutral, PublicKeyToken=99ea127f02d97709”。
             使用此版本而不是“C:\Users\Vita\.nuget\packages\microsoft.web.webview2\1.0.2903.40\lib_manual\net8.0-windows10.0.17763.0\Microsoft.Web.WebView2.Core.Projection.dll”中的原始版本“2.1.0.0”，因为 AutoUnify 为“true”。
             使用此版本而不是“C:\Users\Vita\.nuget\packages\microsoft.windowsappsdk\1.7.250310001\lib\net6.0-windows10.0.18362.0\Microsoft.InteractiveExperiences.Projection.dll”中的原始版本“2.1.0.0”，因为 AutoUnify 为“true”。
             使用此版本而不是“C:\Users\Vita\.nuget\packages\microsoft.windowsappsdk\1.7.250310001\lib\net6.0-windows10.0.18362.0\Microsoft.Security.Authentication.OAuth.Projection.dll”中的原始版本“2.1.0.0”，因为 AutoUnify 为“true”。
             使用此版本而不是“C:\Users\Vita\.nuget\packages\microsoft.windowsappsdk\1.7.250310001\lib\net6.0-windows10.0.18362.0\Microsoft.WinUI.dll”中的原始版本“2.1.0.0”，因为 AutoUnify 为“true”。
             使用此版本而不是“C:\Users\Vita\.nuget\packages\microsoft.windowsappsdk\1.7.250310001\lib\net6.0-windows10.0.18362.0\Microsoft.Windows.AppLifecycle.Projection.dll”中的原始版本“2.1.0.0”，因为 AutoUnify 为“true”。
             使用此版本而不是“C:\Users\Vita\.nuget\packages\microsoft.windowsappsdk\1.7.250310001\lib\net6.0-windows10.0.18362.0\Microsoft.Windows.AppNotifications.Builder.Projection.dll”中的原始版本“2.1.0.0”，因为 AutoUnify 为“true”。
             使用此版本而不是“C:\Users\Vita\.nuget\packages\microsoft.windowsappsdk\1.7.250310001\lib\net6.0-windows10.0.18362.0\Microsoft.Windows.AppNotifications.Projection.dll”中的原始版本“2.1.0.0”，因为 AutoUnify 为“true”。
             使用此版本而不是“C:\Users\Vita\.nuget\packages\microsoft.windowsappsdk\1.7.250310001\lib\net6.0-windows10.0.18362.0\Microsoft.Windows.ApplicationModel.Background.Projection.dll”中的原始版本“2.1.0.0”，因为 AutoUnify 为“true”。
             使用此版本而不是“C:\Users\Vita\.nuget\packages\microsoft.windowsappsdk\1.7.250310001\lib\net6.0-windows10.0.18362.0\Microsoft.Windows.ApplicationModel.DynamicDependency.Projection.dll”中的原始版本“2.1.0.0”，因为 AutoUnify 为“true”。
             使用此版本而不是“C:\Users\Vita\.nuget\packages\microsoft.windowsappsdk\1.7.250310001\lib\net6.0-windows10.0.18362.0\Microsoft.Windows.ApplicationModel.Resources.Projection.dll”中的原始版本“2.1.0.0”，因为 AutoUnify 为“true”。
             使用此版本而不是“C:\Users\Vita\.nuget\packages\microsoft.windowsappsdk\1.7.250310001\lib\net6.0-windows10.0.18362.0\Microsoft.Windows.ApplicationModel.WindowsAppRuntime.Projection.dll”中的原始版本“2.1.0.0”，因为 AutoUnify 为“true”。
             使用此版本而不是“C:\Users\Vita\.nuget\packages\microsoft.windowsappsdk\1.7.250310001\lib\net6.0-windows10.0.18362.0\Microsoft.Windows.BadgeNotifications.Projection.dll”中的原始版本“2.1.0.0”，因为 AutoUnify 为“true”。
             使用此版本而不是“C:\Users\Vita\.nuget\packages\microsoft.windowsappsdk\1.7.250310001\lib\net6.0-windows10.0.18362.0\Microsoft.Windows.Management.Deployment.Projection.dll”中的原始版本“2.1.0.0”，因为 AutoUnify 为“true”。
             使用此版本而不是“C:\Users\Vita\.nuget\packages\microsoft.windowsappsdk\1.7.250310001\lib\net6.0-windows10.0.18362.0\Microsoft.Windows.Media.Capture.Projection.dll”中的原始版本“2.1.0.0”，因为 AutoUnify 为“true”。
             使用此版本而不是“C:\Users\Vita\.nuget\packages\microsoft.windowsappsdk\1.7.250310001\lib\net6.0-windows10.0.18362.0\Microsoft.Windows.PushNotifications.Projection.dll”中的原始版本“2.1.0.0”，因为 AutoUnify 为“true”。
             使用此版本而不是“C:\Users\Vita\.nuget\packages\microsoft.windowsappsdk\1.7.250310001\lib\net6.0-windows10.0.18362.0\Microsoft.Windows.Security.AccessControl.Projection.dll”中的原始版本“2.1.0.0”，因为 AutoUnify 为“true”。
             使用此版本而不是“C:\Users\Vita\.nuget\packages\microsoft.windowsappsdk\1.7.250310001\lib\net6.0-windows10.0.18362.0\Microsoft.Windows.Storage.Projection.dll”中的原始版本“2.1.0.0”，因为 AutoUnify 为“true”。
             使用此版本而不是“C:\Users\Vita\.nuget\packages\microsoft.windowsappsdk\1.7.250310001\lib\net6.0-windows10.0.18362.0\Microsoft.Windows.System.Power.Projection.dll”中的原始版本“2.1.0.0”，因为 AutoUnify 为“true”。
             使用此版本而不是“C:\Users\Vita\.nuget\packages\microsoft.windowsappsdk\1.7.250310001\lib\net6.0-windows10.0.18362.0\Microsoft.Windows.System.Projection.dll”中的原始版本“2.1.0.0”，因为 AutoUnify 为“true”。
             使用此版本而不是“C:\Users\Vita\.nuget\packages\microsoft.windowsappsdk\1.7.250310001\lib\net6.0-windows10.0.18362.0\Microsoft.Windows.Widgets.Projection.dll”中的原始版本“2.1.0.0”，因为 AutoUnify 为“true”。
             解析的文件路径为“C:\Users\Vita\.nuget\packages\microsoft.windows.sdk.net.ref\10.0.19041.57\lib\net8.0\WinRT.Runtime.dll”。
             在搜索路径位置“{RawFileName}”找到引用。
             此引用不是“CopyLocal”，因为至少有一个源项将“Private”设置为“false”，而没有源项将“Private”设置为“true”。
         依赖项“System.Drawing.Common, Version=8.0.0.0, Culture=neutral, PublicKeyToken=cc7b13ffcd2ddd51”。
             未能解析此引用。未能找到程序集“System.Drawing.Common, Version=8.0.0.0, Culture=neutral, PublicKeyToken=cc7b13ffcd2ddd51”。请检查磁盘上是否存在该程序集。 如果您的代码需要此引用，则可能出现编译错误。
                 对于 SearchPath“C:\Users\Vita\.nuget\packages\system.windows.extensions\8.0.0\lib\net8.0”(通过引用程序集“C:\Users\Vita\.nuget\packages\system.windows.extensions\8.0.0\lib\net8.0\System.Windows.Extensions.dll”添加)。
                 已考虑使用“C:\Users\Vita\.nuget\packages\system.windows.extensions\8.0.0\lib\net8.0\System.Drawing.Common.winmd”，但它不存在。
                 已考虑使用“C:\Users\Vita\.nuget\packages\system.windows.extensions\8.0.0\lib\net8.0\System.Drawing.Common.dll”，但它不存在。
                 已考虑使用“C:\Users\Vita\.nuget\packages\system.windows.extensions\8.0.0\lib\net8.0\System.Drawing.Common.exe”，但它不存在。
             “C:\Users\Vita\.nuget\packages\system.windows.extensions\8.0.0\lib\net8.0\System.Windows.Extensions.dll”所必需的。
             “C:\Users\Vita\.nuget\packages\system.security.permissions\8.0.0\lib\net8.0\System.Security.Permissions.dll”所必需的。
       已完成执行任务“ResolveAssemblyReference”的操作。
     2>已完成在项目“Rokurics.csproj”中生成目标“ResolveAssemblyReferences”的操作。
     2>来自项目“C:\Users\Vita\Vitemis\Outposts\Rokurics-Windows\Rokurics\Rokurics.csproj”的文件“C:\Program Files\dotnet\sdk\10.0.300\Microsoft.Common.CurrentVersion.targets”中的目标“AfterResolveReferences”(目标“ResolveReferences”依赖于它):
     2>已完成在项目“Rokurics.csproj”中生成目标“AfterResolveReferences”的操作。
       已跳过目标“ResolveAssemblyReferences”。以前的生成已成功。
     2>来自项目“C:\Users\Vita\Vitemis\Outposts\Rokurics-Windows\Rokurics\Rokurics.csproj”的文件“C:\Users\Vita\.nuget\packages\microsoft.windowsappsdk\1.7.250310001\buildTransitive\Microsoft.WindowsAppSDK.targets”中的目标“WindowsAppSDKVerifyCsWinRtVersions”(目标“ResolveReferences”依赖于它):
     2>已完成在项目“Rokurics.csproj”中生成目标“WindowsAppSDKVerifyCsWinRtVersions”的操作。
     2>来自项目“C:\Users\Vita\Vitemis\Outposts\Rokurics-Windows\Rokurics\Rokurics.csproj”的文件“C:\Program Files\dotnet\sdk\10.0.300\Microsoft.Common.CurrentVersion.targets”中的目标“ResolveReferences”(目标“_BlockWinMDsOnUnsupportedTFMs”依赖于它):
     2>已完成在项目“Rokurics.csproj”中生成目标“ResolveReferences”的操作。
     2>来自项目“C:\Users\Vita\Vitemis\Outposts\Rokurics-Windows\Rokurics\Rokurics.csproj”的文件“C:\Program Files\dotnet\sdk\10.0.300\Sdks\Microsoft.NET.Sdk\targets\Microsoft.NET.Sdk.targets”中的目标“_BlockWinMDsOnUnsupportedTFMs”(目标“CoreBuild”依赖于它):
       正在使用程序集“C:\Program Files\dotnet\sdk\10.0.300\Sdks\Microsoft.NET.Sdk\targets\..\tools\net10.0\Microsoft.NET.Build.Tasks.dll”中的“CheckForUnsupportedWinMDReferences”任务。
       任务“CheckForUnsupportedWinMDReferences”
       已完成执行任务“CheckForUnsupportedWinMDReferences”的操作。
     2>已完成在项目“Rokurics.csproj”中生成目标“_BlockWinMDsOnUnsupportedTFMs”的操作。
       已跳过目标“ResolveReferences”。以前的生成已成功。
       已跳过目标“ResolvePackageDependenciesForBuild”。以前的生成已成功。
       已跳过目标“_HandlePackageFileConflicts”。以前的生成已成功。
       已跳过目标“AddImplicitDefineConstants”。以前的生成已成功。
     2>来自项目“C:\Users\Vita\Vitemis\Outposts\Rokurics-Windows\Rokurics\Rokurics.csproj”的文件“C:\Users\Vita\.nuget\packages\microsoft.windowsappsdk\1.7.250310001\buildTransitive\Microsoft.UI.Xaml.Markup.Compiler.interop.targets”中的目标“GetVCInstallPath”(目标“MarkupCompilePass1”依赖于它):
     2>已完成在项目“Rokurics.csproj”中生成目标“GetVCInstallPath”的操作。
     2>来自项目“C:\Users\Vita\Vitemis\Outposts\Rokurics-Windows\Rokurics\Rokurics.csproj”的文件“C:\Users\Vita\.nuget\packages\microsoft.windowsappsdk\1.7.250310001\buildTransitive\Microsoft.UI.Xaml.Markup.Compiler.interop.targets”中的目标“GetPriIndexName”(目标“MarkupCompilePass1”依赖于它):
     2>已完成在项目“Rokurics.csproj”中生成目标“GetPriIndexName”的操作。
     2>来自项目“C:\Users\Vita\Vitemis\Outposts\Rokurics-Windows\Rokurics\Rokurics.csproj”的文件“C:\Users\Vita\.nuget\packages\microsoft.windowsappsdk\1.7.250310001\buildTransitive\Microsoft.UI.Xaml.Markup.Compiler.interop.targets”中的目标“GetPrecompiledHeaderFile”(目标“MarkupCompilePass1”依赖于它):
     2>已完成在项目“Rokurics.csproj”中生成目标“GetPrecompiledHeaderFile”的操作。
     2>来自项目“C:\Users\Vita\Vitemis\Outposts\Rokurics-Windows\Rokurics\Rokurics.csproj”的文件“C:\Users\Vita\.nuget\packages\microsoft.windowsappsdk\1.7.250310001\buildTransitive\Microsoft.UI.Xaml.Markup.Compiler.interop.targets”中的目标“MarkupCompilePass1”(目标“PrepareResources”依赖于它):
       任务“MakeDir”
       已完成执行任务“MakeDir”的操作。
       在 TaskRun 期间加载的程序集: Microsoft.UI.Xaml.Markup.Compiler.IO, Version=3.0.0.2503, Culture=neutral, PublicKeyToken=de31ebe4ad15742b (位置: C:\Users\Vita\.nuget\packages\microsoft.windowsappsdk\1.7.250310001\tools\net6.0\Microsoft.UI.Xaml.Markup.Compiler.IO.dll，MVID: 4203b52d-61ce-4aa5-a00a-d451971e1e11，AssemblyLoadContext: MSBuild plugin C:\Users\Vita\.nuget\packages\microsoft.windowsappsdk\1.7.250310001\tools\net6.0\Microsoft.UI.Xaml.Markup.Compiler.IO.dll)
       在 TaskRun 期间加载的程序集: Microsoft.UI.Xaml.Markup.Compiler.MSBuildInterop, Version=3.0.0.2503, Culture=neutral, PublicKeyToken=de31ebe4ad15742b (位置: C:\Users\Vita\.nuget\packages\microsoft.windowsappsdk\1.7.250310001\tools\net6.0\Microsoft.UI.Xaml.Markup.Compiler.MSBuildInterop.dll，MVID: 93e0a268-b72d-42ed-a57c-d9fd69fb30be，AssemblyLoadContext: MSBuild plugin C:\Users\Vita\.nuget\packages\microsoft.windowsappsdk\1.7.250310001\tools\net6.0\Microsoft.UI.Xaml.Markup.Compiler.IO.dll)
       正在使用程序集“C:\Users\Vita\.nuget\packages\microsoft.windowsappsdk\1.7.250310001\buildTransitive\..\tools\net6.0\Microsoft.UI.Xaml.Markup.Compiler.IO.dll”中的“InputSerializer”任务。
       任务“InputSerializer”
         在 TaskRun (Microsoft.UI.Xaml.Markup.Compiler.IO.InputSerializer) 期间加载的程序集: System.Text.Json, Version=6.0.0.0, Culture=neutral, PublicKeyToken=cc7b13ffcd2ddd51 (位置: C:\Users\Vita\.nuget\packages\microsoft.windowsappsdk\1.7.250310001\tools\net6.0\System.Text.Json.dll，MVID: 18286260-1922-4a47-ab1c-75627396fd30，AssemblyLoadContext: MSBuild plugin C:\Users\Vita\.nuget\packages\microsoft.windowsappsdk\1.7.250310001\tools\net6.0\Microsoft.UI.Xaml.Markup.Compiler.IO.dll)
         在 TaskRun (Microsoft.UI.Xaml.Markup.Compiler.IO.InputSerializer) 期间加载的程序集: Microsoft.Bcl.AsyncInterfaces, Version=6.0.0.0, Culture=neutral, PublicKeyToken=cc7b13ffcd2ddd51 (位置: C:\Users\Vita\.nuget\packages\microsoft.windowsappsdk\1.7.250310001\tools\net6.0\Microsoft.Bcl.AsyncInterfaces.dll，MVID: b2422c07-7a9d-4584-af3f-f1d7011f6a5a，AssemblyLoadContext: MSBuild plugin C:\Users\Vita\.nuget\packages\microsoft.windowsappsdk\1.7.250310001\tools\net6.0\Microsoft.UI.Xaml.Markup.Compiler.IO.dll)
         在 TaskRun (Microsoft.UI.Xaml.Markup.Compiler.IO.InputSerializer) 期间加载的程序集: System.Text.Encodings.Web, Version=6.0.0.0, Culture=neutral, PublicKeyToken=cc7b13ffcd2ddd51 (位置: C:\Users\Vita\.nuget\packages\microsoft.windowsappsdk\1.7.250310001\tools\net6.0\System.Text.Encodings.Web.dll，MVID: c7521d8a-f0e7-4fc7-b157-923bd9b7a91e，AssemblyLoadContext: MSBuild plugin C:\Users\Vita\.nuget\packages\microsoft.windowsappsdk\1.7.250310001\tools\net6.0\Microsoft.UI.Xaml.Markup.Compiler.IO.dll)
         在 TaskRun (Microsoft.UI.Xaml.Markup.Compiler.IO.InputSerializer) 期间加载的程序集: mscorlib, Version=4.0.0.0, Culture=neutral, PublicKeyToken=b77a5c561934e089 (位置: C:\Program Files\dotnet\shared\Microsoft.NETCore.App\10.0.8\mscorlib.dll，MVID: b6378f1f-af4b-49a3-8018-cd400cf0b1cc，AssemblyLoadContext: Default)
         在 TaskRun (Microsoft.UI.Xaml.Markup.Compiler.IO.InputSerializer) 期间加载的程序集: System.Core, Version=4.0.0.0, Culture=neutral, PublicKeyToken=b77a5c561934e089 (位置: C:\Program Files\dotnet\shared\Microsoft.NETCore.App\10.0.8\System.Core.dll，MVID: 1cbf24e0-7c51-41ff-a518-80dc47c8b2d2，AssemblyLoadContext: Default)
         在 TaskRun (Microsoft.UI.Xaml.Markup.Compiler.IO.InputSerializer) 期间加载的程序集: System.Threading.Tasks.Extensions, Version=10.0.0.0, Culture=neutral, PublicKeyToken=cc7b13ffcd2ddd51 (位置: C:\Program Files\dotnet\shared\Microsoft.NETCore.App\10.0.8\System.Threading.Tasks.Extensions.dll，MVID: 2f753c64-e69f-4396-8f1d-e605ba1a4e20，AssemblyLoadContext: Default)
         在 TaskRun (Microsoft.UI.Xaml.Markup.Compiler.IO.InputSerializer) 期间加载的程序集: System.Buffers, Version=10.0.0.0, Culture=neutral, PublicKeyToken=cc7b13ffcd2ddd51 (位置: C:\Program Files\dotnet\shared\Microsoft.NETCore.App\10.0.8\System.Buffers.dll，MVID: d10325f2-435b-4200-8a7e-3d5063bed6bd，AssemblyLoadContext: Default)
       已完成执行任务“InputSerializer”的操作。
       正在使用程序集“Microsoft.Build.Tasks.Core, Version=15.1.0.0, Culture=neutral, PublicKeyToken=b03f5f7f11d50a3a”中的“Exec”任务。
       任务“Exec”
         "C:\Users\Vita\.nuget\packages\microsoft.windowsappsdk\1.7.250310001\buildTransitive\..\tools\net6.0\..\net472\XamlCompiler.exe" "obj\ARM64\Debug\net8.0-windows10.0.19041.0\win-arm64\\input.json" "obj\ARM64\Debug\net8.0-windows10.0.19041.0\win-arm64\\output.json"
     2>C:\Users\Vita\.nuget\packages\microsoft.windowsappsdk\1.7.250310001\buildTransitive\Microsoft.UI.Xaml.Markup.Compiler.interop.targets(594,9): error MSB3073: 命令“"C:\Users\Vita\.nuget\packages\microsoft.windowsappsdk\1.7.250310001\buildTransitive\..\tools\net6.0\..\net472\XamlCompiler.exe" "obj\ARM64\Debug\net8.0-windows10.0.19041.0\win-arm64\\input.json" "obj\ARM64\Debug\net8.0-windows10.0.19041.0\win-arm64\\output.json"”已退出，代码为 1。 [C:\Users\Vita\Vitemis\Outposts\Rokurics-Windows\Rokurics\Rokurics.csproj]
       已完成执行任务“Exec”的操作 - 失败。
     2>已完成在项目“Rokurics.csproj”中生成目标“MarkupCompilePass1”的操作 - 失败。
     2>来自项目“C:\Users\Vita\Vitemis\Outposts\Rokurics-Windows\Rokurics\Rokurics.csproj”的文件“C:\Program Files\dotnet\sdk\10.0.300\Microsoft.Common.CurrentVersion.targets”中的目标“_CheckForCompileOutputs”(目标“_CleanGetCurrentAndPriorFileWrites”依赖于它):
       C:\Program Files\dotnet\sdk\10.0.300\Microsoft.Common.CurrentVersion.targets(5592,7): message : 在 C:\Program Files\dotnet\sdk\10.0.300\Microsoft.Common.CurrentVersion.targets (5592,7) 处重新分配属性: $(_DebugSymbolsProduced)=“false”(先前值:“true”) [C:\Users\Vita\Vitemis\Outposts\Rokurics-Windows\Rokurics\Rokurics.csproj]
     2>已完成在项目“Rokurics.csproj”中生成目标“_CheckForCompileOutputs”的操作。
     2>来自项目“C:\Users\Vita\Vitemis\Outposts\Rokurics-Windows\Rokurics\Rokurics.csproj”的文件“C:\Program Files\dotnet\sdk\10.0.300\Microsoft.Common.CurrentVersion.targets”中的目标“_CleanGetCurrentAndPriorFileWrites”(目标“_CleanRecordFileWrites”依赖于它):
       正在使用程序集“Microsoft.Build.Tasks.Core, Version=15.1.0.0, Culture=neutral, PublicKeyToken=b03f5f7f11d50a3a”中的“ReadLinesFromFile”任务。
       任务“ReadLinesFromFile”
       已完成执行任务“ReadLinesFromFile”的操作。
       正在使用程序集“Microsoft.Build.Tasks.Core, Version=15.1.0.0, Culture=neutral, PublicKeyToken=b03f5f7f11d50a3a”中的“ConvertToAbsolutePath”任务。
       任务“ConvertToAbsolutePath”
       已完成执行任务“ConvertToAbsolutePath”的操作。
       正在使用程序集“Microsoft.Build.Tasks.Core, Version=15.1.0.0, Culture=neutral, PublicKeyToken=b03f5f7f11d50a3a”中的“FindUnderPath”任务。
       任务“FindUnderPath”
         比较路径为“C:\Users\Vita\Vitemis\Outposts\Rokurics-Windows\Rokurics”。
       已完成执行任务“FindUnderPath”的操作。
       任务“FindUnderPath”
         比较路径为“bin\ARM64\Debug\net8.0-windows10.0.19041.0\win-arm64\”。
       已完成执行任务“FindUnderPath”的操作。
       任务“FindUnderPath”
         比较路径为“obj\ARM64\Debug\net8.0-windows10.0.19041.0\win-arm64\”。
       已完成执行任务“FindUnderPath”的操作。
       正在使用程序集“Microsoft.Build.Tasks.Core, Version=15.1.0.0, Culture=neutral, PublicKeyToken=b03f5f7f11d50a3a”中的“RemoveDuplicates”任务。
       任务“RemoveDuplicates”
       已完成执行任务“RemoveDuplicates”的操作。
     2>已完成在项目“Rokurics.csproj”中生成目标“_CleanGetCurrentAndPriorFileWrites”的操作。
     2>来自项目“C:\Users\Vita\Vitemis\Outposts\Rokurics-Windows\Rokurics\Rokurics.csproj”的文件“C:\Program Files\dotnet\sdk\10.0.300\Microsoft.Common.CurrentVersion.targets”中的目标“_CleanRecordFileWrites”(目标“CoreBuild”依赖于它):
       任务“RemoveDuplicates”
       已完成执行任务“RemoveDuplicates”的操作。
       任务“MakeDir”
       已完成执行任务“MakeDir”的操作。
       任务“WriteLinesToFile”
         跳过写入到文件“obj\ARM64\Debug\net8.0-windows10.0.19041.0\win-arm64\Rokurics.csproj.FileListAbsolute.txt”，因为内容不会改变。
       已完成执行任务“WriteLinesToFile”的操作。
     2>已完成在项目“Rokurics.csproj”中生成目标“_CleanRecordFileWrites”的操作。
     2>已完成生成项目“C:\Users\Vita\Vitemis\Outposts\Rokurics-Windows\Rokurics\Rokurics.csproj”(默认目标)的操作 - 失败。
     1>已完成执行任务“MSBuild”的操作 - 失败。
     1>已完成在项目“Rokurics.sln”中生成目标“Build”的操作 - 失败。
     1>已完成生成项目“C:\Users\Vita\Vitemis\Outposts\Rokurics-Windows\Rokurics.sln”(默认目标)的操作 - 失败。

生成失败。

       “C:\Users\Vita\Vitemis\Outposts\Rokurics-Windows\Rokurics.sln”(默认目标) (1) ->
       “C:\Users\Vita\Vitemis\Outposts\Rokurics-Windows\Rokurics\Rokurics.csproj”(默认目标) (2) ->
       (ResolvePackageAssets 目标) -> 
         C:\Users\Vita\Vitemis\Outposts\Rokurics-Windows\Rokurics\Rokurics.csproj : warning NU1603: Rokurics 依赖于 Microsoft.WindowsAppSDK (>= 1.7.250310000)，但没有找到 Microsoft.WindowsAppSDK 1.7.250310000。已改为解析 Microsoft.WindowsAppSDK 1.7.250310001。
         C:\Users\Vita\Vitemis\Outposts\Rokurics-Windows\Rokurics\Rokurics.csproj : warning NU1903: 包 "System.Text.Json" 8.0.4 具有已知的 高 严重性漏洞，https://github.com/advisories/GHSA-8g4q-xg66-9fp4


       “C:\Users\Vita\Vitemis\Outposts\Rokurics-Windows\Rokurics.sln”(默认目标) (1) ->
       “C:\Users\Vita\Vitemis\Outposts\Rokurics-Windows\Rokurics\Rokurics.csproj”(默认目标) (2) ->
       (MarkupCompilePass1 目标) -> 
         C:\Users\Vita\.nuget\packages\microsoft.windowsappsdk\1.7.250310001\buildTransitive\Microsoft.UI.Xaml.Markup.Compiler.interop.targets(594,9): error MSB3073: 命令“"C:\Users\Vita\.nuget\packages\microsoft.windowsappsdk\1.7.250310001\buildTransitive\..\tools\net6.0\..\net472\XamlCompiler.exe" "obj\ARM64\Debug\net8.0-windows10.0.19041.0\win-arm64\\input.json" "obj\ARM64\Debug\net8.0-windows10.0.19041.0\win-arm64\\output.json"”已退出，代码为 1。 [C:\Users\Vita\Vitemis\Outposts\Rokurics-Windows\Rokurics\Rokurics.csproj]

    2 个警告
    1 个错误

已用时间 00:00:11.52
