[2026-05-27T11:08:15.169] [DEBUG] debug-file - current process  memoryUsage: {
  rss: 284491776,
  heapTotal: 178585600,
  heapUsed: 139382792,
  external: 3464969,
  arrayBuffers: 532873
} os memoryUsage :22.522979736328125
[2026-05-27T11:08:15.204] [DEBUG] debug-file - Info: hardware concurrency count is : 10
Info: thread count is : 10

[2026-05-27T11:08:15.204] [DEBUG] debug-file - Info: thread pool is started

[2026-05-27T11:08:15.205] [DEBUG] debug-file - Info: restool resources compile success.

[2026-05-27T11:08:15.205] [DEBUG] debug-file - Info: thread pool is stopped

[2026-05-27T11:08:15.206] [DEBUG] debug-file - entry : default@PreviewCompileResource cost memory -3.0158538818359375
[2026-05-27T11:08:15.207] [DEBUG] debug-file - runTaskFromQueue task cost before running: 300 ms 
[2026-05-27T11:08:15.207] [INFO] debug-file - Finished :entry:default@PreviewCompileResource... after 76 ms 
[2026-05-27T11:08:15.207] [DEBUG] debug-file - Executing task :entry:default@PreviewHookCompileResource
[2026-05-27T11:08:15.207] [DEBUG] debug-file - entry : default@PreviewHookCompileResource cost memory 0.01528167724609375
[2026-05-27T11:08:15.207] [DEBUG] debug-file - runTaskFromQueue task cost before running: 300 ms 
[2026-05-27T11:08:15.207] [INFO] debug-file - Finished :entry:default@PreviewHookCompileResource... after 1 ms 
[2026-05-27T11:08:15.207] [DEBUG] debug-file - Executing task :entry:default@CopyPreviewProfile
[2026-05-27T11:08:15.208] [DEBUG] debug-file - entry : default@CopyPreviewProfile cost memory 0.12469482421875
[2026-05-27T11:08:15.208] [DEBUG] debug-file - runTaskFromQueue task cost before running: 301 ms 
[2026-05-27T11:08:15.208] [INFO] debug-file - Finished :entry:default@CopyPreviewProfile... after 2 ms 
[2026-05-27T11:08:15.209] [DEBUG] debug-file - Executing task :entry:default@ReplacePreviewerPage
[2026-05-27T11:08:15.209] [DEBUG] debug-file - entry : default@ReplacePreviewerPage cost memory 0.0151519775390625
[2026-05-27T11:08:15.209] [DEBUG] debug-file - runTaskFromQueue task cost before running: 302 ms 
[2026-05-27T11:08:15.209] [INFO] debug-file - Finished :entry:default@ReplacePreviewerPage... after 1 ms 
[2026-05-27T11:08:15.209] [DEBUG] debug-file - Executing task :entry:buildPreviewerResource
[2026-05-27T11:08:15.209] [DEBUG] debug-file - entry : buildPreviewerResource cost memory 0.01280975341796875
[2026-05-27T11:08:15.209] [DEBUG] debug-file - runTaskFromQueue task cost before running: 302 ms 
[2026-05-27T11:08:15.209] [INFO] debug-file - Finished :entry:buildPreviewerResource... after 1 ms 
[2026-05-27T11:08:15.209] [DEBUG] debug-file - Executing task :entry:default@PreviewUpdateAssets
[2026-05-27T11:08:15.210] [DEBUG] debug-file - entry : default@PreviewUpdateAssets cost memory 0.06842041015625
[2026-05-27T11:08:15.210] [DEBUG] debug-file - runTaskFromQueue task cost before running: 303 ms 
[2026-05-27T11:08:15.210] [INFO] debug-file - Finished :entry:default@PreviewUpdateAssets... after 1 ms 
[2026-05-27T11:08:15.210] [DEBUG] debug-file - Executing task :entry:default@PreviewArkTS
[2026-05-27T11:08:15.211] [DEBUG] debug-file - obfuscationOptions: undefined
[2026-05-27T11:08:15.211] [DEBUG] debug-file - Task 'entry:default@PreviewArkTS' cost while wrapping incremental declarations: 1 ms 
[2026-05-27T11:08:15.215] [DEBUG] debug-file - No watchWorker available for preview
[2026-05-27T11:08:15.215] [DEBUG] debug-file - Can not reuse worker, create new worker for preview
[2026-05-27T11:08:15.216] [DEBUG] debug-file - session manager: binding session. socketId=bUbrHuBs898YBwdjAAAD, threadId=1@1.
[2026-05-27T11:08:15.217] [DEBUG] debug-file - entry : default@PreviewArkTS cost memory 1.70654296875
[2026-05-27T11:08:15.975] [DEBUG] debug-file - watch worker: send response to session manager. Response type: WatchStart
[2026-05-27T11:08:15.975] [DEBUG] debug-file - session manager: watch message received from worker 1. Type: WatchStart
[2026-05-27T11:08:18.169] [DEBUG] debug-file - watch worker: send response to session manager. Response type: WatchLog
[2026-05-27T11:08:18.169] [DEBUG] debug-file - session manager: watch message received from worker 1. Type: WatchLog
[2026-05-27T11:08:18.169] [DEBUG] debug-file - watch worker: send response to session manager. Response type: WatchLog
[2026-05-27T11:08:18.170] [DEBUG] debug-file - session manager: watch message received from worker 1. Type: WatchLog
[2026-05-27T11:08:18.169] [DEBUG] debug-file - watch worker: send response to session manager. Response type: WatchLog
[2026-05-27T11:08:18.170] [DEBUG] debug-file - session manager: watch message received from worker 1. Type: WatchLog
[2026-05-27T11:08:18.169] [DEBUG] debug-file - watch worker: send response to session manager. Response type: WatchLog
[2026-05-27T11:08:18.170] [DEBUG] debug-file - session manager: watch message received from worker 1. Type: WatchLog
[2026-05-27T11:08:18.169] [DEBUG] debug-file - watch worker: send response to session manager. Response type: WatchLog
[2026-05-27T11:08:18.170] [DEBUG] debug-file - session manager: watch message received from worker 1. Type: WatchLog
[2026-05-27T11:08:18.169] [DEBUG] debug-file - watch worker: send response to session manager. Response type: WatchLog
[2026-05-27T11:08:18.171] [DEBUG] debug-file - session manager: watch message received from worker 1. Type: WatchLog
[2026-05-27T11:08:18.169] [DEBUG] debug-file - watch worker: send response to session manager. Response type: WatchLog
[2026-05-27T11:08:18.171] [DEBUG] debug-file - session manager: watch message received from worker 1. Type: WatchLog
[2026-05-27T11:08:18.169] [DEBUG] debug-file - watch worker: send response to session manager. Response type: WatchLog
[2026-05-27T11:08:18.172] [DEBUG] debug-file - session manager: watch message received from worker 1. Type: WatchLog
[2026-05-27T11:08:18.169] [DEBUG] debug-file - watch worker: send response to session manager. Response type: WatchLog
[2026-05-27T11:08:18.172] [DEBUG] debug-file - session manager: watch message received from worker 1. Type: WatchLog
[2026-05-27T11:08:18.169] [DEBUG] debug-file - watch worker: send response to session manager. Response type: WatchLog
[2026-05-27T11:08:18.172] [DEBUG] debug-file - session manager: watch message received from worker 1. Type: WatchLog
[2026-05-27T11:08:18.169] [DEBUG] debug-file - watch worker: send response to session manager. Response type: WatchLog
[2026-05-27T11:08:18.172] [DEBUG] debug-file - session manager: watch message received from worker 1. Type: WatchLog
[2026-05-27T11:08:18.169] [DEBUG] debug-file - watch worker: send response to session manager. Response type: WatchLog
[2026-05-27T11:08:18.172] [DEBUG] debug-file - session manager: watch message received from worker 1. Type: WatchLog
[2026-05-27T11:08:18.169] [DEBUG] debug-file - watch worker: send response to session manager. Response type: WatchLog
[2026-05-27T11:08:18.172] [DEBUG] debug-file - session manager: watch message received from worker 1. Type: WatchLog
[2026-05-27T11:08:18.169] [DEBUG] debug-file - watch worker: send response to session manager. Response type: WatchLog
[2026-05-27T11:08:18.173] [DEBUG] debug-file - session manager: watch message received from worker 1. Type: WatchLog
[2026-05-27T11:08:18.169] [DEBUG] debug-file - watch worker: send response to session manager. Response type: WatchLog
[2026-05-27T11:08:18.173] [DEBUG] debug-file - session manager: watch message received from worker 1. Type: WatchLog
[2026-05-27T11:08:18.169] [DEBUG] debug-file - watch worker: send response to session manager. Response type: WatchLog
[2026-05-27T11:08:18.173] [DEBUG] debug-file - session manager: watch message received from worker 1. Type: WatchLog
[2026-05-27T11:08:18.169] [DEBUG] debug-file - watch worker: send response to session manager. Response type: WatchLog
[2026-05-27T11:08:18.173] [DEBUG] debug-file - session manager: watch message received from worker 1. Type: WatchLog
[2026-05-27T11:08:18.169] [DEBUG] debug-file - watch worker: send response to session manager. Response type: WatchLog
[2026-05-27T11:08:18.173] [DEBUG] debug-file - session manager: watch message received from worker 1. Type: WatchLog
[2026-05-27T11:08:18.170] [DEBUG] debug-file - watch worker: send response to session manager. Response type: WatchLog
[2026-05-27T11:08:18.173] [DEBUG] debug-file - session manager: watch message received from worker 1. Type: WatchLog
[2026-05-27T11:08:18.170] [DEBUG] debug-file - watch worker: send response to session manager. Response type: WatchLog
[2026-05-27T11:08:18.174] [DEBUG] debug-file - session manager: watch message received from worker 1. Type: WatchLog
[2026-05-27T11:08:18.170] [DEBUG] debug-file - watch worker: send response to session manager. Response type: WatchLog
[2026-05-27T11:08:18.174] [DEBUG] debug-file - session manager: watch message received from worker 1. Type: WatchLog
[2026-05-27T11:08:18.170] [DEBUG] debug-file - watch worker: send response to session manager. Response type: WatchLog
[2026-05-27T11:08:18.174] [DEBUG] debug-file - session manager: watch message received from worker 1. Type: WatchLog
[2026-05-27T11:08:18.170] [DEBUG] debug-file - watch worker: send response to session manager. Response type: WatchLog
[2026-05-27T11:08:18.174] [DEBUG] debug-file - session manager: watch message received from worker 1. Type: WatchLog
[2026-05-27T11:08:18.170] [DEBUG] debug-file - watch worker: send response to session manager. Response type: WatchLog
[2026-05-27T11:08:18.174] [DEBUG] debug-file - session manager: watch message received from worker 1. Type: WatchLog
[2026-05-27T11:08:18.170] [DEBUG] debug-file - watch worker: send response to session manager. Response type: WatchLog
[2026-05-27T11:08:18.174] [DEBUG] debug-file - session manager: watch message received from worker 1. Type: WatchLog
[2026-05-27T11:08:18.170] [DEBUG] debug-file - watch worker: send response to session manager. Response type: WatchLog
[2026-05-27T11:08:18.174] [DEBUG] debug-file - session manager: watch message received from worker 1. Type: WatchLog
[2026-05-27T11:08:18.170] [DEBUG] debug-file - watch worker: send response to session manager. Response type: WatchLog
[2026-05-27T11:08:18.174] [DEBUG] debug-file - session manager: watch message received from worker 1. Type: WatchLog
[2026-05-27T11:08:18.170] [DEBUG] debug-file - watch worker: send response to session manager. Response type: WatchLog
[2026-05-27T11:08:18.174] [DEBUG] debug-file - session manager: watch message received from worker 1. Type: WatchLog
[2026-05-27T11:08:18.170] [DEBUG] debug-file - watch worker: send response to session manager. Response type: WatchLog
[2026-05-27T11:08:18.174] [DEBUG] debug-file - session manager: watch message received from worker 1. Type: WatchLog
[2026-05-27T11:08:18.170] [DEBUG] debug-file - watch worker: send response to session manager. Response type: WatchLog
[2026-05-27T11:08:18.174] [DEBUG] debug-file - session manager: watch message received from worker 1. Type: WatchLog
[2026-05-27T11:08:18.170] [DEBUG] debug-file - watch worker: send response to session manager. Response type: WatchLog
[2026-05-27T11:08:18.175] [DEBUG] debug-file - session manager: watch message received from worker 1. Type: WatchLog
[2026-05-27T11:08:18.170] [DEBUG] debug-file - watch worker: send response to session manager. Response type: WatchLog
[2026-05-27T11:08:18.175] [DEBUG] debug-file - session manager: watch message received from worker 1. Type: WatchLog
[2026-05-27T11:08:18.170] [DEBUG] debug-file - watch worker: send response to session manager. Response type: WatchLog
[2026-05-27T11:08:18.175] [DEBUG] debug-file - session manager: watch message received from worker 1. Type: WatchLog
[2026-05-27T11:08:18.170] [DEBUG] debug-file - watch worker: send response to session manager. Response type: WatchLog
[2026-05-27T11:08:18.175] [DEBUG] debug-file - session manager: watch message received from worker 1. Type: WatchLog
[2026-05-27T11:08:18.170] [DEBUG] debug-file - watch worker: send response to session manager. Response type: WatchLog
[2026-05-27T11:08:18.175] [DEBUG] debug-file - session manager: watch message received from worker 1. Type: WatchLog
[2026-05-27T11:08:18.170] [DEBUG] debug-file - watch worker: send response to session manager. Response type: WatchLog
[2026-05-27T11:08:18.175] [DEBUG] debug-file - session manager: watch message received from worker 1. Type: WatchLog
[2026-05-27T11:08:18.170] [DEBUG] debug-file - watch worker: send response to session manager. Response type: WatchLog
[2026-05-27T11:08:18.175] [DEBUG] debug-file - session manager: watch message received from worker 1. Type: WatchLog
[2026-05-27T11:08:18.170] [DEBUG] debug-file - watch worker: send response to session manager. Response type: WatchLog
[2026-05-27T11:08:18.175] [DEBUG] debug-file - session manager: watch message received from worker 1. Type: WatchLog
[2026-05-27T11:08:18.170] [DEBUG] debug-file - watch worker: send response to session manager. Response type: WatchLog
[2026-05-27T11:08:18.175] [DEBUG] debug-file - session manager: watch message received from worker 1. Type: WatchLog
[2026-05-27T11:08:18.170] [DEBUG] debug-file - watch worker: send response to session manager. Response type: WatchLog
[2026-05-27T11:08:18.175] [DEBUG] debug-file - session manager: watch message received from worker 1. Type: WatchLog
[2026-05-27T11:08:18.170] [DEBUG] debug-file - watch worker: send response to session manager. Response type: WatchLog
[2026-05-27T11:08:18.176] [DEBUG] debug-file - session manager: watch message received from worker 1. Type: WatchLog
[2026-05-27T11:08:18.170] [DEBUG] debug-file - watch worker: send response to session manager. Response type: WatchLog
[2026-05-27T11:08:18.176] [DEBUG] debug-file - session manager: watch message received from worker 1. Type: WatchLog
[2026-05-27T11:08:18.170] [DEBUG] debug-file - watch worker: send response to session manager. Response type: WatchLog
[2026-05-27T11:08:18.176] [DEBUG] debug-file - session manager: watch message received from worker 1. Type: WatchLog
[2026-05-27T11:08:18.170] [DEBUG] debug-file - watch worker: send response to session manager. Response type: WatchLog
[2026-05-27T11:08:18.176] [DEBUG] debug-file - session manager: watch message received from worker 1. Type: WatchLog
[2026-05-27T11:08:18.170] [DEBUG] debug-file - watch worker: send response to session manager. Response type: WatchLog
[2026-05-27T11:08:18.176] [DEBUG] debug-file - session manager: watch message received from worker 1. Type: WatchLog
[2026-05-27T11:08:18.170] [DEBUG] debug-file - watch worker: send response to session manager. Response type: WatchLog
[2026-05-27T11:08:18.176] [DEBUG] debug-file - session manager: watch message received from worker 1. Type: WatchLog
[2026-05-27T11:08:18.170] [DEBUG] debug-file - watch worker: send response to session manager. Response type: WatchLog
[2026-05-27T11:08:18.176] [DEBUG] debug-file - session manager: watch message received from worker 1. Type: WatchLog
[2026-05-27T11:08:18.170] [DEBUG] debug-file - watch worker: send response to session manager. Response type: WatchLog
[2026-05-27T11:08:18.176] [DEBUG] debug-file - session manager: watch message received from worker 1. Type: WatchLog
[2026-05-27T11:08:18.170] [DEBUG] debug-file - watch worker: send response to session manager. Response type: WatchLog
[2026-05-27T11:08:18.176] [DEBUG] debug-file - session manager: watch message received from worker 1. Type: WatchLog
[2026-05-27T11:08:18.170] [DEBUG] debug-file - watch worker: send response to session manager. Response type: WatchLog
[2026-05-27T11:08:18.176] [DEBUG] debug-file - session manager: watch message received from worker 1. Type: WatchLog
[2026-05-27T11:08:18.170] [DEBUG] debug-file - watch worker: send response to session manager. Response type: WatchLog
[2026-05-27T11:08:18.177] [DEBUG] debug-file - session manager: watch message received from worker 1. Type: WatchLog
[2026-05-27T11:08:18.170] [DEBUG] debug-file - watch worker: send response to session manager. Response type: WatchLog
[2026-05-27T11:08:18.177] [DEBUG] debug-file - session manager: watch message received from worker 1. Type: WatchLog
[2026-05-27T11:08:18.170] [DEBUG] debug-file - watch worker: send response to session manager. Response type: WatchLog
[2026-05-27T11:08:18.177] [DEBUG] debug-file - session manager: watch message received from worker 1. Type: WatchLog
[2026-05-27T11:08:18.171] [DEBUG] debug-file - watch worker: send response to session manager. Response type: WatchLog
[2026-05-27T11:08:18.177] [DEBUG] debug-file - session manager: watch message received from worker 1. Type: WatchLog
[2026-05-27T11:08:18.171] [DEBUG] debug-file - watch worker: send response to session manager. Response type: WatchLog
[2026-05-27T11:08:18.177] [DEBUG] debug-file - session manager: watch message received from worker 1. Type: WatchLog
[2026-05-27T11:08:18.171] [DEBUG] debug-file - watch worker: send response to session manager. Response type: WatchLog
[2026-05-27T11:08:18.177] [DEBUG] debug-file - session manager: watch message received from worker 1. Type: WatchLog
[2026-05-27T11:08:18.171] [DEBUG] debug-file - watch worker: send response to session manager. Response type: WatchLog
[2026-05-27T11:08:18.177] [DEBUG] debug-file - session manager: watch message received from worker 1. Type: WatchLog
[2026-05-27T11:08:18.171] [DEBUG] debug-file - watch worker: send response to session manager. Response type: WatchLog
[2026-05-27T11:08:18.177] [DEBUG] debug-file - session manager: watch message received from worker 1. Type: WatchLog
[2026-05-27T11:08:18.171] [DEBUG] debug-file - watch worker: send response to session manager. Response type: WatchLog
[2026-05-27T11:08:18.177] [DEBUG] debug-file - session manager: watch message received from worker 1. Type: WatchLog
[2026-05-27T11:08:18.171] [DEBUG] debug-file - watch worker: send response to session manager. Response type: WatchLog
[2026-05-27T11:08:18.177] [DEBUG] debug-file - session manager: watch message received from worker 1. Type: WatchLog
[2026-05-27T11:08:18.171] [DEBUG] debug-file - watch worker: send response to session manager. Response type: WatchLog
[2026-05-27T11:08:18.178] [DEBUG] debug-file - session manager: watch message received from worker 1. Type: WatchLog
[2026-05-27T11:08:18.171] [DEBUG] debug-file - watch worker: send response to session manager. Response type: WatchLog
[2026-05-27T11:08:18.178] [DEBUG] debug-file - session manager: watch message received from worker 1. Type: WatchLog
[2026-05-27T11:08:18.171] [DEBUG] debug-file - watch worker: send response to session manager. Response type: WatchLog
[2026-05-27T11:08:18.178] [DEBUG] debug-file - session manager: watch message received from worker 1. Type: WatchLog
[2026-05-27T11:08:18.171] [DEBUG] debug-file - watch worker: send response to session manager. Response type: WatchLog
[2026-05-27T11:08:18.178] [DEBUG] debug-file - session manager: watch message received from worker 1. Type: WatchLog
[2026-05-27T11:08:18.171] [DEBUG] debug-file - watch worker: send response to session manager. Response type: WatchLog
[2026-05-27T11:08:18.179] [DEBUG] debug-file - session manager: watch message received from worker 1. Type: WatchLog
[2026-05-27T11:08:18.171] [DEBUG] debug-file - watch worker: send response to session manager. Response type: WatchLog
[2026-05-27T11:08:18.179] [DEBUG] debug-file - session manager: watch message received from worker 1. Type: WatchLog
[2026-05-27T11:08:18.171] [DEBUG] debug-file - watch worker: send response to session manager. Response type: WatchLog
[2026-05-27T11:08:18.179] [DEBUG] debug-file - session manager: watch message received from worker 1. Type: WatchLog
[2026-05-27T11:08:18.171] [DEBUG] debug-file - watch worker: send response to session manager. Response type: WatchLog
[2026-05-27T11:08:18.179] [DEBUG] debug-file - session manager: watch message received from worker 1. Type: WatchLog
[2026-05-27T11:08:18.171] [DEBUG] debug-file - watch worker: send response to session manager. Response type: WatchLog
[2026-05-27T11:08:18.179] [DEBUG] debug-file - session manager: watch message received from worker 1. Type: WatchLog
[2026-05-27T11:08:18.171] [DEBUG] debug-file - watch worker: send response to session manager. Response type: WatchLog
[2026-05-27T11:08:18.179] [DEBUG] debug-file - session manager: watch message received from worker 1. Type: WatchLog
[2026-05-27T11:08:18.171] [DEBUG] debug-file - watch worker: send response to session manager. Response type: WatchLog
[2026-05-27T11:08:18.180] [DEBUG] debug-file - session manager: watch message received from worker 1. Type: WatchLog
[2026-05-27T11:08:18.171] [DEBUG] debug-file - watch worker: send response to session manager. Response type: WatchLog
[2026-05-27T11:08:18.180] [DEBUG] debug-file - session manager: watch message received from worker 1. Type: WatchLog
[2026-05-27T11:08:18.171] [DEBUG] debug-file - watch worker: send response to session manager. Response type: WatchLog
[2026-05-27T11:08:18.180] [DEBUG] debug-file - session manager: watch message received from worker 1. Type: WatchLog
[2026-05-27T11:08:18.171] [DEBUG] debug-file - watch worker: send response to session manager. Response type: WatchLog
[2026-05-27T11:08:18.180] [DEBUG] debug-file - session manager: watch message received from worker 1. Type: WatchLog
[2026-05-27T11:08:18.171] [DEBUG] debug-file - watch worker: send response to session manager. Response type: WatchLog
[2026-05-27T11:08:18.180] [DEBUG] debug-file - session manager: watch message received from worker 1. Type: WatchLog
[2026-05-27T11:08:18.171] [DEBUG] debug-file - watch worker: send response to session manager. Response type: WatchLog
[2026-05-27T11:08:18.180] [DEBUG] debug-file - session manager: watch message received from worker 1. Type: WatchLog
[2026-05-27T11:08:18.171] [DEBUG] debug-file - watch worker: send response to session manager. Response type: WatchLog
[2026-05-27T11:08:18.180] [DEBUG] debug-file - session manager: watch message received from worker 1. Type: WatchLog
[2026-05-27T11:08:18.171] [DEBUG] debug-file - watch worker: send response to session manager. Response type: WatchLog
[2026-05-27T11:08:18.180] [DEBUG] debug-file - session manager: watch message received from worker 1. Type: WatchLog
[2026-05-27T11:08:18.171] [DEBUG] debug-file - watch worker: send response to session manager. Response type: WatchLog
[2026-05-27T11:08:18.180] [DEBUG] debug-file - session manager: watch message received from worker 1. Type: WatchLog
[2026-05-27T11:08:18.171] [DEBUG] debug-file - watch worker: send response to session manager. Response type: WatchLog
[2026-05-27T11:08:18.180] [DEBUG] debug-file - session manager: watch message received from worker 1. Type: WatchLog
[2026-05-27T11:08:18.171] [DEBUG] debug-file - watch worker: send response to session manager. Response type: WatchLog
[2026-05-27T11:08:18.180] [DEBUG] debug-file - session manager: watch message received from worker 1. Type: WatchLog
[2026-05-27T11:08:18.171] [DEBUG] debug-file - watch worker: send response to session manager. Response type: WatchLog
[2026-05-27T11:08:18.181] [DEBUG] debug-file - session manager: watch message received from worker 1. Type: WatchLog
[2026-05-27T11:08:18.171] [DEBUG] debug-file - watch worker: send response to session manager. Response type: WatchLog
[2026-05-27T11:08:18.181] [DEBUG] debug-file - session manager: watch message received from worker 1. Type: WatchLog
[2026-05-27T11:08:18.171] [DEBUG] debug-file - watch worker: send response to session manager. Response type: WatchLog
[2026-05-27T11:08:18.181] [DEBUG] debug-file - session manager: watch message received from worker 1. Type: WatchLog
[2026-05-27T11:08:18.171] [DEBUG] debug-file - watch worker: send response to session manager. Response type: WatchLog
[2026-05-27T11:08:18.181] [DEBUG] debug-file - session manager: watch message received from worker 1. Type: WatchLog
[2026-05-27T11:08:18.171] [DEBUG] debug-file - watch worker: send response to session manager. Response type: WatchLog
[2026-05-27T11:08:18.181] [DEBUG] debug-file - session manager: watch message received from worker 1. Type: WatchLog
[2026-05-27T11:08:18.171] [DEBUG] debug-file - watch worker: send response to session manager. Response type: WatchLog
[2026-05-27T11:08:18.181] [DEBUG] debug-file - session manager: watch message received from worker 1. Type: WatchLog
[2026-05-27T11:08:18.172] [DEBUG] debug-file - watch worker: send response to session manager. Response type: WatchLog
[2026-05-27T11:08:18.181] [DEBUG] debug-file - session manager: watch message received from worker 1. Type: WatchLog
[2026-05-27T11:08:18.172] [DEBUG] debug-file - watch worker: send response to session manager. Response type: WatchLog
[2026-05-27T11:08:18.181] [DEBUG] debug-file - session manager: watch message received from worker 1. Type: WatchLog
[2026-05-27T11:08:18.172] [DEBUG] debug-file - watch worker: send response to session manager. Response type: WatchLog
[2026-05-27T11:08:18.182] [DEBUG] debug-file - session manager: watch message received from worker 1. Type: WatchLog
[2026-05-27T11:08:18.172] [DEBUG] debug-file - watch worker: send response to session manager. Response type: WatchLog
[2026-05-27T11:08:18.182] [DEBUG] debug-file - session manager: watch message received from worker 1. Type: WatchLog
[2026-05-27T11:08:18.172] [DEBUG] debug-file - watch worker: send response to session manager. Response type: WatchLog
[2026-05-27T11:08:18.182] [DEBUG] debug-file - session manager: watch message received from worker 1. Type: WatchLog
[2026-05-27T11:08:19.468] [DEBUG] debug-file - watch worker: send response to session manager. Response type: WatchResult
[2026-05-27T11:08:19.468] [DEBUG] debug-file - session manager: watch message received from worker 1. Type: WatchResult
[2026-05-27T11:08:19.469] [INFO] debug-file - Finished :entry:default@PreviewArkTS... after 4 s 259 ms 
[2026-05-27T11:08:19.469] [DEBUG] debug-file - Ark compile finished.
[2026-05-27T11:08:19.469] [DEBUG] debug-file - Executing task :entry:PreviewBuild
[2026-05-27T11:08:19.469] [DEBUG] debug-file - entry : PreviewBuild cost memory 0.01258087158203125
[2026-05-27T11:08:19.469] [DEBUG] debug-file - runTaskFromQueue task cost before running: 4 s 562 ms 
[2026-05-27T11:08:19.469] [INFO] debug-file - Finished :entry:PreviewBuild... after 1 ms 
[2026-05-27T11:08:19.470] [INFO] debug-file - BUILD SUCCESSFUL in 4 s 563 ms 
[2026-05-27T11:08:19.470] [DEBUG] debug-file - Update task entry:default@PreBuild input file:/Users/vita/Vitemis/Outposts/Rokurics-HarmonyOS/AppScope/app.json5 cache by regenerate.
[2026-05-27T11:08:19.470] [DEBUG] debug-file - Update task entry:default@PreBuild input file:/Users/vita/Vitemis/Outposts/Rokurics-HarmonyOS/entry/src/main/module.json5 cache by regenerate.
[2026-05-27T11:08:19.470] [DEBUG] debug-file - Update task entry:default@PreBuild input file:/Users/vita/Vitemis/Outposts/Rokurics-HarmonyOS/build-profile.json5 cache by regenerate.
[2026-05-27T11:08:19.470] [DEBUG] debug-file - Update task entry:default@PreBuild input file:/Users/vita/Vitemis/Outposts/Rokurics-HarmonyOS/entry/build-profile.json5 cache by regenerate.
[2026-05-27T11:08:19.470] [DEBUG] debug-file - Update task entry:default@PreBuild input file:/Users/vita/Vitemis/Outposts/Rokurics-HarmonyOS/entry/src/main/resources/base/profile/main_pages.json cache by regenerate.
[2026-05-27T11:08:19.470] [DEBUG] debug-file - Update task entry:default@PreBuild input file:/Users/vita/Vitemis/Outposts/Rokurics-HarmonyOS/hvigor/hvigor-config.json5 cache by regenerate.
[2026-05-27T11:08:19.470] [DEBUG] debug-file - Update task entry:default@PreBuild input file:/Users/vita/Vitemis/Outposts/Rokurics-HarmonyOS/entry/oh-package.json5 cache by regenerate.
[2026-05-27T11:08:19.470] [DEBUG] debug-file - Update task entry:default@PreBuild input file:/Users/vita/Vitemis/Outposts/Rokurics-HarmonyOS/oh-package.json5 cache by regenerate.
[2026-05-27T11:08:19.470] [DEBUG] debug-file - Incremental task entry:default@PreBuild post-execution cost:1 ms .
[2026-05-27T11:08:19.470] [DEBUG] debug-file - Update task entry:default@CreateModuleInfo output file:/Users/vita/Vitemis/Outposts/Rokurics-HarmonyOS/entry/.preview/default/generated/profile/default/ModuleInfo.ts cache.
[2026-05-27T11:08:19.470] [DEBUG] debug-file - Incremental task entry:default@CreateModuleInfo post-execution cost:1 ms .
[2026-05-27T11:08:19.470] [DEBUG] debug-file - Update task entry:default@MergeProfile input file:/Users/vita/Vitemis/Outposts/Rokurics-HarmonyOS/AppScope/app.json5 cache by regenerate.
[2026-05-27T11:08:19.470] [DEBUG] debug-file - Update task entry:default@MergeProfile input file:/Users/vita/Vitemis/Outposts/Rokurics-HarmonyOS/build-profile.json5 cache by regenerate.
[2026-05-27T11:08:19.470] [DEBUG] debug-file - Update task entry:default@MergeProfile input file:/Users/vita/Vitemis/Outposts/Rokurics-HarmonyOS/entry/src/main/module.json5 cache by regenerate.
[2026-05-27T11:08:19.470] [DEBUG] debug-file - Update task entry:default@MergeProfile output file:/Users/vita/Vitemis/Outposts/Rokurics-HarmonyOS/entry/.preview/default/intermediates/merge_profile/default/module.json cache.
[2026-05-27T11:08:19.470] [DEBUG] debug-file - Incremental task entry:default@MergeProfile post-execution cost:1 ms .
[2026-05-27T11:08:19.470] [DEBUG] debug-file - Update task entry:default@CreateBuildProfile input file:/Users/vita/Vitemis/Outposts/Rokurics-HarmonyOS/AppScope/app.json5 cache by regenerate.
[2026-05-27T11:08:19.470] [DEBUG] debug-file - Update task entry:default@CreateBuildProfile input file:/Users/vita/Vitemis/Outposts/Rokurics-HarmonyOS/build-profile.json5 cache by regenerate.
[2026-05-27T11:08:19.470] [DEBUG] debug-file - Update task entry:default@CreateBuildProfile output file:/Users/vita/Vitemis/Outposts/Rokurics-HarmonyOS/entry/.preview/default/generated/profile/default/BuildProfile.ets cache.
[2026-05-27T11:08:19.470] [DEBUG] debug-file - Incremental task entry:default@CreateBuildProfile post-execution cost:1 ms .
[2026-05-27T11:08:19.470] [DEBUG] debug-file - Update task entry:default@GeneratePkgContextInfo output file:/Users/vita/Vitemis/Outposts/Rokurics-HarmonyOS/entry/.preview/default/intermediates/loader/default/pkgContextInfo.json cache.
[2026-05-27T11:08:19.470] [DEBUG] debug-file - Incremental task entry:default@GeneratePkgContextInfo post-execution cost:1 ms .
[2026-05-27T11:08:19.470] [DEBUG] debug-file - Update task entry:default@ProcessProfile input file:/Users/vita/Vitemis/Outposts/Rokurics-HarmonyOS/entry/.preview/default/intermediates/merge_profile/default/module.json cache from map.
[2026-05-27T11:08:19.470] [DEBUG] debug-file - Update task entry:default@ProcessProfile output file:/Users/vita/Vitemis/Outposts/Rokurics-HarmonyOS/entry/.preview/default/intermediates/process_profile/default/module.json cache.
[2026-05-27T11:08:19.470] [DEBUG] debug-file - Incremental task entry:default@ProcessProfile post-execution cost:1 ms .
[2026-05-27T11:08:19.471] [DEBUG] debug-file - Update task entry:default@ProcessRouterMap input file:/Users/vita/Vitemis/Outposts/Rokurics-HarmonyOS/entry/oh-package.json5 cache by regenerate.
[2026-05-27T11:08:19.471] [DEBUG] debug-file - Update task entry:default@ProcessRouterMap input file:/Users/vita/Vitemis/Outposts/Rokurics-HarmonyOS/oh-package.json5 cache by regenerate.
[2026-05-27T11:08:19.471] [DEBUG] debug-file - Update task entry:default@ProcessRouterMap input file:/Users/vita/Vitemis/Outposts/Rokurics-HarmonyOS/entry/src/main/module.json5 cache by regenerate.
[2026-05-27T11:08:19.471] [DEBUG] debug-file - Update task entry:default@ProcessRouterMap output file:/Users/vita/Vitemis/Outposts/Rokurics-HarmonyOS/entry/.preview/default/intermediates/router_map/default/temp-router-map.json cache.
[2026-05-27T11:08:19.471] [DEBUG] debug-file - Update task entry:default@ProcessRouterMap output file:/Users/vita/Vitemis/Outposts/Rokurics-HarmonyOS/entry/.preview/default/intermediates/router_map/default/loader-router-map.json cache.
[2026-05-27T11:08:19.471] [DEBUG] debug-file - Incremental task entry:default@ProcessRouterMap post-execution cost:1 ms .
[2026-05-27T11:08:19.471] [DEBUG] debug-file - Update task entry:default@ProcessShareConfig input file:/Users/vita/Vitemis/Outposts/Rokurics-HarmonyOS/entry/oh-package.json5 cache by regenerate.
[2026-05-27T11:08:19.471] [DEBUG] debug-file - Update task entry:default@ProcessShareConfig input file:/Users/vita/Vitemis/Outposts/Rokurics-HarmonyOS/oh-package.json5 cache by regenerate.
[2026-05-27T11:08:19.471] [DEBUG] debug-file - Update task entry:default@ProcessShareConfig input file:/Users/vita/Vitemis/Outposts/Rokurics-HarmonyOS/entry/src/main/module.json5 cache by regenerate.
[2026-05-27T11:08:19.471] [DEBUG] debug-file - Update task entry:default@ProcessShareConfig output file:/Users/vita/Vitemis/Outposts/Rokurics-HarmonyOS/entry/.preview/default/intermediates/share_config/default/temp-share-config.json cache.
[2026-05-27T11:08:19.471] [DEBUG] debug-file - Incremental task entry:default@ProcessShareConfig post-execution cost:1 ms .
[2026-05-27T11:08:19.471] [DEBUG] debug-file - Update task entry:default@ProcessStartupConfig output file:/Users/vita/Vitemis/Outposts/Rokurics-HarmonyOS/entry/.preview/default/intermediates/startup/default/startup_config.json cache.
[2026-05-27T11:08:19.471] [DEBUG] debug-file - Incremental task entry:default@ProcessStartupConfig post-execution cost:1 ms .
[2026-05-27T11:08:19.471] [DEBUG] debug-file - Update task entry:default@GenerateLoaderJson input file:/Users/vita/Vitemis/Outposts/Rokurics-HarmonyOS/entry/.preview/default/intermediates/router_map/default/temp-router-map.json cache from map.
[2026-05-27T11:08:19.471] [DEBUG] debug-file - Update task entry:default@GenerateLoaderJson output file:/Users/vita/Vitemis/Outposts/Rokurics-HarmonyOS/entry/.preview/default/intermediates/loader/default/loader.json cache.
[2026-05-27T11:08:19.471] [DEBUG] debug-file - Incremental task entry:default@GenerateLoaderJson post-execution cost:1 ms .
[2026-05-27T11:08:19.471] [DEBUG] debug-file - Update task entry:default@PreviewCompileResource input file:/Users/vita/Vitemis/Outposts/Rokurics-HarmonyOS/entry/src/main/resources cache by regenerate.
[2026-05-27T11:08:19.471] [DEBUG] debug-file - Update task entry:default@PreviewCompileResource input file:/Users/vita/Vitemis/Outposts/Rokurics-HarmonyOS/entry/.preview/default/intermediates/merge_profile/default/module.json cache by regenerate.
[2026-05-27T11:08:19.471] [DEBUG] debug-file - Update task entry:default@PreviewCompileResource output file:/Users/vita/Vitemis/Outposts/Rokurics-HarmonyOS/entry/.preview/default/intermediates/res/default cache.
[2026-05-27T11:08:19.472] [DEBUG] debug-file - Update task entry:default@PreviewCompileResource output file:/Users/vita/Vitemis/Outposts/Rokurics-HarmonyOS/entry/.preview/default/generated/r/default cache.
[2026-05-27T11:08:19.472] [DEBUG] debug-file - Incremental task entry:default@PreviewCompileResource post-execution cost:1 ms .
[2026-05-27T11:08:19.472] [DEBUG] debug-file - Update task entry:default@CopyPreviewProfile input file:/Users/vita/Vitemis/Outposts/Rokurics-HarmonyOS/entry/src/main/resources/base/profile cache by regenerate.
[2026-05-27T11:08:19.472] [DEBUG] debug-file - Update task entry:default@CopyPreviewProfile output file:/Users/vita/Vitemis/Outposts/Rokurics-HarmonyOS/entry/.preview/default/intermediates/res/default/resources/base/profile cache.
[2026-05-27T11:08:19.472] [DEBUG] debug-file - Incremental task entry:default@CopyPreviewProfile post-execution cost:1 ms .
[2026-05-27T11:08:19.472] [DEBUG] debug-file - Update task entry:default@PreviewUpdateAssets output file:/Users/vita/Vitemis/Outposts/Rokurics-HarmonyOS/entry/.preview/default/intermediates/res/default/module.json cache.
[2026-05-27T11:08:19.472] [DEBUG] debug-file - Update task entry:default@PreviewUpdateAssets output file:/Users/vita/Vitemis/Outposts/Rokurics-HarmonyOS/entry/.preview/default/intermediates/res/default/resources/base/profile/main_pages.json cache.
[2026-05-27T11:08:19.472] [DEBUG] debug-file - Incremental task entry:default@PreviewUpdateAssets post-execution cost:1 ms .
[2026-05-27T11:08:19.472] [DEBUG] debug-file - Update task entry:default@PreviewArkTS input file:/Users/vita/Vitemis/Outposts/Rokurics-HarmonyOS/entry/.preview/default/intermediates/loader/default cache by regenerate.
[2026-05-27T11:08:19.472] [DEBUG] debug-file - Update task entry:default@PreviewArkTS input file:/Users/vita/Vitemis/Outposts/Rokurics-HarmonyOS/entry/.preview/default/intermediates/res/default/ResourceTable.txt cache by regenerate.
[2026-05-27T11:08:19.472] [DEBUG] debug-file - Update task entry:default@PreviewArkTS input file:/Users/vita/Vitemis/Outposts/Rokurics-HarmonyOS/entry/.preview/default/intermediates/process_profile/default/module.json cache by regenerate.
[2026-05-27T11:08:19.472] [DEBUG] debug-file - Update task entry:default@PreviewArkTS input file:/Users/vita/Vitemis/Outposts/Rokurics-HarmonyOS/entry/.preview/default/intermediates/res/default/resources/base/profile cache by regenerate.
[2026-05-27T11:08:19.472] [DEBUG] debug-file - Update task entry:default@PreviewArkTS input file:/Users/vita/Vitemis/Outposts/Rokurics-HarmonyOS/entry/src/main/ets cache by regenerate.
[2026-05-27T11:08:19.473] [DEBUG] debug-file - Update task entry:default@PreviewArkTS input file:/Users/vita/Vitemis/Outposts/Rokurics-HarmonyOS/entry/.preview/default/generated/profile/default/BuildProfile.ets cache by regenerate.
[2026-05-27T11:08:19.473] [DEBUG] debug-file - Update task entry:default@PreviewArkTS output file:/Users/vita/Vitemis/Outposts/Rokurics-HarmonyOS/entry/.preview/default/intermediates/loader_out/default/ets cache.
[2026-05-27T11:08:19.473] [DEBUG] debug-file - Incremental task entry:default@PreviewArkTS post-execution cost:1 ms .
[2026-05-27T11:08:19.478] [DEBUG] debug-file - There's no busy workers and idle workers need cleanup.
[2026-05-27T11:08:19.478] [DEBUG] debug-file - hvigor build process will be closed.
[2026-05-27T11:08:38.742] [DEBUG] debug-file - session manager: send message to worker process.
[2026-05-27T11:08:38.743] [DEBUG] debug-file - session manager: send message to worker process.
[2026-05-27T11:08:38.785] [DEBUG] debug-file - bad codeSnippet [object Object]
[2026-05-27T11:08:38.792] [DEBUG] debug-file - watch worker: worker is ready to be terminated.
[2026-05-27T11:08:38.792] [DEBUG] debug-file - Server currently has 0 watch-worker
[2026-05-27T11:55:52.923] [DEBUG] debug-file - env: nodejsVersion=v24.14.0
[2026-05-27T11:55:53.040] [DEBUG] debug-file - Hvigor init with startParameters:{
  hvigorfileTypeCheck: false,
  parallelExecution: true,
  incrementalExecution: true,
  printStackTrace: false,
  daemon: false,
  analyze: 0,
  logLevel: Level { level: 20000, levelStr: 'INFO', colour: 'green' },
  optimizationStrategy: 'memory',
  hotCompile: undefined,
  hotReloadBuild: undefined,
  customizedParam: undefined
}
[2026-05-27T11:55:53.581] [DEBUG] debug-file - Starting plugin build process
[2026-05-27T11:55:53.581] [DEBUG] debug-file - hvigorfile, require result:  { default: { system: [Function: appTasks], plugins: [] } }
[2026-05-27T11:55:53.639] [DEBUG] debug-file - Start initialize project's product build option map with build mode debug.
[2026-05-27T11:55:53.639] [DEBUG] debug-file - App plugin register hook start...
[2026-05-27T11:55:52.924] [DEBUG] debug-file - env: hvigor-config.json5 content = { modelVersion: '5.0.0', dependencies: {} }
[2026-05-27T11:55:53.642] [DEBUG] debug-file - hvigor build process will be closed with an error.
[2026-05-27T11:55:53.655] [DEBUG] debug-file - Create  resident worker with id: 0.
[2026-05-27T11:55:53.043] [DEBUG] debug-file - Cache service initialization finished in 3 ms 
[2026-05-27T11:55:53.581] [DEBUG] debug-file - App plugin prepare start...
[2026-05-27T11:55:53.581] [DEBUG] debug-file - hvigorfile, binding system plugins [Function: appTasks]
[2026-05-27T11:55:53.639] [DEBUG] debug-file - Picking option from product 'default' with build mode 'debug'.
[2026-05-27T11:55:53.639] [DEBUG] debug-file - App plugin register hook end...
[2026-05-27T11:55:52.924] [DEBUG] debug-file - env: daemon=false
[2026-05-27T11:55:53.650] [ERROR] debug-file - [31m00303217 Configuration Error
Error Message: Invalid value of 'DEVECO_SDK_HOME' in the system environment path.

* Try the following:
  > Correct the value, run hvigorw --stop-daemon to stop the daemon process, and then try again.
[39m

[31m* Try:
> Run with --stacktrace option to get the stack trace.
> Run with --debug option to get more log output.

[2026-05-27T11:55:53.656] [DEBUG] debug-file - Create  resident worker with id: 1.
[2026-05-27T11:55:53.043] [DEBUG] debug-file - hvigorfile, resolving /Users/vita/Vitemis/Outposts/Rokurics-HarmonyOS/hvigorfile.ts
[2026-05-27T11:55:53.581] [DEBUG] debug-file - App plugin prepare end...
[2026-05-27T11:55:53.640] [DEBUG] debug-file - Product 'default' build option initialized
[2026-05-27T11:55:53.639] [DEBUG] debug-file - Plugin build process completed
[2026-05-27T11:55:52.924] [DEBUG] debug-file - no-daemon, use the parent process.execArgv --max-old-space-size=8192,--max-semi-space-size=16,--expose-gc
[2026-05-27T11:55:53.650] [DEBUG] debug-file - ERROR: stacktrace = AdaptorError: [31m00303217 Configuration Error
Error Message: Invalid value of 'DEVECO_SDK_HOME' in the system environment path.

* Try the following:
  > Correct the value, run hvigorw --stop-daemon to stop the daemon process, and then try again.
[39m
    at OhosLogger.printErrorExit (/Applications/DevEco-Studio.app/Contents/tools/hvigor/hvigor/src/base/log/hvigor-log.js:1:5087)
    at Property.validatePath (/Applications/DevEco-Studio.app/Contents/tools/hvigor/hvigor-ohos-plugin/src/sdk/lib/property-get.js:1:2027)
    at Property.getHosSdkDir (/Applications/DevEco-Studio.app/Contents/tools/hvigor/hvigor-ohos-plugin/src/sdk/lib/property-get.js:1:1395)
    at SdkLoader.getSdkInfo (/Applications/DevEco-Studio.app/Contents/tools/hvigor/hvigor-ohos-plugin/src/sdk/sdk-loader.js:1:668)
    at new ProjectTaskService (/Applications/DevEco-Studio.app/Contents/tools/hvigor/hvigor-ohos-plugin/src/tasks/service/project-task-service.js:1:2057)
    at AppPlugin.initTaskService (/Applications/DevEco-Studio.app/Contents/tools/hvigor/hvigor-ohos-plugin/src/plugin/app-plugin.js:1:715)
    at ProjectImpl.<anonymous> (/Applications/DevEco-Studio.app/Contents/tools/hvigor/hvigor-ohos-plugin/src/plugin/builder/app-plugin-builder.js:1:2286)
    at ProjectImpl.executeAfterBindSystemPluginsHook (/Applications/DevEco-Studio.app/Contents/tools/hvigor/hvigor/src/base/internal/lifecycle/hvigor-node-impl/default-node-impl.js:1:5577)
    at evaluateNodeVigorFile (/Applications/DevEco-Studio.app/Contents/tools/hvigor/hvigor/src/base/internal/lifecycle/configuration.js:1:9221)
    at process.processTicksAndRejections (node:internal/process/task_queues:104:5)
[2026-05-27T11:55:53.657] [DEBUG] debug-file - Current worker pool is stopped or closed.
[2026-05-27T11:55:53.581] [DEBUG] debug-file - App plugin creating...
[2026-05-27T11:55:53.640] [DEBUG] debug-file - End initialize project's product build option map with build mode 'debug'.
[2026-05-27T11:55:53.650] [ERROR] debug-file - AdaptorError: [31m00303217 Configuration Error
Error Message: Invalid value of 'DEVECO_SDK_HOME' in the system environment path.

* Try the following:
  > Correct the value, run hvigorw --stop-daemon to stop the daemon process, and then try again.
[39m
    at OhosLogger.printErrorExit (/Applications/DevEco-Studio.app/Contents/tools/hvigor/hvigor/src/base/log/hvigor-log.js:1:5087)
    at Property.validatePath (/Applications/DevEco-Studio.app/Contents/tools/hvigor/hvigor-ohos-plugin/src/sdk/lib/property-get.js:1:2027)
    at Property.getHosSdkDir (/Applications/DevEco-Studio.app/Contents/tools/hvigor/hvigor-ohos-plugin/src/sdk/lib/property-get.js:1:1395)
    at SdkLoader.getSdkInfo (/Applications/DevEco-Studio.app/Contents/tools/hvigor/hvigor-ohos-plugin/src/sdk/sdk-loader.js:1:668)
    at new ProjectTaskService (/Applications/DevEco-Studio.app/Contents/tools/hvigor/hvigor-ohos-plugin/src/tasks/service/project-task-service.js:1:2057)
    at AppPlugin.initTaskService (/Applications/DevEco-Studio.app/Contents/tools/hvigor/hvigor-ohos-plugin/src/plugin/app-plugin.js:1:715)
    at ProjectImpl.<anonymous> (/Applications/DevEco-Studio.app/Contents/tools/hvigor/hvigor-ohos-plugin/src/plugin/builder/app-plugin-builder.js:1:2286)
    at ProjectImpl.executeAfterBindSystemPluginsHook (/Applications/DevEco-Studio.app/Contents/tools/hvigor/hvigor/src/base/internal/lifecycle/hvigor-node-impl/default-node-impl.js:1:5577)
    at evaluateNodeVigorFile (/Applications/DevEco-Studio.app/Contents/tools/hvigor/hvigor/src/base/internal/lifecycle/configuration.js:1:9221)
    at process.processTicksAndRejections (node:internal/process/task_queues:104:5)
[2026-05-27T11:55:53.657] [DEBUG] debug-file - Clear worker 0.
[2026-05-27T11:55:53.650] [ERROR] debug-file - BUILD FAILED in 612 ms 
[2026-05-27T11:55:53.657] [DEBUG] debug-file - Worker 0 has been cleared.
[2026-05-27T11:55:53.655] [DEBUG] debug-file - Since there is no instance or instance is terminated, create a new worker pool.
[2026-05-27T11:55:53.657] [DEBUG] debug-file - Current idle worker size: 1.
[2026-05-27T11:55:53.655] [DEBUG] debug-file - Worker pool is initialized with config:  {
  minPoolNum: 2,
  maxPoolNum: undefined,
  maxCoreSize: undefined,
  cacheCapacity: undefined,
  cacheTtl: undefined
}
[2026-05-27T11:55:53.657] [DEBUG] debug-file - Current busy worker size: 0.
[2026-05-27T11:55:53.657] [DEBUG] debug-file - Clear worker 1.
[2026-05-27T11:55:53.657] [DEBUG] debug-file - Worker 1 has been cleared.
[2026-05-27T11:55:53.657] [DEBUG] debug-file - Current idle worker size: 0.
[2026-05-27T11:55:53.657] [DEBUG] debug-file - Current busy worker size: 0.
[2026-05-27T11:55:53.659] [DEBUG] debug-file - hvigor build process will be closed.
[2026-05-27T11:55:53.661] [DEBUG] debug-file - worker[0] exits with exit code 0.
[2026-05-27T11:55:53.661] [DEBUG] debug-file - worker[1] exits with exit code 0.
[2026-05-27T11:55:53.661] [DEBUG] debug-file - Current worker pool is terminated.
[2026-05-27T11:56:21.789] [DEBUG] debug-file - env: nodejsVersion=v24.14.0
[2026-05-27T11:56:21.904] [DEBUG] debug-file - Hvigor init with startParameters:{
  hvigorfileTypeCheck: false,
  parallelExecution: true,
  incrementalExecution: true,
  printStackTrace: false,
  daemon: false,
  analyze: 0,
  logLevel: Level { level: 20000, levelStr: 'INFO', colour: 'green' },
  optimizationStrategy: 'memory',
  hotCompile: undefined,
  hotReloadBuild: undefined,
  customizedParam: undefined
}
[2026-05-27T11:56:22.410] [DEBUG] debug-file - hvigorfile, require result:  { default: { system: [Function: appTasks], plugins: [] } }
[2026-05-27T11:56:22.470] [DEBUG] debug-file - App plugin register hook start...
[2026-05-27T11:56:22.411] [DEBUG] debug-file - Starting plugin build process
[2026-05-27T11:56:22.470] [DEBUG] debug-file - Start initialize project's product build option map with build mode debug.
[2026-05-27T11:56:22.471] [DEBUG] debug-file - Obtain build option for product 'default'in this build.
[2026-05-27T11:56:21.789] [DEBUG] debug-file - env: hvigor-config.json5 content = { modelVersion: '5.0.0', dependencies: {} }
[2026-05-27T11:56:22.584] [DEBUG] debug-file - Create  resident worker with id: 0.
[2026-05-27T11:56:21.907] [DEBUG] debug-file - Cache service initialization finished in 3 ms 
[2026-05-27T11:56:22.410] [DEBUG] debug-file - hvigorfile, binding system plugins [Function: appTasks]
[2026-05-27T11:56:22.470] [DEBUG] debug-file - App plugin register hook end...
[2026-05-27T11:56:22.411] [DEBUG] debug-file - App plugin prepare start...
[2026-05-27T11:56:22.470] [DEBUG] debug-file - Picking option from product 'default' with build mode 'debug'.
[2026-05-27T11:56:22.472] [DEBUG] debug-file - No signingConfig found, initRemoteHspCache failed.
[2026-05-27T11:56:21.789] [DEBUG] debug-file - env: daemon=false
[2026-05-27T11:56:22.585] [DEBUG] debug-file - Create  resident worker with id: 1.
[2026-05-27T11:56:21.907] [DEBUG] debug-file - hvigorfile, resolving /Users/vita/Vitemis/Outposts/Rokurics-HarmonyOS/hvigorfile.ts
[2026-05-27T11:56:22.470] [DEBUG] debug-file - Plugin build process completed
[2026-05-27T11:56:22.411] [DEBUG] debug-file - App plugin prepare end...
[2026-05-27T11:56:22.470] [DEBUG] debug-file - Product 'default' build option initialized
[2026-05-27T11:56:22.473] [DEBUG] debug-file - Local scan or download HarmonyOS sdk components toolchains,ets,js,native,previewer
[2026-05-27T11:56:21.789] [DEBUG] debug-file - no-daemon, use the parent process.execArgv --max-old-space-size=8192,--max-semi-space-size=16,--expose-gc
[2026-05-27T11:56:22.586] [DEBUG] debug-file - Current worker pool is stopped or closed.
[2026-05-27T11:56:22.411] [DEBUG] debug-file - App plugin creating...
[2026-05-27T11:56:22.470] [DEBUG] debug-file - End initialize project's product build option map with build mode 'debug'.
[2026-05-27T11:56:22.576] [DEBUG] debug-file - hvigor build process will be closed with an error.
[2026-05-27T11:56:22.586] [DEBUG] debug-file - Clear worker 0.
[2026-05-27T11:56:22.586] [DEBUG] debug-file - Worker 0 has been cleared.
[2026-05-27T11:56:22.578] [ERROR] debug-file - [31m00303168 Configuration Error
Error Message: SDK component missing.

* Try the following:
  > Please verify the integrity of your SDK.
  > Please update the SDK at the download link below.
  > More info: https://developer.huawei.com/consumer/en/download
[39m

[31m* Try:
> Run with --stacktrace option to get the stack trace.
> Run with --debug option to get more log output.

[2026-05-27T11:56:22.586] [DEBUG] debug-file - Current idle worker size: 1.
[2026-05-27T11:56:22.579] [DEBUG] debug-file - ERROR: stacktrace = AdaptorError: [31m00303168 Configuration Error
Error Message: SDK component missing.

* Try the following:
  > Please verify the integrity of your SDK.
  > Please update the SDK at the download link below.
  > More info: https://developer.huawei.com/consumer/en/download
[39m
    at OhosLogger.printErrorExit (/Applications/DevEco-Studio.app/Contents/tools/hvigor/hvigor/src/base/log/hvigor-log.js:1:5087)
    at HmosSdkLoader.getHmosSdkComponents (/Applications/DevEco-Studio.app/Contents/tools/hvigor/hvigor-ohos-plugin/src/sdk/hmos-sdk-loader.js:1:1895)
    at HosSdkInfo.setup (/Applications/DevEco-Studio.app/Contents/tools/hvigor/hvigor-ohos-plugin/src/sdk/info/hos-sdk-info.js:1:1537)
    at ProjectTaskService.setup (/Applications/DevEco-Studio.app/Contents/tools/hvigor/hvigor-ohos-plugin/src/tasks/service/project-task-service.js:1:2525)
    at ProjectImpl.<anonymous> (/Applications/DevEco-Studio.app/Contents/tools/hvigor/hvigor-ohos-plugin/src/plugin/builder/app-plugin-builder.js:1:2361)
    at ProjectImpl.executeAfterBindSystemPluginsHook (/Applications/DevEco-Studio.app/Contents/tools/hvigor/hvigor/src/base/internal/lifecycle/hvigor-node-impl/default-node-impl.js:1:5577)
    at evaluateNodeVigorFile (/Applications/DevEco-Studio.app/Contents/tools/hvigor/hvigor/src/base/internal/lifecycle/configuration.js:1:9221)
    at process.processTicksAndRejections (node:internal/process/task_queues:104:5)
    at async evalProject (/Applications/DevEco-Studio.app/Contents/tools/hvigor/hvigor/src/base/internal/lifecycle/configuration.js:1:3544)
    at async configuration (/Applications/DevEco-Studio.app/Contents/tools/hvigor/hvigor/src/base/internal/lifecycle/configuration.js:1:2288)
[2026-05-27T11:56:22.586] [DEBUG] debug-file - Current busy worker size: 0.
[2026-05-27T11:56:22.586] [DEBUG] debug-file - Clear worker 1.
[2026-05-27T11:56:22.579] [ERROR] debug-file - AdaptorError: [31m00303168 Configuration Error
Error Message: SDK component missing.

* Try the following:
  > Please verify the integrity of your SDK.
  > Please update the SDK at the download link below.
  > More info: https://developer.huawei.com/consumer/en/download
[39m
    at OhosLogger.printErrorExit (/Applications/DevEco-Studio.app/Contents/tools/hvigor/hvigor/src/base/log/hvigor-log.js:1:5087)
    at HmosSdkLoader.getHmosSdkComponents (/Applications/DevEco-Studio.app/Contents/tools/hvigor/hvigor-ohos-plugin/src/sdk/hmos-sdk-loader.js:1:1895)
    at HosSdkInfo.setup (/Applications/DevEco-Studio.app/Contents/tools/hvigor/hvigor-ohos-plugin/src/sdk/info/hos-sdk-info.js:1:1537)
    at ProjectTaskService.setup (/Applications/DevEco-Studio.app/Contents/tools/hvigor/hvigor-ohos-plugin/src/tasks/service/project-task-service.js:1:2525)
    at ProjectImpl.<anonymous> (/Applications/DevEco-Studio.app/Contents/tools/hvigor/hvigor-ohos-plugin/src/plugin/builder/app-plugin-builder.js:1:2361)
    at ProjectImpl.executeAfterBindSystemPluginsHook (/Applications/DevEco-Studio.app/Contents/tools/hvigor/hvigor/src/base/internal/lifecycle/hvigor-node-impl/default-node-impl.js:1:5577)
    at evaluateNodeVigorFile (/Applications/DevEco-Studio.app/Contents/tools/hvigor/hvigor/src/base/internal/lifecycle/configuration.js:1:9221)
    at process.processTicksAndRejections (node:internal/process/task_queues:104:5)
    at async evalProject (/Applications/DevEco-Studio.app/Contents/tools/hvigor/hvigor/src/base/internal/lifecycle/configuration.js:1:3544)
    at async configuration (/Applications/DevEco-Studio.app/Contents/tools/hvigor/hvigor/src/base/internal/lifecycle/configuration.js:1:2288)
[2026-05-27T11:56:22.586] [DEBUG] debug-file - Worker 1 has been cleared.
[2026-05-27T11:56:22.579] [ERROR] debug-file - BUILD FAILED in 677 ms 
[2026-05-27T11:56:22.586] [DEBUG] debug-file - Current idle worker size: 0.
[2026-05-27T11:56:22.584] [DEBUG] debug-file - Since there is no instance or instance is terminated, create a new worker pool.
[2026-05-27T11:56:22.586] [DEBUG] debug-file - Current busy worker size: 0.
[2026-05-27T11:56:22.584] [DEBUG] debug-file - Worker pool is initialized with config:  {
  minPoolNum: 2,
  maxPoolNum: undefined,
  maxCoreSize: undefined,
  cacheCapacity: undefined,
  cacheTtl: undefined
}
[2026-05-27T11:56:22.588] [DEBUG] debug-file - hvigor build process will be closed.
[2026-05-27T11:56:22.590] [DEBUG] debug-file - worker[0] exits with exit code 0.
[2026-05-27T11:56:22.590] [DEBUG] debug-file - worker[1] exits with exit code 0.
[2026-05-27T11:56:22.590] [DEBUG] debug-file - Current worker pool is terminated.
[2026-05-27T11:56:35.243] [DEBUG] debug-file - env: nodejsVersion=v24.14.0
[2026-05-27T11:56:35.359] [DEBUG] debug-file - Hvigor init with startParameters:{
  hvigorfileTypeCheck: false,
  parallelExecution: true,
  incrementalExecution: true,
  printStackTrace: false,
  daemon: false,
  analyze: 0,
  logLevel: Level { level: 20000, levelStr: 'INFO', colour: 'green' },
  optimizationStrategy: 'memory',
  hotCompile: undefined,
  hotReloadBuild: undefined,
  customizedParam: undefined
}
[2026-05-27T11:56:35.854] [DEBUG] debug-file - hvigorfile, require result:  { default: { system: [Function: appTasks], plugins: [] } }
[2026-05-27T11:56:35.912] [DEBUG] debug-file - App plugin register hook start...
[2026-05-27T11:56:35.855] [DEBUG] debug-file - Starting plugin build process
[2026-05-27T11:56:35.912] [DEBUG] debug-file - Start initialize project's product build option map with build mode debug.
[2026-05-27T11:56:35.244] [DEBUG] debug-file - env: hvigor-config.json5 content = { modelVersion: '5.0.0', dependencies: {} }
[2026-05-27T11:56:35.913] [DEBUG] debug-file - Obtain build option for product 'default'in this build.
[2026-05-27T11:56:35.952] [DEBUG] debug-file - Create  resident worker with id: 0.
[2026-05-27T11:56:35.362] [DEBUG] debug-file - Cache service initialization finished in 3 ms 
[2026-05-27T11:56:35.854] [DEBUG] debug-file - hvigorfile, binding system plugins [Function: appTasks]
[2026-05-27T11:56:35.912] [DEBUG] debug-file - App plugin register hook end...
[2026-05-27T11:56:35.855] [DEBUG] debug-file - App plugin prepare start...
[2026-05-27T11:56:35.913] [DEBUG] debug-file - Picking option from product 'default' with build mode 'debug'.
[2026-05-27T11:56:35.244] [DEBUG] debug-file - env: daemon=false
[2026-05-27T11:56:35.914] [DEBUG] debug-file - No signingConfig found, initRemoteHspCache failed.
[2026-05-27T11:56:35.953] [DEBUG] debug-file - Create  resident worker with id: 1.
[2026-05-27T11:56:35.362] [DEBUG] debug-file - hvigorfile, resolving /Users/vita/Vitemis/Outposts/Rokurics-HarmonyOS/hvigorfile.ts
[2026-05-27T11:56:35.912] [DEBUG] debug-file - Plugin build process completed
[2026-05-27T11:56:35.855] [DEBUG] debug-file - App plugin prepare end...
[2026-05-27T11:56:35.913] [DEBUG] debug-file - Product 'default' build option initialized
[2026-05-27T11:56:35.244] [DEBUG] debug-file - no-daemon, use the parent process.execArgv --max-old-space-size=8192,--max-semi-space-size=16,--expose-gc
[2026-05-27T11:56:35.915] [DEBUG] debug-file - Local scan or download HarmonyOS sdk components toolchains,ets,js,native,previewer
[2026-05-27T11:56:35.954] [DEBUG] debug-file - Current worker pool is stopped or closed.
[2026-05-27T11:56:35.855] [DEBUG] debug-file - App plugin creating...
[2026-05-27T11:56:35.913] [DEBUG] debug-file - End initialize project's product build option map with build mode 'debug'.
[2026-05-27T11:56:35.945] [DEBUG] debug-file - hvigor build process will be closed with an error.
[2026-05-27T11:56:35.954] [DEBUG] debug-file - Clear worker 0.
[2026-05-27T11:56:35.947] [ERROR] debug-file - [31m00303168 Configuration Error
Error Message: SDK component missing.

* Try the following:
  > Please verify the integrity of your SDK.
  > Please update the SDK at the download link below.
  > More info: https://developer.huawei.com/consumer/en/download
[39m

[31m* Try:
> Run with --stacktrace option to get the stack trace.
> Run with --debug option to get more log output.

[2026-05-27T11:56:35.954] [DEBUG] debug-file - Worker 0 has been cleared.
[2026-05-27T11:56:35.947] [DEBUG] debug-file - ERROR: stacktrace = AdaptorError: [31m00303168 Configuration Error
Error Message: SDK component missing.

* Try the following:
  > Please verify the integrity of your SDK.
  > Please update the SDK at the download link below.
  > More info: https://developer.huawei.com/consumer/en/download
[39m
    at OhosLogger.printErrorExit (/Applications/DevEco-Studio.app/Contents/tools/hvigor/hvigor/src/base/log/hvigor-log.js:1:5087)
    at HmosSdkLoader.getHmosSdkComponents (/Applications/DevEco-Studio.app/Contents/tools/hvigor/hvigor-ohos-plugin/src/sdk/hmos-sdk-loader.js:1:1895)
    at HosSdkInfo.setup (/Applications/DevEco-Studio.app/Contents/tools/hvigor/hvigor-ohos-plugin/src/sdk/info/hos-sdk-info.js:1:1537)
    at ProjectTaskService.setup (/Applications/DevEco-Studio.app/Contents/tools/hvigor/hvigor-ohos-plugin/src/tasks/service/project-task-service.js:1:2525)
    at ProjectImpl.<anonymous> (/Applications/DevEco-Studio.app/Contents/tools/hvigor/hvigor-ohos-plugin/src/plugin/builder/app-plugin-builder.js:1:2361)
    at ProjectImpl.executeAfterBindSystemPluginsHook (/Applications/DevEco-Studio.app/Contents/tools/hvigor/hvigor/src/base/internal/lifecycle/hvigor-node-impl/default-node-impl.js:1:5577)
    at evaluateNodeVigorFile (/Applications/DevEco-Studio.app/Contents/tools/hvigor/hvigor/src/base/internal/lifecycle/configuration.js:1:9221)
    at process.processTicksAndRejections (node:internal/process/task_queues:104:5)
    at async evalProject (/Applications/DevEco-Studio.app/Contents/tools/hvigor/hvigor/src/base/internal/lifecycle/configuration.js:1:3544)
    at async configuration (/Applications/DevEco-Studio.app/Contents/tools/hvigor/hvigor/src/base/internal/lifecycle/configuration.js:1:2288)
[2026-05-27T11:56:35.954] [DEBUG] debug-file - Current idle worker size: 1.
[2026-05-27T11:56:35.947] [ERROR] debug-file - AdaptorError: [31m00303168 Configuration Error
Error Message: SDK component missing.

* Try the following:
  > Please verify the integrity of your SDK.
  > Please update the SDK at the download link below.
  > More info: https://developer.huawei.com/consumer/en/download
[39m
    at OhosLogger.printErrorExit (/Applications/DevEco-Studio.app/Contents/tools/hvigor/hvigor/src/base/log/hvigor-log.js:1:5087)
    at HmosSdkLoader.getHmosSdkComponents (/Applications/DevEco-Studio.app/Contents/tools/hvigor/hvigor-ohos-plugin/src/sdk/hmos-sdk-loader.js:1:1895)
    at HosSdkInfo.setup (/Applications/DevEco-Studio.app/Contents/tools/hvigor/hvigor-ohos-plugin/src/sdk/info/hos-sdk-info.js:1:1537)
    at ProjectTaskService.setup (/Applications/DevEco-Studio.app/Contents/tools/hvigor/hvigor-ohos-plugin/src/tasks/service/project-task-service.js:1:2525)
    at ProjectImpl.<anonymous> (/Applications/DevEco-Studio.app/Contents/tools/hvigor/hvigor-ohos-plugin/src/plugin/builder/app-plugin-builder.js:1:2361)
    at ProjectImpl.executeAfterBindSystemPluginsHook (/Applications/DevEco-Studio.app/Contents/tools/hvigor/hvigor/src/base/internal/lifecycle/hvigor-node-impl/default-node-impl.js:1:5577)
    at evaluateNodeVigorFile (/Applications/DevEco-Studio.app/Contents/tools/hvigor/hvigor/src/base/internal/lifecycle/configuration.js:1:9221)
    at process.processTicksAndRejections (node:internal/process/task_queues:104:5)
    at async evalProject (/Applications/DevEco-Studio.app/Contents/tools/hvigor/hvigor/src/base/internal/lifecycle/configuration.js:1:3544)
    at async configuration (/Applications/DevEco-Studio.app/Contents/tools/hvigor/hvigor/src/base/internal/lifecycle/configuration.js:1:2288)
[2026-05-27T11:56:35.954] [DEBUG] debug-file - Current busy worker size: 0.
[2026-05-27T11:56:35.948] [ERROR] debug-file - BUILD FAILED in 591 ms 
[2026-05-27T11:56:35.954] [DEBUG] debug-file - Clear worker 1.
[2026-05-27T11:56:35.952] [DEBUG] debug-file - Since there is no instance or instance is terminated, create a new worker pool.
[2026-05-27T11:56:35.954] [DEBUG] debug-file - Worker 1 has been cleared.
[2026-05-27T11:56:35.954] [DEBUG] debug-file - Current idle worker size: 0.
[2026-05-27T11:56:35.952] [DEBUG] debug-file - Worker pool is initialized with config:  {
  minPoolNum: 2,
  maxPoolNum: undefined,
  maxCoreSize: undefined,
  cacheCapacity: undefined,
  cacheTtl: undefined
}
[2026-05-27T11:56:35.954] [DEBUG] debug-file - Current busy worker size: 0.
[2026-05-27T11:56:35.956] [DEBUG] debug-file - hvigor build process will be closed.
[2026-05-27T11:56:35.958] [DEBUG] debug-file - worker[0] exits with exit code 0.
[2026-05-27T11:56:35.958] [DEBUG] debug-file - Current worker pool is terminated.
[2026-05-27T11:56:35.958] [DEBUG] debug-file - worker[1] exits with exit code 0.
[2026-05-27T11:56:42.748] [DEBUG] debug-file - env: nodejsVersion=v24.14.0
[2026-05-27T11:56:42.865] [DEBUG] debug-file - Hvigor init with startParameters:{
  hvigorfileTypeCheck: false,
  parallelExecution: true,
  incrementalExecution: true,
  printStackTrace: true,
  daemon: false,
  analyze: 0,
  logLevel: Level { level: 20000, levelStr: 'INFO', colour: 'green' },
  optimizationStrategy: 'memory',
  hotCompile: undefined,
  hotReloadBuild: undefined,
  customizedParam: undefined
}
[2026-05-27T11:56:43.379] [DEBUG] debug-file - hvigorfile, require result:  { default: { system: [Function: appTasks], plugins: [] } }
[2026-05-27T11:56:43.380] [DEBUG] debug-file - Starting plugin build process
[2026-05-27T11:56:43.441] [DEBUG] debug-file - Start initialize project's product build option map with build mode debug.
[2026-05-27T11:56:43.444] [DEBUG] debug-file - Start recording SDK configuration permission data.
[2026-05-27T11:56:43.440] [DEBUG] debug-file - App plugin register hook start...
[2026-05-27T11:56:43.462] [DEBUG] debug-file - Start initialize module-target build option map, moduleName=entry, buildMode=debug
[2026-05-27T11:56:43.460] [DEBUG] debug-file - failed to load cangjie to dynamically generate schemas: Error: Cannot find module '@ohos/cangjie-build-support/index'
Require stack:
- /Applications/DevEco-Studio.app/Contents/tools/hvigor/hvigor-ohos-plugin/src/plugin/hooks/cangjie-register.js
- /Applications/DevEco-Studio.app/Contents/tools/hvigor/hvigor-ohos-plugin/src/plugin/strategy/stage-init-strategy.js
- /Applications/DevEco-Studio.app/Contents/tools/hvigor/hvigor-ohos-plugin/src/plugin/builder/abstract-plugin-builder.js
- /Applications/DevEco-Studio.app/Contents/tools/hvigor/hvigor-ohos-plugin/src/plugin/builder/app-plugin-builder.js
- /Applications/DevEco-Studio.app/Contents/tools/hvigor/hvigor-ohos-plugin/src/plugin/factory/plugin-factory.js
- /Applications/DevEco-Studio.app/Contents/tools/hvigor/hvigor-ohos-plugin/index.js
- /Users/vita/Vitemis/Outposts/Rokurics-HarmonyOS/hvigorfile.ts
- /Applications/DevEco-Studio.app/Contents/tools/hvigor/hvigor/src/base/internal/lifecycle/configuration.js
- /Applications/DevEco-Studio.app/Contents/tools/hvigor/hvigor/src/base/boot/index.js
- /Applications/DevEco-Studio.app/Contents/tools/hvigor/hvigor/src/cli/main/cli.js
- /Applications/DevEco-Studio.app/Contents/tools/hvigor/hvigor/bin/hvigor.js
[2026-05-27T11:56:43.465] [DEBUG] debug-file - project has submodules:entry
[2026-05-27T11:56:43.468] [DEBUG] debug-file - Start to initialize dependency information.
[2026-05-27T11:56:43.442] [DEBUG] debug-file - Obtain build option for product 'default'in this build.
[2026-05-27T11:56:43.472] [DEBUG] debug-file - Executing task :entry:default@PreBuild
[2026-05-27T11:56:43.457] [DEBUG] debug-file - Project task initialization takes 2 ms 
[2026-05-27T11:56:43.518] [DEBUG] debug-file - Executing task :entry:default@CreateBuildProfile
[2026-05-27T11:56:43.466] [DEBUG] debug-file - start to load updatedOhPackageInfo to the disk
[2026-05-27T11:56:43.519] [DEBUG] debug-file - Executing task :entry:default@GeneratePkgContextInfo
[2026-05-27T11:56:43.519] [DEBUG] debug-file - Executing task :entry:default@PreCheckSyscap
[2026-05-27T11:56:43.524] [DEBUG] debug-file - Executing task :entry:default@MakePackInfo
[2026-05-27T11:56:43.525] [DEBUG] debug-file - Executing task :entry:default@SyscapTransform
[2026-05-27T11:56:43.535] [DEBUG] debug-file - Executing task :entry:default@ProcessProfile
[2026-05-27T11:56:43.523] [DEBUG] debug-file - Executing task :entry:default@ProcessIntegratedHsp
[2026-05-27T11:56:43.524] [DEBUG] debug-file - Executing task :entry:default@BuildNativeWithCmake
[2026-05-27T11:56:43.515] [DEBUG] debug-file - Executing task :entry:default@GenerateMetadata
[2026-05-27T11:56:43.577] [DEBUG] debug-file - 13.0.1.0
[2026-05-27T11:56:43.578] [DEBUG] debug-file - Executing task :entry:default@ProcessRouterMap
[2026-05-27T11:56:43.579] [DEBUG] debug-file - Executing task :entry:default@ProcessShareConfig
[2026-05-27T11:56:43.580] [DEBUG] debug-file - Executing task :entry:default@ProcessStartupConfig
[2026-05-27T11:56:43.581] [DEBUG] debug-file - Executing task :entry:default@BuildNativeWithNinja
[2026-05-27T11:56:43.583] [DEBUG] debug-file - Executing task :entry:default@GenerateLoaderJson
[2026-05-27T11:56:43.585] [DEBUG] debug-file - Executing task :entry:default@ProcessLibs
[2026-05-27T11:56:43.582] [DEBUG] debug-file - Executing task :entry:default@ProcessResource
[2026-05-27T11:56:43.586] [DEBUG] debug-file - Executing task :entry:default@CompileResource
[2026-05-27T11:56:42.748] [DEBUG] debug-file - env: hvigor-config.json5 content = { modelVersion: '5.0.0', dependencies: {} }
[2026-05-27T11:56:42.867] [DEBUG] debug-file - Cache service initialization finished in 2 ms 
[2026-05-27T11:56:43.379] [DEBUG] debug-file - hvigorfile, binding system plugins [Function: appTasks]
[2026-05-27T11:56:43.380] [DEBUG] debug-file - App plugin prepare start...
[2026-05-27T11:56:43.441] [DEBUG] debug-file - Picking option from product 'default' with build mode 'debug'.
[2026-05-27T11:56:43.455] [DEBUG] debug-file - Sdk init in 13 ms 
[2026-05-27T11:56:43.440] [DEBUG] debug-file - App plugin register hook end...
[2026-05-27T11:56:43.463] [DEBUG] debug-file - Target 'default' config initialized
[2026-05-27T11:56:43.468] [DEBUG] debug-file - Module entry Collected Dependency: 
[2026-05-27T11:56:43.442] [DEBUG] debug-file - No signingConfig found, initRemoteHspCache failed.
[2026-05-27T11:56:43.472] [DEBUG] debug-file - Task 'entry:default@PreBuild' cost while wrapping incremental declarations: 1 ms 
[2026-05-27T11:56:43.518] [DEBUG] debug-file - Task 'entry:default@CreateBuildProfile' cost while wrapping incremental declarations: 1 ms 
[2026-05-27T11:56:43.457] [DEBUG] debug-file - hvigorfile, begin to bind custom plugins...
[2026-05-27T11:56:43.466] [DEBUG] debug-file - load to the disk finished
[2026-05-27T11:56:43.522] [DEBUG] debug-file - Task 'entry:default@GeneratePkgContextInfo' cost while wrapping incremental declarations: 1 ms 
[2026-05-27T11:56:43.524] [DEBUG] debug-file - Incremental task entry:default@MakePackInfo pre-execution cost: 1 ms .
[2026-05-27T11:56:43.525] [DEBUG] debug-file - File: '/Users/vita/Vitemis/Outposts/Rokurics-HarmonyOS/entry/src/main/syscap.json' from 'sysCapJsonPath' is not exists, just ignore.
[2026-05-27T11:56:43.519] [DEBUG] debug-file - entry : default@PreCheckSyscap cost memory 0.01947784423828125
[2026-05-27T11:56:43.535] [DEBUG] debug-file - Task 'entry:default@ProcessProfile' cost while wrapping incremental declarations: 1 ms 
[2026-05-27T11:56:43.523] [DEBUG] debug-file - entry:default@ProcessIntegratedHsp is not up-to-date, since the output file '/Users/vita/Vitemis/Outposts/Rokurics-HarmonyOS/build/cache/default/integrated_hsp/integratedHspCache.json' does not exist.
[2026-05-27T11:56:43.524] [DEBUG] debug-file - entry : default@BuildNativeWithCmake cost memory 0.0180816650390625
[2026-05-27T11:56:43.515] [DEBUG] debug-file - Task 'entry:default@GenerateMetadata' cost while wrapping incremental declarations: 1 ms 
[2026-05-27T11:56:43.580] [DEBUG] debug-file - entry:default@ProcessShareConfig is not up-to-date, since the task snapshots are different.
[2026-05-27T11:56:43.579] [DEBUG] debug-file - entry:default@ProcessRouterMap is not up-to-date, since the task snapshots are different.
[2026-05-27T11:56:43.580] [DEBUG] debug-file - Task 'entry:default@ProcessStartupConfig' cost while wrapping incremental declarations: 1 ms 
[2026-05-27T11:56:43.578] [DEBUG] debug-file - No need to add fake ui ability because of not in preview process.
[2026-05-27T11:56:43.581] [DEBUG] debug-file - entry : default@BuildNativeWithNinja cost memory 0.0237579345703125
[2026-05-27T11:56:43.583] [DEBUG] debug-file - Task 'entry:default@GenerateLoaderJson' cost while wrapping incremental declarations: 1 ms 
[2026-05-27T11:56:43.586] [DEBUG] debug-file - Incremental task entry:default@ProcessLibs pre-execution cost: 1 ms .
[2026-05-27T11:56:43.582] [DEBUG] debug-file - Task 'entry:default@ProcessResource' cost while wrapping incremental declarations: 1 ms 
[2026-05-27T11:56:43.590] [DEBUG] debug-file - current process  memoryUsage: {
  rss: 281870336,
  heapTotal: 171556864,
  heapUsed: 146979632,
  external: 3842538,
  arrayBuffers: 57403
} os memoryUsage :23.783401489257812
[2026-05-27T11:56:43.587] [DEBUG] debug-file - entry:default@CompileResource is not up-to-date, since the input file '/Users/vita/Vitemis/Outposts/Rokurics-HarmonyOS/entry/build/default/intermediates/process_profile/default/module.json' has been changed.
[2026-05-27T11:56:42.748] [DEBUG] debug-file - env: daemon=false
[2026-05-27T11:56:42.867] [DEBUG] debug-file - hvigorfile, resolving /Users/vita/Vitemis/Outposts/Rokurics-HarmonyOS/hvigorfile.ts
[2026-05-27T11:56:43.380] [DEBUG] debug-file - App plugin prepare end...
[2026-05-27T11:56:43.441] [DEBUG] debug-file - Product 'default' build option initialized
[2026-05-27T11:56:43.440] [DEBUG] debug-file - Plugin build process completed
[2026-05-27T11:56:43.463] [DEBUG] debug-file - Module 'entry' target 'default' build option initialized
[2026-05-27T11:56:43.468] [DEBUG] debug-file - Module entry's total dependency: 0
[2026-05-27T11:56:43.443] [DEBUG] debug-file - Local scan or download HarmonyOS sdk components toolchains,ets,js,native,previewer
[2026-05-27T11:56:43.473] [DEBUG] debug-file - entry:default@PreBuild is not up-to-date, since the task snapshots are different.
[2026-05-27T11:56:43.518] [DEBUG] debug-file - entry:default@CreateBuildProfile is not up-to-date, since the task snapshots are different.
[2026-05-27T11:56:43.457] [DEBUG] debug-file - hvigorfile, no custom plugins were found in /Users/vita/Vitemis/Outposts/Rokurics-HarmonyOS/hvigorfile.ts
[2026-05-27T11:56:43.467] [DEBUG] debug-file - Start to initialize dependency information.
[2026-05-27T11:56:43.522] [DEBUG] debug-file - entry : default@GeneratePkgContextInfo cost memory 0.3536224365234375
[2026-05-27T11:56:43.525] [DEBUG] debug-file - Task 'entry:default@SyscapTransform' cost while wrapping incremental declarations: 1 ms 
[2026-05-27T11:56:43.519] [DEBUG] debug-file - runTaskFromQueue task cost before running: 656 ms 
[2026-05-27T11:56:43.523] [DEBUG] debug-file - Incremental task entry:default@ProcessIntegratedHsp pre-execution cost: 1 ms .
[2026-05-27T11:56:43.524] [DEBUG] debug-file - runTaskFromQueue task cost before running: 661 ms 
[2026-05-27T11:56:43.515] [DEBUG] debug-file - Incremental task entry:default@GenerateMetadata pre-execution cost: 1 ms .
[2026-05-27T11:56:43.536] [DEBUG] debug-file - entry:default@ProcessProfile is not up-to-date, since the input file '/Users/vita/Vitemis/Outposts/Rokurics-HarmonyOS/entry/build/default/intermediates/merge_profile/default/module.json' has been changed.
[2026-05-27T11:56:43.580] [DEBUG] debug-file - Incremental task entry:default@ProcessShareConfig pre-execution cost: 1 ms .
[2026-05-27T11:56:43.524] [DEBUG] debug-file - entry : default@MakePackInfo cost memory 0.1396636962890625
[2026-05-27T11:56:43.579] [DEBUG] debug-file - Incremental task entry:default@ProcessRouterMap pre-execution cost: 1 ms .
[2026-05-27T11:56:43.580] [DEBUG] debug-file - entry:default@ProcessStartupConfig is not up-to-date, since the output file '/Users/vita/Vitemis/Outposts/Rokurics-HarmonyOS/entry/build/default/intermediates/startup/default/startup_config.json' does not exist.
[2026-05-27T11:56:43.578] [DEBUG] debug-file - entry : default@ProcessProfile cost memory 0.46254730224609375
[2026-05-27T11:56:43.581] [DEBUG] debug-file - runTaskFromQueue task cost before running: 718 ms 
[2026-05-27T11:56:43.584] [DEBUG] debug-file - entry:default@GenerateLoaderJson is not up-to-date, since the input file '/Users/vita/Vitemis/Outposts/Rokurics-HarmonyOS/entry/build/default/intermediates/router_map/default/temp-router-map.json' has been changed.
[2026-05-27T11:56:43.586] [DEBUG] debug-file - entry : default@ProcessLibs cost memory 0.1160430908203125
[2026-05-27T11:56:43.582] [DEBUG] debug-file - Incremental task entry:default@ProcessResource pre-execution cost: 1 ms .
[2026-05-27T11:56:43.587] [DEBUG] debug-file - Incremental task entry:default@CompileResource pre-execution cost: 1 ms .
[2026-05-27T11:56:42.748] [DEBUG] debug-file - no-daemon, use the parent process.execArgv --max-old-space-size=8192,--max-semi-space-size=16,--expose-gc,--enable-source-maps
[2026-05-27T11:56:43.380] [DEBUG] debug-file - App plugin creating...
[2026-05-27T11:56:43.441] [DEBUG] debug-file - End initialize project's product build option map with build mode 'debug'.
[2026-05-27T11:56:43.463] [DEBUG] debug-file - End initialize module-target build option map, moduleName=entry
[2026-05-27T11:56:43.469] [DEBUG] debug-file - Configuration phase cost:603 ms 
[2026-05-27T11:56:43.443] [DEBUG] debug-file - Local scan or download hmscore sdk components toolchains,ets,native
[2026-05-27T11:56:43.473] [DEBUG] debug-file - Incremental task entry:default@PreBuild pre-execution cost: 1 ms .
[2026-05-27T11:56:43.518] [DEBUG] debug-file - Incremental task entry:default@CreateBuildProfile pre-execution cost: 1 ms .
[2026-05-27T11:56:43.457] [DEBUG] debug-file - hvigorfile, resolve finished /Users/vita/Vitemis/Outposts/Rokurics-HarmonyOS/hvigorfile.ts
[2026-05-27T11:56:43.467] [DEBUG] debug-file - Module Rokurics-HarmonyOS Collected Dependency: 
[2026-05-27T11:56:43.522] [DEBUG] debug-file - runTaskFromQueue task cost before running: 659 ms 
[2026-05-27T11:56:43.534] [DEBUG] debug-file - entry:default@SyscapTransform is not up-to-date, since the output file '/Users/vita/Vitemis/Outposts/Rokurics-HarmonyOS/entry/build/default/intermediates/syscap/default/rpcid.sc' does not exist.
[2026-05-27T11:56:43.519] [INFO] debug-file - Finished :entry:default@PreCheckSyscap... after 1 ms 
[2026-05-27T11:56:43.523] [DEBUG] debug-file - entry : default@ProcessIntegratedHsp cost memory -0.476165771484375
[2026-05-27T11:56:43.524] [INFO] debug-file - Finished :entry:default@BuildNativeWithCmake... after 1 ms 
[2026-05-27T11:56:43.515] [DEBUG] debug-file - entry : default@GenerateMetadata cost memory -0.32674407958984375
[2026-05-27T11:56:43.536] [DEBUG] debug-file - Incremental task entry:default@ProcessProfile pre-execution cost: 1 ms .
[2026-05-27T11:56:43.580] [DEBUG] debug-file - entry : default@ProcessShareConfig cost memory 0.1149139404296875
[2026-05-27T11:56:43.524] [INFO] debug-file - UP-TO-DATE :entry:default@MakePackInfo...  
[2026-05-27T11:56:43.579] [DEBUG] debug-file - entry : default@ProcessRouterMap cost memory 0.13822174072265625
[2026-05-27T11:56:43.580] [DEBUG] debug-file - Incremental task entry:default@ProcessStartupConfig pre-execution cost: 1 ms .
[2026-05-27T11:56:43.578] [DEBUG] debug-file - runTaskFromQueue task cost before running: 715 ms 
[2026-05-27T11:56:43.581] [INFO] debug-file - Finished :entry:default@BuildNativeWithNinja... after 1 ms 
[2026-05-27T11:56:43.584] [DEBUG] debug-file - Incremental task entry:default@GenerateLoaderJson pre-execution cost: 1 ms .
[2026-05-27T11:56:43.586] [INFO] debug-file - UP-TO-DATE :entry:default@ProcessLibs...  
[2026-05-27T11:56:43.582] [DEBUG] debug-file - entry : default@ProcessResource cost memory 0.68572998046875
[2026-05-27T11:56:43.589] [DEBUG] debug-file - Use tool [/Applications/DevEco-Studio.app/Contents/sdk/default/openharmony/toolchains/restool]
 [
  '/Applications/DevEco-Studio.app/Contents/sdk/default/openharmony/toolchains/restool',
  '-l',
  '/Users/vita/Vitemis/Outposts/Rokurics-HarmonyOS/entry/build/default/intermediates/res/default/resConfig.json'
]
[2026-05-27T11:56:43.463] [DEBUG] debug-file - Start initialize module-target build option map, moduleName=entry, buildMode=release
[2026-05-27T11:56:43.470] [DEBUG] debug-file - Configuration task cost before running: 607 ms 
[2026-05-27T11:56:43.513] [DEBUG] debug-file - current product is not Atomic service.
[2026-05-27T11:56:43.518] [DEBUG] debug-file - entry : default@CreateBuildProfile cost memory 0.13703155517578125
[2026-05-27T11:56:43.457] [DEBUG] debug-file - hvigorfile, resolving /Users/vita/Vitemis/Outposts/Rokurics-HarmonyOS/entry/hvigorfile.ts
[2026-05-27T11:56:43.467] [DEBUG] debug-file - Module Rokurics-HarmonyOS's total dependency: 0
[2026-05-27T11:56:43.522] [INFO] debug-file - Finished :entry:default@GeneratePkgContextInfo... after 3 ms 
[2026-05-27T11:56:43.534] [DEBUG] debug-file - Incremental task entry:default@SyscapTransform pre-execution cost: 10 ms .
[2026-05-27T11:56:43.523] [DEBUG] debug-file - runTaskFromQueue task cost before running: 661 ms 
[2026-05-27T11:56:43.515] [INFO] debug-file - UP-TO-DATE :entry:default@GenerateMetadata...  
[2026-05-27T11:56:43.536] [DEBUG] debug-file - [
  '/Applications/Codex.app/Contents/Resources/node',
  '/Applications/DevEco-Studio.app/Contents/sdk/default/openharmony/ets/build-tools/ets-loader/bin/ark/ts2abc.js',
  '--target-api-version',
  '23'
]
[2026-05-27T11:56:43.580] [DEBUG] debug-file - runTaskFromQueue task cost before running: 717 ms 
[2026-05-27T11:56:43.579] [DEBUG] debug-file - runTaskFromQueue task cost before running: 716 ms 
[2026-05-27T11:56:43.580] [DEBUG] debug-file - entry : default@ProcessStartupConfig cost memory 0.09464263916015625
[2026-05-27T11:56:43.578] [INFO] debug-file - Finished :entry:default@ProcessProfile... after 43 ms 
[2026-05-27T11:56:43.581] [DEBUG] debug-file - restool module names: entry; moduleName=entry, taskName=default@ProcessResource
[2026-05-27T11:56:43.585] [DEBUG] debug-file - entry : default@GenerateLoaderJson cost memory -0.04035186767578125
[2026-05-27T11:56:43.586] [DEBUG] debug-file - restool module names: entry; moduleName=entry, taskName=default@CompileResource
[2026-05-27T11:56:43.582] [INFO] debug-file - UP-TO-DATE :entry:default@ProcessResource...  
[2026-05-27T11:56:43.463] [DEBUG] debug-file - Target 'default' config initialized
[2026-05-27T11:56:43.513] [DEBUG] debug-file - Use tool [darwin: JAVA_HOME, CLASSPATH]
 [ { JAVA_HOME: undefined }, { CLASSPATH: undefined } ]
[2026-05-27T11:56:43.518] [DEBUG] debug-file - runTaskFromQueue task cost before running: 656 ms 
[2026-05-27T11:56:43.459] [DEBUG] debug-file - hvigorfile, require result:  { default: { system: [Function: hapTasks], plugins: [] } }
[2026-05-27T11:56:43.522] [DEBUG] debug-file - Executing task :entry:default@GeneratePkgSdkInfo
[2026-05-27T11:56:43.534] [DEBUG] debug-file - entry : default@SyscapTransform cost memory 0.13510894775390625
[2026-05-27T11:56:43.523] [INFO] debug-file - Finished :entry:default@ProcessIntegratedHsp... after 1 ms 
[2026-05-27T11:56:43.515] [DEBUG] debug-file - Executing task :entry:default@ConfigureCmake
[2026-05-27T11:56:43.580] [INFO] debug-file - Finished :entry:default@ProcessShareConfig... after 1 ms 
[2026-05-27T11:56:43.579] [INFO] debug-file - Finished :entry:default@ProcessRouterMap... after 1 ms 
[2026-05-27T11:56:43.580] [DEBUG] debug-file - runTaskFromQueue task cost before running: 718 ms 
[2026-05-27T11:56:43.585] [DEBUG] debug-file - runTaskFromQueue task cost before running: 722 ms 
[2026-05-27T11:56:43.463] [DEBUG] debug-file - Module 'entry' target 'default' build option initialized
[2026-05-27T11:56:43.513] [DEBUG] debug-file - Use tool [darwin: NODE_HOME]
 [ { NODE_HOME: undefined } ]
[2026-05-27T11:56:43.518] [INFO] debug-file - Finished :entry:default@CreateBuildProfile... after 1 ms 
[2026-05-27T11:56:43.459] [DEBUG] debug-file - hvigorfile, binding system plugins [Function: hapTasks]
[2026-05-27T11:56:43.523] [DEBUG] debug-file - Task 'entry:default@GeneratePkgSdkInfo' cost while wrapping incremental declarations: 1 ms 
[2026-05-27T11:56:43.534] [DEBUG] debug-file - runTaskFromQueue task cost before running: 672 ms 
[2026-05-27T11:56:43.515] [DEBUG] debug-file - entry : default@ConfigureCmake cost memory 0.01557159423828125
[2026-05-27T11:56:43.580] [INFO] debug-file - Finished :entry:default@ProcessStartupConfig... after 1 ms 
[2026-05-27T11:56:43.585] [INFO] debug-file - Finished :entry:default@GenerateLoaderJson... after 2 ms 
[2026-05-27T11:56:43.463] [DEBUG] debug-file - End initialize module-target build option map, moduleName=entry
[2026-05-27T11:56:43.513] [DEBUG] debug-file - entry : default@PreBuild cost memory 3.98046875
[2026-05-27T11:56:43.459] [DEBUG] debug-file - Starting plugin build process
[2026-05-27T11:56:43.523] [DEBUG] debug-file - Incremental task entry:default@GeneratePkgSdkInfo pre-execution cost: 1 ms .
[2026-05-27T11:56:43.535] [INFO] debug-file - Finished :entry:default@SyscapTransform... after 10 ms 
[2026-05-27T11:56:43.515] [DEBUG] debug-file - runTaskFromQueue task cost before running: 653 ms 
[2026-05-27T11:56:43.463] [DEBUG] debug-file - Start initialize module-target build option map, moduleName=entry, buildMode=debug
[2026-05-27T11:56:43.513] [DEBUG] debug-file - runTaskFromQueue task cost before running: 650 ms 
[2026-05-27T11:56:43.459] [DEBUG] debug-file - Hap plugin creating...
[2026-05-27T11:56:43.523] [DEBUG] debug-file - entry : default@GeneratePkgSdkInfo cost memory -0.534332275390625
[2026-05-27T11:56:43.515] [INFO] debug-file - Finished :entry:default@ConfigureCmake... after 1 ms 
[2026-05-27T11:56:43.463] [DEBUG] debug-file - Target 'default' config initialized
[2026-05-27T11:56:43.514] [INFO] debug-file - Finished :entry:default@PreBuild... after 42 ms 
[2026-05-27T11:56:43.523] [INFO] debug-file - UP-TO-DATE :entry:default@GeneratePkgSdkInfo...  
[2026-05-27T11:56:43.516] [DEBUG] debug-file - Executing task :entry:default@MergeProfile
[2026-05-27T11:56:43.463] [DEBUG] debug-file - Module 'entry' target 'default' build option initialized
[2026-05-27T11:56:43.514] [DEBUG] debug-file - Executing task :entry:default@CreateModuleInfo
[2026-05-27T11:56:43.516] [DEBUG] debug-file - Task 'entry:default@MergeProfile' cost while wrapping incremental declarations: 1 ms 
[2026-05-27T11:56:43.463] [DEBUG] debug-file - End initialize module-target build option map, moduleName=entry
[2026-05-27T11:56:43.514] [DEBUG] debug-file - Task 'entry:default@CreateModuleInfo' cost while wrapping incremental declarations: 1 ms 
[2026-05-27T11:56:43.516] [DEBUG] debug-file - entry:default@MergeProfile is not up-to-date, since the task snapshots are different.
[2026-05-27T11:56:43.463] [DEBUG] debug-file - Obtain build option for module 'entry' target 'default'in this build.
[2026-05-27T11:56:43.514] [DEBUG] debug-file - entry : default@CreateModuleInfo cost memory 0.05464935302734375
[2026-05-27T11:56:43.516] [DEBUG] debug-file - Incremental task entry:default@MergeProfile pre-execution cost: 1 ms .
[2026-05-27T11:56:43.465] [DEBUG] debug-file - Module entry task initialization takes 2 ms 
[2026-05-27T11:56:43.514] [DEBUG] debug-file - runTaskFromQueue task cost before running: 651 ms 
[2026-05-27T11:56:43.516] [DEBUG] debug-file - Change app api release type with 'Release'
[2026-05-27T11:56:43.465] [DEBUG] debug-file - Hap plugin register hook start...
[2026-05-27T11:56:43.514] [INFO] debug-file - Finished :entry:default@CreateModuleInfo... after 1 ms 
[2026-05-27T11:56:43.516] [DEBUG] debug-file - Change app compile API version with '6.1.0.105'
[2026-05-27T11:56:43.465] [DEBUG] debug-file - Hap plugin register hook end...
[2026-05-27T11:56:43.516] [DEBUG] debug-file - Change app target API version with '60100023'
[2026-05-27T11:56:43.516] [DEBUG] debug-file - Change app minimum API version with '60100023'
[2026-05-27T11:56:43.465] [DEBUG] debug-file - Plugin build process completed
[2026-05-27T11:56:43.516] [DEBUG] debug-file - Use cli appEnvironment
[2026-05-27T11:56:43.465] [DEBUG] debug-file - hvigorfile, begin to bind custom plugins...
[2026-05-27T11:56:43.517] [DEBUG] debug-file - entry : default@MergeProfile cost memory 0.3154754638671875
[2026-05-27T11:56:43.465] [DEBUG] debug-file - hvigorfile, no custom plugins were found in /Users/vita/Vitemis/Outposts/Rokurics-HarmonyOS/entry/hvigorfile.ts
[2026-05-27T11:56:43.517] [DEBUG] debug-file - runTaskFromQueue task cost before running: 655 ms 
[2026-05-27T11:56:43.465] [DEBUG] debug-file - hvigorfile, resolve finished /Users/vita/Vitemis/Outposts/Rokurics-HarmonyOS/entry/hvigorfile.ts
[2026-05-27T11:56:43.517] [INFO] debug-file - Finished :entry:default@MergeProfile... after 2 ms 
[2026-05-27T11:56:43.604] [DEBUG] debug-file - Info: Pack: normal pack mode

[2026-05-27T11:56:43.696] [DEBUG] debug-file - Info: hardware concurrency count is : 10
Info: thread count is : 10

[2026-05-27T11:56:43.697] [DEBUG] debug-file - Info: thread pool is started

[2026-05-27T11:56:43.697] [DEBUG] debug-file - Info: GenericCompiler::CompileFiles

[2026-05-27T11:56:43.698] [DEBUG] debug-file - Info: GenericCompiler::CompileFiles

[2026-05-27T11:56:43.698] [DEBUG] debug-file - Warning: '/Users/vita/Vitemis/Outposts/Rokurics-HarmonyOS/entry/src/main/resources/base/media/app_icon.png' is defined repeatedly.

[2026-05-27T11:56:43.698] [DEBUG] debug-file - Info: GenericCompiler::CompileFiles

[2026-05-27T11:56:43.699] [DEBUG] debug-file - 05-27 11:56:43.699 59724 5527160 E C01400/ImageTranscoderUtils: DecodeToRGBA IN
05-27 11:56:43.699 59724 5527160 E C01400/ImageTranscoderUtils: ImageFilter IN /Users/vita/Vitemis/Outposts/Rokurics-HarmonyOS/AppScope/resources/base/media/app_icon.png

[2026-05-27T11:56:43.701] [DEBUG] debug-file - 05-27 11:56:43.701 59724 5527160 E C01400/ImageTranscoder: TranscodeSLR DecodeToRGBA failed

[2026-05-27T11:56:43.701] [DEBUG] debug-file - Warning: ScaleImage failed, error message: IMAGE_ERROR, file path = /Users/vita/Vitemis/Outposts/Rokurics-HarmonyOS/AppScope/resources/base/media/app_icon.png

[2026-05-27T11:56:43.701] [DEBUG] debug-file - Warning: The width or height of the png file referenced by the icon exceeds the limit (41 pixels)
at /Users/vita/Vitemis/Outposts/Rokurics-HarmonyOS/AppScope/resources/base/media/app_icon.png

[2026-05-27T11:56:43.702] [DEBUG] debug-file - Info: restool resources compile success.

[2026-05-27T11:56:43.702] [DEBUG] debug-file - Info: thread pool is stopped

[2026-05-27T11:56:43.704] [DEBUG] debug-file - entry : default@CompileResource cost memory 2.829193115234375
[2026-05-27T11:56:43.704] [DEBUG] debug-file - runTaskFromQueue task cost before running: 841 ms 
[2026-05-27T11:56:43.705] [DEBUG] debug-file - Executing task :entry:default@CompileArkTS
[2026-05-27T11:56:43.704] [DEBUG] debug-file - Executing task :entry:default@DoNativeStrip
[2026-05-27T11:56:43.710] [DEBUG] debug-file - Create  resident worker with id: 0.
[2026-05-27T11:56:43.714] [DEBUG] debug-file - Executing task :entry:default@CacheNativeLibs
[2026-05-27T11:56:43.713] [DEBUG] debug-file - Executing task :entry:default@BuildJS
[2026-05-27T11:56:43.704] [INFO] debug-file - Finished :entry:default@CompileResource... after 118 ms 
[2026-05-27T11:56:43.705] [DEBUG] debug-file - obfuscationOptions: undefined
[2026-05-27T11:56:43.704] [DEBUG] debug-file - File: '/Users/vita/Vitemis/Outposts/Rokurics-HarmonyOS/entry/build/default/intermediates/binxo/default' from 'doBinxoNativeLibs' is not exists, just ignore.
[2026-05-27T11:56:43.711] [DEBUG] debug-file - Create  resident worker with id: 1.
[2026-05-27T11:56:43.714] [DEBUG] debug-file - File: '/Users/vita/Vitemis/Outposts/Rokurics-HarmonyOS/entry/build/default/intermediates/binxo/default' from 'cacheBinxoNativeLibs' is not exists, just ignore.
[2026-05-27T11:56:43.713] [DEBUG] debug-file - Task 'entry:default@BuildJS' cost while wrapping incremental declarations: 1 ms 
[2026-05-27T11:56:43.706] [DEBUG] debug-file - Task 'entry:default@CompileArkTS' cost while wrapping incremental declarations: 1 ms 
[2026-05-27T11:56:43.705] [DEBUG] debug-file - Task 'entry:default@DoNativeStrip' cost while wrapping incremental declarations: 1 ms 
[2026-05-27T11:56:43.711] [DEBUG] debug-file - default@CompileArkTS work[0] is submitted.
[2026-05-27T11:56:43.714] [DEBUG] debug-file - Task 'entry:default@CacheNativeLibs' cost while wrapping incremental declarations: 1 ms 
[2026-05-27T11:56:43.713] [DEBUG] debug-file - entry : default@BuildJS cost memory 0.14484405517578125
[2026-05-27T11:56:43.706] [DEBUG] debug-file - entry:default@CompileArkTS is not up-to-date, since the input file '/Users/vita/Vitemis/Outposts/Rokurics-HarmonyOS/entry/build/default/intermediates/loader/default' has been changed.
[2026-05-27T11:56:43.705] [DEBUG] debug-file - Incremental task entry:default@DoNativeStrip pre-execution cost: 1 ms .
[2026-05-27T11:56:43.712] [DEBUG] debug-file - default@CompileArkTS work[0] is pushed to ready queue.
[2026-05-27T11:56:43.714] [DEBUG] debug-file - Incremental task entry:default@CacheNativeLibs pre-execution cost: 1 ms .
[2026-05-27T11:56:43.713] [DEBUG] debug-file - runTaskFromQueue task cost before running: 851 ms 
[2026-05-27T11:56:43.706] [DEBUG] debug-file - Incremental task entry:default@CompileArkTS pre-execution cost: 1 ms .
[2026-05-27T11:56:43.705] [DEBUG] debug-file - entry : default@DoNativeStrip cost memory 0.07653045654296875
[2026-05-27T11:56:43.712] [DEBUG] debug-file - A work dispatched to worker[9] failed because unable to get work from ready queue.
[2026-05-27T11:56:43.714] [DEBUG] debug-file - entry : default@CacheNativeLibs cost memory 0.095703125
[2026-05-27T11:56:43.713] [INFO] debug-file - Finished :entry:default@BuildJS... after 1 ms 
[2026-05-27T11:56:43.709] [DEBUG] debug-file - build config:
[2026-05-27T11:56:43.705] [INFO] debug-file - UP-TO-DATE :entry:default@DoNativeStrip...  
[2026-05-27T11:56:43.712] [DEBUG] debug-file - A work dispatched to worker[8] failed because unable to get work from ready queue.
[2026-05-27T11:56:43.714] [INFO] debug-file - UP-TO-DATE :entry:default@CacheNativeLibs...  
[2026-05-27T11:56:43.709] [DEBUG] debug-file - {
  moduleType: 'entry',
  perf: 0,
  targetName: '.default',
  packageManagerType: 'ohpm',
  localPropertiesPath: '/Users/vita/Vitemis/Outposts/Rokurics-HarmonyOS/local.properties',
  isPreview: false,
  isOhosTest: false,
  isLocalTest: false,
  buildMode: 'Debug',
  hotReloadBuild: undefined,
  watchMode: 'false',
  aceProfilePath: '/Users/vita/Vitemis/Outposts/Rokurics-HarmonyOS/entry/build/default/intermediates/res/default/resources/base/profile',
  etsLoaderPath: '/Applications/DevEco-Studio.app/Contents/sdk/default/openharmony/ets/build-tools/ets-loader',
  modulePath: '/Users/vita/Vitemis/Outposts/Rokurics-HarmonyOS/entry',
  testFrameworkPar: {
    testMode: undefined,
    coveragePathFilter: undefined,
    coverageMode: undefined
  },
  needCoverageInsert: false,
  debugLine: false,
  projectTopDir: '/Users/vita/Vitemis/Outposts/Rokurics-HarmonyOS',
  compileSdkVersion: 23,
  compatibleSdkVersion: 23,
  originCompatibleSdkVersion: '6.1.0(23)',
  compatibleSdkVersionStage: undefined,
  bundleName: 'c***s',
  etsLoaderVersion: '6.1.0.105',
  etsLoaderReleaseType: 'Release',
  aotCompileMode: 'type',
  apPath: '/Users/vita/Vitemis/Outposts/Rokurics-HarmonyOS/entry/modules.ap',
  entryModuleName: 'entry',
  entryModuleVersion: '1.0.0',
  entryPackageName: 'entry',
  allModuleNameHash: '2a7ea4e89c8c62d3beadbd4839bd0747042ad7e67bbb20e89d8488b6a5c6ad1e',
  externalApiPaths: [ '/Applications/DevEco-Studio.app/Contents/sdk/default/hms/ets' ],
  compilerTypes: [],
  isCrossplatform: false,
  hvigorPluginFile: undefined,
  compilePluginPath: undefined,
  buildGeneratedProfilePath: '/Users/vita/Vitemis/Outposts/Rokurics-HarmonyOS/entry/build/default/generated/profile/default',
  bundleType: 'app',
  arkTSVersion: undefined,
  apiVersion: 23,
  needCompleteSourcesMap: false,
  isFaMode: false,
  buildDir: '/Users/vita/Vitemis/Outposts/Rokurics-HarmonyOS/entry/build',
  deviceTypes: [ 'phone', 'tablet', '2in1' ],
  pkgContextInfo: undefined,
  ohPackagePathMap: {},
  dependencyAliasMap: {},
  permission: {
    requestPermissions: [ [Object], [Object], [Object], [Object] ],
    definePermissions: undefined
  },
  useGetCurrentBundleName: false,
  projectArkOption: undefined,
  sourceMapDir: undefined,
  branchElimination: false,
  transformLib: undefined,
  tsImportSendable: false,
  resolveConflictMode: true,
  depName2RootPath: {},
  depName2DepInfo: {},
  depName2OhExports: {},
  rootPathSet: [ '/Users/vita/Vitemis/Outposts/Rokurics-HarmonyOS' ],
  useNativeResolver: true,
  shouldEmitJs: true,
  useTscResolve: false,
  singleFileEmit: false,
  userProjectConfig: {
    autoLazyImport: false,
    allowEmptyBundleName: false,
    reExportCheckMode: 'noCheck',
    executionMode: 'memory',
    usePathPlaceholder: false,
    writeRollupCache: true,
    isExpandImportEnabled: false,
    expandImportExclude: '',
    lazyImportExclude: '',
    lazyImportInclude: '',
    ignoreCrossplatformCheck: false,
    isHarDeduplicateEnabled: false,
    skipOhModulesLint: false,
    enableStrictCheckOHModule: false,
    disableSendableCheckRules: [],
    useDeclarationFileSignature: false,
    customizedOptions: undefined,
    integratedHsp: false,
    isPreloadSoEnabled: false
  },
  executionMode: 'memory',
  arkCompileCachePath: '/Users/vita/Vitemis/Outposts/Rokurics-HarmonyOS/entry/build/default/cache/default/default@CompileArkTS/esmodule',
  autoLazyFilter: undefined,
  isHarDeduplicateEnabled: false,
  intermediateHarDuplicateDirPath: '/Users/vita/Vitemis/Outposts/Rokurics-HarmonyOS/entry/build/default/intermediates/har_duplicate/default',
  autoLazyImport: false,
  allowEmptyBundleName: false,
  reExportCheckMode: 'noCheck',
  usePathPlaceholder: false,
  writeRollupCache: true,
  isExpandImportEnabled: false,
  expandImportExclude: '',
  lazyImportExclude: '',
  lazyImportInclude: '',
  ignoreCrossplatformCheck: false,
  skipOhModulesLint: false,
  enableStrictCheckOHModule: false,
  disableSendableCheckRules: [],
  useDeclarationFileSignature: false,
  customizedOptions: undefined,
  integratedHsp: false,
  isPreloadSoEnabled: false,
  strictMode: undefined,
  useNormalizedOHMUrl: false,
  caseSensitiveCheck: false,
  aceModuleJsonPath: '/Users/vita/Vitemis/Outposts/Rokurics-HarmonyOS/entry/build/default/intermediates/res/default/ark_module.json',
  appResource: '/Users/vita/Vitemis/Outposts/Rokurics-HarmonyOS/entry/build/default/intermediates/res/default/ResourceTable.txt',
  rawFileResource: '/Users/vita/Vitemis/Outposts/Rokurics-HarmonyOS/entry/build/default/intermediates/res/default/resources/rawfile',
  resourceTableHash: '2ed0c3ef9f6bda5724cb8384815ae6a17d276f723edda1a39f868579e54cdbaf',
  runtimeOS: 'HarmonyOS',
  sdkInfo: 'false:23:6.1.0.105:Release',
  aceModuleRoot: '/Users/vita/Vitemis/Outposts/Rokurics-HarmonyOS/entry/src/main/ets',
  compileMode: 'esmodule',
  aceSuperVisualPath: '/Users/vita/Vitemis/Outposts/Rokurics-HarmonyOS/entry/src/main/supervisual',
  aceBuildJson: '/Users/vita/Vitemis/Outposts/Rokurics-HarmonyOS/entry/build/default/intermediates/loader/default/loader.json',
  cachePath: '/Users/vita/Vitemis/Outposts/Rokurics-HarmonyOS/entry/build/default/cache/default/default@CompileArkTS/esmodule/debug',
  aceModuleBuild: '/Users/vita/Vitemis/Outposts/Rokurics-HarmonyOS/entry/build/default/intermediates/loader_out/default/ets',
  supportChunks: true,
  declaredFilesPath: undefined,
  shouldCollectDirectImportees: false,
  isByteCodeHarOptimize: false,
  expandImportPath: undefined,
  resourceTableTs: '/Users/vita/Vitemis/Outposts/Rokurics-HarmonyOS/entry/build/default/generated/r/default/ResourceTable.ts',
  moduleMetaInfoFiles: [
    {
      filePath: '/Users/vita/Vitemis/Outposts/Rokurics-HarmonyOS/entry/build/default/generated/r/default/ResourceTable.ts',
      ohmurl: 'com.vita0818.rokurics/entry/build/generated/r/ResourceTable'
    }
  ],
  pkgNameToPkgBriefInfo: {
    entry: {
      pkgRoot: '/Users/vita/Vitemis/Outposts/Rokurics-HarmonyOS/entry',
      originalSourceRoots: undefined,
      sourceRoots: [Array],
      pkgName: 'entry'
    }
  },
  projectModel: {
    '/Users/vita/Vitemis/Outposts/Rokurics-HarmonyOS/entry/src/main': {
      moduleName: 'entry',
      modulePkgPath: '/Users/vita/Vitemis/Outposts/Rokurics-HarmonyOS/entry',
      belongProjectPath: '/Users/vita/Vitemis/Outposts/Rokurics-HarmonyOS'
    },
    '/Users/vita/Vitemis/Outposts/Rokurics-HarmonyOS/entry': {
      moduleName: 'entry',
      modulePkgPath: '/Users/vita/Vitemis/Outposts/Rokurics-HarmonyOS/entry',
      belongProjectPath: '/Users/vita/Vitemis/Outposts/Rokurics-HarmonyOS'
    },
    '/Users/vita/Vitemis/Outposts/Rokurics-HarmonyOS': {
      moduleName: 'Rokurics-HarmonyOS',
      modulePkgPath: '/Users/vita/Vitemis/Outposts/Rokurics-HarmonyOS',
      belongProjectPath: '/Users/vita/Vitemis/Outposts/Rokurics-HarmonyOS'
    }
  },
  pkgJsonFileHash: '7dcc1460a4108178c1daaf68107619e32ba50030ae8547dc09cc4c76853f1e58',
  allModulePaths: [ '/Users/vita/Vitemis/Outposts/Rokurics-HarmonyOS/entry' ],
  routerMap: {},
  obfuscationOptions: undefined,
  byteCodeHarToDependencyKeys: undefined,
  compileBlockPkg: [],
  mockParams: {
    decorator: '@MockSetup',
    packageName: '@ohos/hamock',
    etsSourceRootPath: 'src/main/ets',
    mockConfigPath: undefined,
    mockConfigKey2ModuleInfo: {},
    source2ModuleIdMap: {}
  },
  copyCodeResourceEnable: true,
  copyCodeResourceExcludes: [],
  copyCodeResourceIncludes: undefined,
  uiTransformOptimization: false,
  sdkPath: '/Applications/DevEco-Studio.app/Contents/sdk',
  needPreloadSoFileSet: {},
  preloadSoFilePath: '/Users/vita/Vitemis/Outposts/Rokurics-HarmonyOS/entry/build/default/intermediates/preload/default/preload.json',
  useSourceHash: false,
  localModuleParamMap: {},
  otherPaths: {
    'entry/*': [ '../*', '../../../build/default/generated/profile/default/*' ]
  },
  collectImportersConfig: undefined
}
[2026-05-27T11:56:43.712] [DEBUG] debug-file - A work dispatched to worker[7] failed because unable to get work from ready queue.
[2026-05-27T11:56:43.709] [DEBUG] debug-file - Compile arkts with external api path: /Applications/DevEco-Studio.app/Contents/sdk/default/hms/ets
[2026-05-27T11:56:43.712] [DEBUG] debug-file - A work dispatched to worker[6] failed because unable to get work from ready queue.
[2026-05-27T11:56:43.710] [DEBUG] debug-file - Since there is no instance or instance is terminated, create a new worker pool.
[2026-05-27T11:56:43.712] [DEBUG] debug-file - A work dispatched to worker[5] failed because unable to get work from ready queue.
[2026-05-27T11:56:43.710] [DEBUG] debug-file - Worker pool is initialized with config:  {
  minPoolNum: 2,
  maxPoolNum: undefined,
  maxCoreSize: undefined,
  cacheCapacity: undefined,
  cacheTtl: undefined
}
[2026-05-27T11:56:43.712] [DEBUG] debug-file - Create  resident worker with id: 4.
[2026-05-27T11:56:43.712] [DEBUG] debug-file - default@CompileArkTS work[0] has been dispatched to worker[4].
[2026-05-27T11:56:43.712] [DEBUG] debug-file - default@CompileArkTS work[0] is dispatched.
[2026-05-27T11:56:43.712] [DEBUG] debug-file - CopyResources startTime: 525303229240000
[2026-05-27T11:56:43.712] [DEBUG] debug-file - default@CompileArkTS work[1] is submitted.
[2026-05-27T11:56:43.712] [DEBUG] debug-file - default@CompileArkTS work[1] is pushed to ready queue.
[2026-05-27T11:56:43.712] [DEBUG] debug-file - A work dispatched to worker[9] failed because unable to get work from ready queue.
[2026-05-27T11:56:43.712] [DEBUG] debug-file - Create  resident worker with id: 8.
[2026-05-27T11:56:43.712] [DEBUG] debug-file - default@CompileArkTS work[1] has been dispatched to worker[8].
[2026-05-27T11:56:43.712] [DEBUG] debug-file - default@CompileArkTS work[1] is dispatched.
[2026-05-27T11:56:43.712] [DEBUG] debug-file - entry : default@CompileArkTS cost memory 1.8328399658203125
[2026-05-27T11:56:43.937] [DEBUG] debug-file - worker[8] has one work done.
[2026-05-27T11:56:43.937] [DEBUG] debug-file - CopyResources is end, endTime: 525303453852416
[2026-05-27T11:56:43.937] [DEBUG] debug-file - default@CompileArkTS work[1] done.
[2026-05-27T11:56:43.937] [DEBUG] debug-file - A work dispatched to worker[8] failed because unable to get work from ready queue.
[2026-05-27T11:56:46.192] [WARN] debug-file - [33mWARN: [33m[33mArkTS:WARN File: /Users/vita/Vitemis/Outposts/Rokurics-HarmonyOS/entry/src/main/ets/services/AudioFileStore.ets:10:29
 Function may throw exceptions. Special handling is required.
[39m[39m
[33mWARN: [33m[33mArkTS:WARN File: /Users/vita/Vitemis/Outposts/Rokurics-HarmonyOS/entry/src/main/ets/services/AudioFileStore.ets:12:5
 Function may throw exceptions. Special handling is required.
[39m[39m
[33mWARN: [33m[33mArkTS:WARN File: /Users/vita/Vitemis/Outposts/Rokurics-HarmonyOS/entry/src/main/ets/services/AudioFileStore.ets:14:5
 Function may throw exceptions. Special handling is required.
[39m[39m
[33mWARN: [33m[33mArkTS:WARN File: /Users/vita/Vitemis/Outposts/Rokurics-HarmonyOS/entry/src/main/ets/services/AudioFileStore.ets:19:29
 Function may throw exceptions. Special handling is required.
[39m[39m
[33mWARN: [33m[33mArkTS:WARN File: /Users/vita/Vitemis/Outposts/Rokurics-HarmonyOS/entry/src/main/ets/services/AudioFileStore.ets:21:31
 Function may throw exceptions. Special handling is required.
[39m[39m
[33mWARN: [33m[33mArkTS:WARN File: /Users/vita/Vitemis/Outposts/Rokurics-HarmonyOS/entry/src/main/ets/services/AudioFileStore.ets:23:5
 Function may throw exceptions. Special handling is required.
[39m[39m
[33mWARN: [33m[33mArkTS:WARN File: /Users/vita/Vitemis/Outposts/Rokurics-HarmonyOS/entry/src/main/ets/services/AudioFileStore.ets:31:5
 Function may throw exceptions. Special handling is required.
[39m[39m
[33mWARN: [33m[33mArkTS:WARN File: /Users/vita/Vitemis/Outposts/Rokurics-HarmonyOS/entry/src/main/ets/services/RecordingManager.ets:102:77
 'getDevices' has been deprecated.
[39m[39m
[33mWARN: [33m[33mArkTS:WARN File: /Users/vita/Vitemis/Outposts/Rokurics-HarmonyOS/entry/src/main/ets/services/RecordingManager.ets:179:29
 To use this API, you need to apply for the permissions: ohos.permission.MICROPHONE
This permission is required only if audio recording is involved.
[39m[39m
[33mWARN: [33m[33mArkTS:WARN File: /Users/vita/Vitemis/Outposts/Rokurics-HarmonyOS/entry/src/main/ets/utils/HapticFeedback.ets:16:14
 To use this API, you need to apply for the permissions: ohos.permission.VIBRATE
[39m[39m
[33mWARN: [33m[33mArkTS:WARN File: /Users/vita/Vitemis/Outposts/Rokurics-HarmonyOS/entry/src/main/ets/utils/HapticFeedback.ets:33:14
 To use this API, you need to apply for the permissions: ohos.permission.VIBRATE
[39m[39m
[33mWARN: [33m[33mArkTS:WARN File: /Users/vita/Vitemis/Outposts/Rokurics-HarmonyOS/entry/src/main/ets/pages/HomePage.ets:17:74
 'getContext' has been deprecated.
[39m[39m
[33mWARN: [33m[33mArkTS:WARN File: /Users/vita/Vitemis/Outposts/Rokurics-HarmonyOS/entry/src/main/ets/pages/HomePage.ets:39:15
 Function may throw exceptions. Special handling is required.
[39m[39m
[33mWARN: [33m[33mArkTS:WARN File: /Users/vita/Vitemis/Outposts/Rokurics-HarmonyOS/entry/src/main/ets/pages/HomePage.ets:40:15
 Function may throw exceptions. Special handling is required.
[39m[39m
[33mWARN: [33m[33mArkTS:WARN File: /Users/vita/Vitemis/Outposts/Rokurics-HarmonyOS/entry/src/main/ets/services/StudyFolderStore.ets:127:18
 Function may throw exceptions. Special handling is required.
[39m[39m
[33mWARN: [33m[33mArkTS:WARN File: /Users/vita/Vitemis/Outposts/Rokurics-HarmonyOS/entry/src/main/ets/services/StudyFolderStore.ets:130:7
 Function may throw exceptions. Special handling is required.
[39m[39m
[33mWARN: [33m[33mArkTS:WARN File: /Users/vita/Vitemis/Outposts/Rokurics-HarmonyOS/entry/src/main/ets/services/StudyFolderStore.ets:132:7
 Function may throw exceptions. Special handling is required.
[39m[39m
[33mWARN: [33m[33mArkTS:WARN File: /Users/vita/Vitemis/Outposts/Rokurics-HarmonyOS/entry/src/main/ets/pages/RecordingLibraryPage.ets:27:64
 'getContext' has been deprecated.
[39m[39m
[33mWARN: [33m[33mArkTS:WARN File: /Users/vita/Vitemis/Outposts/Rokurics-HarmonyOS/entry/src/main/ets/pages/RecordingLibraryPage.ets:173:5
 Function may throw exceptions. Special handling is required.
[39m[39m
[33mWARN: [33m[33mArkTS:WARN File: /Users/vita/Vitemis/Outposts/Rokurics-HarmonyOS/entry/src/main/ets/pages/StudyLibraryBrowserPage.ets:62:40
 'getContext' has been deprecated.
[39m[39m
[33mWARN: [33m[33mArkTS:WARN File: /Users/vita/Vitemis/Outposts/Rokurics-HarmonyOS/entry/src/main/ets/pages/StudyLibraryBrowserPage.ets:153:5
 Function may throw exceptions. Special handling is required.
[39m[39m
[33mWARN: [33m[33mArkTS:WARN File: /Users/vita/Vitemis/Outposts/Rokurics-HarmonyOS/entry/src/main/ets/pages/StudyLibraryBrowserPage.ets:502:40
 'getContext' has been deprecated.
[39m[39m
[33mWARN: [33m[33mArkTS:WARN File: /Users/vita/Vitemis/Outposts/Rokurics-HarmonyOS/entry/src/main/ets/pages/StudyLibraryBrowserPage.ets:545:40
 'getContext' has been deprecated.
[39m[39m
[33mWARN: [33m[33mArkTS:WARN File: /Users/vita/Vitemis/Outposts/Rokurics-HarmonyOS/entry/src/main/ets/pages/StudyLibraryBrowserPage.ets:580:40
 'getContext' has been deprecated.
[39m[39m
[33mWARN: [33m[33mArkTS:WARN File: /Users/vita/Vitemis/Outposts/Rokurics-HarmonyOS/entry/src/main/ets/services/OpenAICompatibleClient.ets:99:30
 Function may throw exceptions. Special handling is required.
[39m[39m
[33mWARN: [33m[33mArkTS:WARN File: /Users/vita/Vitemis/Outposts/Rokurics-HarmonyOS/entry/src/main/ets/services/OpenAICompatibleClient.ets:243:30
 Function may throw exceptions. Special handling is required.
[39m[39m
[33mWARN: [33m[33mArkTS:WARN File: /Users/vita/Vitemis/Outposts/Rokurics-HarmonyOS/entry/src/main/ets/services/TranscriptStore.ets:11:29
 Function may throw exceptions. Special handling is required.
[39m[39m
[33mWARN: [33m[33mArkTS:WARN File: /Users/vita/Vitemis/Outposts/Rokurics-HarmonyOS/entry/src/main/ets/services/TranscriptStore.ets:13:5
 Function may throw exceptions. Special handling is required.
[39m[39m
[33mWARN: [33m[33mArkTS:WARN File: /Users/vita/Vitemis/Outposts/Rokurics-HarmonyOS/entry/src/main/ets/services/TranscriptStore.ets:15:5
 Function may throw exceptions. Special handling is required.
[39m[39m
[33mWARN: [33m[33mArkTS:WARN File: /Users/vita/Vitemis/Outposts/Rokurics-HarmonyOS/entry/src/main/ets/services/ExportManager.ets:180:31
 Function may throw exceptions. Special handling is required.
[39m[39m
[33mWARN: [33m[33mArkTS:WARN File: /Users/vita/Vitemis/Outposts/Rokurics-HarmonyOS/entry/src/main/ets/services/ExportManager.ets:182:7
 Function may throw exceptions. Special handling is required.
[39m[39m
[33mWARN: [33m[33mArkTS:WARN File: /Users/vita/Vitemis/Outposts/Rokurics-HarmonyOS/entry/src/main/ets/services/ExportManager.ets:184:7
 Function may throw exceptions. Special handling is required.
[39m[39m
[33mWARN: [33m[33mArkTS:WARN File: /Users/vita/Vitemis/Outposts/Rokurics-HarmonyOS/entry/src/main/ets/services/SettingsStore.ets:17:24
 Function may throw exceptions. Special handling is required.
[39m[39m
[33mWARN: [33m[33mArkTS:WARN File: /Users/vita/Vitemis/Outposts/Rokurics-HarmonyOS/entry/src/main/ets/services/SettingsStore.ets:22:31
 Function may throw exceptions. Special handling is required.
[39m[39m
[33mWARN: [33m[33mArkTS:WARN File: /Users/vita/Vitemis/Outposts/Rokurics-HarmonyOS/entry/src/main/ets/services/SettingsStore.ets:23:26
 Function may throw exceptions. Special handling is required.
[39m[39m
[33mWARN: [33m[33mArkTS:WARN File: /Users/vita/Vitemis/Outposts/Rokurics-HarmonyOS/entry/src/main/ets/services/SettingsStore.ets:24:26
 Function may throw exceptions. Special handling is required.
[39m[39m
[33mWARN: [33m[33mArkTS:WARN File: /Users/vita/Vitemis/Outposts/Rokurics-HarmonyOS/entry/src/main/ets/services/SettingsStore.ets:30:11
 Function may throw exceptions. Special handling is required.
[39m[39m
[33mWARN: [33m[33mArkTS:WARN File: /Users/vita/Vitemis/Outposts/Rokurics-HarmonyOS/entry/src/main/ets/services/SettingsStore.ets:31:11
 Function may throw exceptions. Special handling is required.
[39m[39m
[33mWARN: [33m[33mArkTS:WARN File: /Users/vita/Vitemis/Outposts/Rokurics-HarmonyOS/entry/src/main/ets/services/SettingsStore.ets:32:11
 Function may throw exceptions. Special handling is required.
[39m[39m
[33mWARN: [33m[33mArkTS:WARN File: /Users/vita/Vitemis/Outposts/Rokurics-HarmonyOS/entry/src/main/ets/services/SettingsStore.ets:33:11
 Function may throw exceptions. Special handling is required.
[39m[39m
[33mWARN: [33m[33mArkTS:WARN File: /Users/vita/Vitemis/Outposts/Rokurics-HarmonyOS/entry/src/main/ets/services/SettingsStore.ets:38:23
 Function may throw exceptions. Special handling is required.
[39m[39m
[33mWARN: [33m[33mArkTS:WARN File: /Users/vita/Vitemis/Outposts/Rokurics-HarmonyOS/entry/src/main/ets/services/SettingsStore.ets:44:11
 Function may throw exceptions. Special handling is required.
[39m[39m
[33mWARN: [33m[33mArkTS:WARN File: /Users/vita/Vitemis/Outposts/Rokurics-HarmonyOS/entry/src/main/ets/services/SettingsStore.ets:45:11
 Function may throw exceptions. Special handling is required.
[39m[39m
[33mWARN: [33m[33mArkTS:WARN File: /Users/vita/Vitemis/Outposts/Rokurics-HarmonyOS/entry/src/main/ets/services/SettingsStore.ets:50:18
 Function may throw exceptions. Special handling is required.
[39m[39m
[33mWARN: [33m[33mArkTS:WARN File: /Users/vita/Vitemis/Outposts/Rokurics-HarmonyOS/entry/src/main/ets/services/SettingsStore.ets:55:11
 Function may throw exceptions. Special handling is required.
[39m[39m
[33mWARN: [33m[33mArkTS:WARN File: /Users/vita/Vitemis/Outposts/Rokurics-HarmonyOS/entry/src/main/ets/services/SettingsStore.ets:56:11
 Function may throw exceptions. Special handling is required.
[39m[39m
[33mWARN: [33m[33mArkTS:WARN File: /Users/vita/Vitemis/Outposts/Rokurics-HarmonyOS/entry/src/main/ets/services/SettingsStore.ets:61:18
 Function may throw exceptions. Special handling is required.
[39m[39m
[33mWARN: [33m[33mArkTS:WARN File: /Users/vita/Vitemis/Outposts/Rokurics-HarmonyOS/entry/src/main/ets/services/SettingsStore.ets:66:11
 Function may throw exceptions. Special handling is required.
[39m[39m
[33mWARN: [33m[33mArkTS:WARN File: /Users/vita/Vitemis/Outposts/Rokurics-HarmonyOS/entry/src/main/ets/services/SettingsStore.ets:67:11
 Function may throw exceptions. Special handling is required.
[39m[39m
[33mWARN: [33m[33mArkTS:WARN File: /Users/vita/Vitemis/Outposts/Rokurics-HarmonyOS/entry/src/main/ets/services/SettingsStore.ets:72:18
 Function may throw exceptions. Special handling is required.
[39m[39m
[33mWARN: [33m[33mArkTS:WARN File: /Users/vita/Vitemis/Outposts/Rokurics-HarmonyOS/entry/src/main/ets/services/SettingsStore.ets:77:11
 Function may throw exceptions. Special handling is required.
[39m[39m
[33mWARN: [33m[33mArkTS:WARN File: /Users/vita/Vitemis/Outposts/Rokurics-HarmonyOS/entry/src/main/ets/services/SettingsStore.ets:78:11
 Function may throw exceptions. Special handling is required.
[39m[39m
[33mWARN: [33m[33mArkTS:WARN File: /Users/vita/Vitemis/Outposts/Rokurics-HarmonyOS/entry/src/main/ets/services/SettingsStore.ets:84:18
 Function may throw exceptions. Special handling is required.
[39m[39m
[33mWARN: [33m[33mArkTS:WARN File: /Users/vita/Vitemis/Outposts/Rokurics-HarmonyOS/entry/src/main/ets/services/SettingsStore.ets:89:11
 Function may throw exceptions. Special handling is required.
[39m[39m
[33mWARN: [33m[33mArkTS:WARN File: /Users/vita/Vitemis/Outposts/Rokurics-HarmonyOS/entry/src/main/ets/services/SettingsStore.ets:90:11
 Function may throw exceptions. Special handling is required.
[39m[39m
[33mWARN: [33m[33mArkTS:WARN File: /Users/vita/Vitemis/Outposts/Rokurics-HarmonyOS/entry/src/main/ets/services/SettingsStore.ets:95:18
 Function may throw exceptions. Special handling is required.
[39m[39m
[33mWARN: [33m[33mArkTS:WARN File: /Users/vita/Vitemis/Outposts/Rokurics-HarmonyOS/entry/src/main/ets/services/SettingsStore.ets:100:11
 Function may throw exceptions. Special handling is required.
[39m[39m
[33mWARN: [33m[33mArkTS:WARN File: /Users/vita/Vitemis/Outposts/Rokurics-HarmonyOS/entry/src/main/ets/services/SettingsStore.ets:101:11
 Function may throw exceptions. Special handling is required.
[39m[39m
[33mWARN: [33m[33mArkTS:WARN File: /Users/vita/Vitemis/Outposts/Rokurics-HarmonyOS/entry/src/main/ets/services/SettingsStore.ets:106:18
 Function may throw exceptions. Special handling is required.
[39m[39m
[33mWARN: [33m[33mArkTS:WARN File: /Users/vita/Vitemis/Outposts/Rokurics-HarmonyOS/entry/src/main/ets/services/SettingsStore.ets:111:11
 Function may throw exceptions. Special handling is required.
[39m[39m
[33mWARN: [33m[33mArkTS:WARN File: /Users/vita/Vitemis/Outposts/Rokurics-HarmonyOS/entry/src/main/ets/services/SettingsStore.ets:112:11
 Function may throw exceptions. Special handling is required.
[39m[39m
[33mWARN: [33m[33mArkTS:WARN File: /Users/vita/Vitemis/Outposts/Rokurics-HarmonyOS/entry/src/main/ets/services/SettingsStore.ets:117:18
 Function may throw exceptions. Special handling is required.
[39m[39m
[33mWARN: [33m[33mArkTS:WARN File: /Users/vita/Vitemis/Outposts/Rokurics-HarmonyOS/entry/src/main/ets/services/SettingsStore.ets:122:11
 Function may throw exceptions. Special handling is required.
[39m[39m
[33mWARN: [33m[33mArkTS:WARN File: /Users/vita/Vitemis/Outposts/Rokurics-HarmonyOS/entry/src/main/ets/services/SettingsStore.ets:123:11
 Function may throw exceptions. Special handling is required.
[39m[39m
[33mWARN: [33m[33mArkTS:WARN File: /Users/vita/Vitemis/Outposts/Rokurics-HarmonyOS/entry/src/main/ets/services/SettingsStore.ets:128:18
 Function may throw exceptions. Special handling is required.
[39m[39m
[33mWARN: [33m[33mArkTS:WARN File: /Users/vita/Vitemis/Outposts/Rokurics-HarmonyOS/entry/src/main/ets/services/SettingsStore.ets:133:11
 Function may throw exceptions. Special handling is required.
[39m[39m
[33mWARN: [33m[33mArkTS:WARN File: /Users/vita/Vitemis/Outposts/Rokurics-HarmonyOS/entry/src/main/ets/services/SettingsStore.ets:134:11
 Function may throw exceptions. Special handling is required.
[39m[39m
[33mWARN: [33m[33mArkTS:WARN File: /Users/vita/Vitemis/Outposts/Rokurics-HarmonyOS/entry/src/main/ets/services/SettingsStore.ets:139:18
 Function may throw exceptions. Special handling is required.
[39m[39m
[33mWARN: [33m[33mArkTS:WARN File: /Users/vita/Vitemis/Outposts/Rokurics-HarmonyOS/entry/src/main/ets/services/SettingsStore.ets:144:11
 Function may throw exceptions. Special handling is required.
[39m[39m
[33mWARN: [33m[33mArkTS:WARN File: /Users/vita/Vitemis/Outposts/Rokurics-HarmonyOS/entry/src/main/ets/services/SettingsStore.ets:145:11
 Function may throw exceptions. Special handling is required.
[39m[39m
[33mWARN: [33m[33mArkTS:WARN File: /Users/vita/Vitemis/Outposts/Rokurics-HarmonyOS/entry/src/main/ets/services/SettingsStore.ets:151:18
 Function may throw exceptions. Special handling is required.
[39m[39m
[33mWARN: [33m[33mArkTS:WARN File: /Users/vita/Vitemis/Outposts/Rokurics-HarmonyOS/entry/src/main/ets/services/SettingsStore.ets:156:11
 Function may throw exceptions. Special handling is required.
[39m[39m
[33mWARN: [33m[33mArkTS:WARN File: /Users/vita/Vitemis/Outposts/Rokurics-HarmonyOS/entry/src/main/ets/services/SettingsStore.ets:157:11
 Function may throw exceptions. Special handling is required.
[39m[39m
[33mWARN: [33m[33mArkTS:WARN File: /Users/vita/Vitemis/Outposts/Rokurics-HarmonyOS/entry/src/main/ets/services/SettingsStore.ets:162:18
 Function may throw exceptions. Special handling is required.
[39m[39m
[33mWARN: [33m[33mArkTS:WARN File: /Users/vita/Vitemis/Outposts/Rokurics-HarmonyOS/entry/src/main/ets/services/SettingsStore.ets:167:11
 Function may throw exceptions. Special handling is required.
[39m[39m
[33mWARN: [33m[33mArkTS:WARN File: /Users/vita/Vitemis/Outposts/Rokurics-HarmonyOS/entry/src/main/ets/services/SettingsStore.ets:168:11
 Function may throw exceptions. Special handling is required.
[39m[39m
[33mWARN: [33m[33mArkTS:WARN File: /Users/vita/Vitemis/Outposts/Rokurics-HarmonyOS/entry/src/main/ets/pages/RecordingDetailPage.ets:66:47
 'getContext' has been deprecated.
[39m[39m
[33mWARN: [33m[33mArkTS:WARN File: /Users/vita/Vitemis/Outposts/Rokurics-HarmonyOS/entry/src/main/ets/pages/RecordingDetailPage.ets:67:44
 'getContext' has been deprecated.
[39m[39m
[33mWARN: [33m[33mArkTS:WARN File: /Users/vita/Vitemis/Outposts/Rokurics-HarmonyOS/entry/src/main/ets/pages/RecordingDetailPage.ets:787:51
 'getContext' has been deprecated.
[39m[39m
[33mWARN: [33m[33mArkTS:WARN File: /Users/vita/Vitemis/Outposts/Rokurics-HarmonyOS/entry/src/main/ets/pages/RecordingDetailPage.ets:808:51
 'getContext' has been deprecated.
[39m[39m
[33mWARN: [33m[33mArkTS:WARN File: /Users/vita/Vitemis/Outposts/Rokurics-HarmonyOS/entry/src/main/ets/pages/RecordingDetailPage.ets:890:47
 'getContext' has been deprecated.
[39m[39m
[33mWARN: [33m[33mArkTS:WARN File: /Users/vita/Vitemis/Outposts/Rokurics-HarmonyOS/entry/src/main/ets/pages/RecordingDetailPage.ets:947:19
 'getContext' has been deprecated.
[39m[39m
[33mWARN: [33m[33mArkTS:WARN File: /Users/vita/Vitemis/Outposts/Rokurics-HarmonyOS/entry/src/main/ets/services/ChatStore.ets:10:29
 Function may throw exceptions. Special handling is required.
[39m[39m
[33mWARN: [33m[33mArkTS:WARN File: /Users/vita/Vitemis/Outposts/Rokurics-HarmonyOS/entry/src/main/ets/services/ChatStore.ets:12:5
 Function may throw exceptions. Special handling is required.
[39m[39m
[33mWARN: [33m[33mArkTS:WARN File: /Users/vita/Vitemis/Outposts/Rokurics-HarmonyOS/entry/src/main/ets/services/ChatStore.ets:14:5
 Function may throw exceptions. Special handling is required.
[39m[39m
[33mWARN: [33m[33mArkTS:WARN File: /Users/vita/Vitemis/Outposts/Rokurics-HarmonyOS/entry/src/main/ets/services/ChatStore.ets:19:29
 Function may throw exceptions. Special handling is required.
[39m[39m
[33mWARN: [33m[33mArkTS:WARN File: /Users/vita/Vitemis/Outposts/Rokurics-HarmonyOS/entry/src/main/ets/services/ChatStore.ets:21:31
 Function may throw exceptions. Special handling is required.
[39m[39m
[33mWARN: [33m[33mArkTS:WARN File: /Users/vita/Vitemis/Outposts/Rokurics-HarmonyOS/entry/src/main/ets/services/ChatStore.ets:23:5
 Function may throw exceptions. Special handling is required.
[39m[39m
[33mWARN: [33m[33mArkTS:WARN File: /Users/vita/Vitemis/Outposts/Rokurics-HarmonyOS/entry/src/main/ets/services/ChatStore.ets:31:5
 Function may throw exceptions. Special handling is required.
[39m[39m
[33mWARN: [33m[33mArkTS:WARN File: /Users/vita/Vitemis/Outposts/Rokurics-HarmonyOS/entry/src/main/ets/pages/AIChatPage.ets:16:48
 'getContext' has been deprecated.
[39m[39m
[33mWARN: [33m[33mArkTS:WARN File: /Users/vita/Vitemis/Outposts/Rokurics-HarmonyOS/entry/src/main/ets/pages/AIChatPage.ets:17:60
 'getContext' has been deprecated.
[39m[39m
[33mWARN: [33m[33mArkTS:WARN File: /Users/vita/Vitemis/Outposts/Rokurics-HarmonyOS/entry/src/main/ets/pages/SettingsPage.ets:19:60
 'getContext' has been deprecated.
[39m[39m

[2026-05-27T11:56:46.192] [DEBUG] debug-file - Ark compile task finished.finished time is 525305709488541
[2026-05-27T11:56:46.192] [DEBUG] debug-file - worker[4] has one work done.
[2026-05-27T11:56:46.193] [DEBUG] debug-file - default@CompileArkTS work[0] done.
[2026-05-27T11:56:46.193] [DEBUG] debug-file - A work dispatched to worker[4] failed because unable to get work from ready queue.
[2026-05-27T11:56:46.194] [INFO] debug-file - Finished :entry:default@CompileArkTS... after 2 s 5 ms 
[2026-05-27T11:56:46.194] [DEBUG] debug-file - Executing task :entry:default@GeneratePkgModuleJson
[2026-05-27T11:56:46.197] [DEBUG] debug-file - Executing task :entry:default@PackageHap
[2026-05-27T11:56:46.198] [DEBUG] debug-file - default@PackageHap work[2] is submitted.
[2026-05-27T11:56:46.194] [DEBUG] debug-file - File: '/Users/vita/Vitemis/Outposts/Rokurics-HarmonyOS/entry/build/default/intermediates/preload/default/preload.json' from 'preloadSoJsonPath' is not exists, just ignore.
[2026-05-27T11:56:46.197] [DEBUG] debug-file - entry:default@PackageHap is not up-to-date, since the input file '/Users/vita/Vitemis/Outposts/Rokurics-HarmonyOS/entry/build/default/intermediates/res/default/module.json' has been changed.
[2026-05-27T11:56:46.198] [DEBUG] debug-file - default@PackageHap work[2] is pushed to ready queue.
[2026-05-27T11:56:46.194] [DEBUG] debug-file - Error occurs while handling @Input 'shouldDeduplicateHar': The "data" argument must be of type string or an instance of Buffer, TypedArray, or DataView. Received undefined
[2026-05-27T11:56:46.198] [DEBUG] debug-file - A work dispatched to worker[9] failed because unable to get work from ready queue.
[2026-05-27T11:56:46.195] [DEBUG] debug-file - Task 'entry:default@GeneratePkgModuleJson' cost while wrapping incremental declarations: 1 ms 
[2026-05-27T11:56:46.197] [DEBUG] debug-file - Incremental task entry:default@PackageHap pre-execution cost: 1 ms .
[2026-05-27T11:56:46.198] [DEBUG] debug-file - default@PackageHap work[2] has been dispatched to worker[8].
[2026-05-27T11:56:46.195] [DEBUG] debug-file - entry:default@GeneratePkgModuleJson is not up-to-date, since the input file '/Users/vita/Vitemis/Outposts/Rokurics-HarmonyOS/entry/build/default/intermediates/res/default/module.json' has been changed.
[2026-05-27T11:56:46.198] [DEBUG] debug-file - Use tool [/Applications/DevEco-Studio.app/Contents/sdk/default/openharmony/toolchains/lib/app_packing_tool.jar]
 [
  'java',
  '-Dfile.encoding=utf-8',
  '-jar',
  '/Applications/DevEco-Studio.app/Contents/sdk/default/openharmony/toolchains/lib/app_packing_tool.jar',
  '--mode',
  'hap',
  '--force',
  'true',
  '--lib-path',
  '/Users/vita/Vitemis/Outposts/Rokurics-HarmonyOS/entry/build/default/intermediates/stripped_native_libs/default',
  '--json-path',
  '/Users/vita/Vitemis/Outposts/Rokurics-HarmonyOS/entry/build/default/intermediates/package/default/module.json',
  '--resources-path',
  '/Users/vita/Vitemis/Outposts/Rokurics-HarmonyOS/entry/build/default/intermediates/res/default/resources',
  '--index-path',
  '/Users/vita/Vitemis/Outposts/Rokurics-HarmonyOS/entry/build/default/intermediates/res/default/resources.index',
  '--pack-info-path',
  '/Users/vita/Vitemis/Outposts/Rokurics-HarmonyOS/entry/build/default/outputs/default/pack.info',
  '--out-path',
  '/Users/vita/Vitemis/Outposts/Rokurics-HarmonyOS/entry/build/default/outputs/default/entry-default-unsigned.hap',
  '--ets-path',
  '/Users/vita/Vitemis/Outposts/Rokurics-HarmonyOS/entry/build/default/intermediates/loader_out/default/ets',
  '--pkg-sdk-info-path',
  '/Users/vita/Vitemis/Outposts/Rokurics-HarmonyOS/entry/build/default/intermediates/loader/default/pkgSdkInfo.json'
]
[2026-05-27T11:56:46.198] [DEBUG] debug-file - default@PackageHap work[2] is dispatched.
[2026-05-27T11:56:46.195] [DEBUG] debug-file - Incremental task entry:default@GeneratePkgModuleJson pre-execution cost: 1 ms .
[2026-05-27T11:56:46.200] [DEBUG] debug-file - entry : default@PackageHap cost memory 0.3668060302734375
[2026-05-27T11:56:46.195] [DEBUG] debug-file - entry : default@GeneratePkgModuleJson cost memory 0.17046356201171875
[2026-05-27T11:56:46.195] [DEBUG] debug-file - runTaskFromQueue task cost before running: 3 s 333 ms 
[2026-05-27T11:56:46.195] [INFO] debug-file - Finished :entry:default@GeneratePkgModuleJson... after 1 ms 
[2026-05-27T11:56:46.196] [DEBUG] debug-file - Executing task :entry:default@ProcessCompiledResources
[2026-05-27T11:56:46.196] [DEBUG] debug-file - File: '/Users/vita/Vitemis/Outposts/Rokurics-HarmonyOS/entry/build/default/intermediates/preload/default/preload.json' from 'preloadSoJsonPath' is not exists, just ignore.
[2026-05-27T11:56:46.196] [DEBUG] debug-file - Task 'entry:default@ProcessCompiledResources' cost while wrapping incremental declarations: 1 ms 
[2026-05-27T11:56:46.196] [DEBUG] debug-file - entry : default@ProcessCompiledResources cost memory 0.051055908203125
[2026-05-27T11:56:46.196] [DEBUG] debug-file - runTaskFromQueue task cost before running: 3 s 333 ms 
[2026-05-27T11:56:46.196] [INFO] debug-file - Finished :entry:default@ProcessCompiledResources... after 1 ms 
[2026-05-27T11:56:46.227] [DEBUG] debug-file - current process  memoryUsage: {
  rss: 880672768,
  heapTotal: 81248256,
  heapUsed: 53533072,
  external: 3827933,
  arrayBuffers: 18671
} os memoryUsage :23.838760375976562
[2026-05-27T11:56:46.242] [DEBUG] debug-file - ERROR: command = java -Dfile.encoding=utf-8 -jar /Applications/DevEco-Studio.app/Contents/sdk/default/openharmony/toolchains/lib/app_packing_tool.jar --mode hap --force true --lib-path /Users/vita/Vitemis/Outposts/Rokurics-HarmonyOS/entry/build/default/intermediates/stripped_native_libs/default --json-path /Users/vita/Vitemis/Outposts/Rokurics-HarmonyOS/entry/build/default/intermediates/package/default/module.json --resources-path /Users/vita/Vitemis/Outposts/Rokurics-HarmonyOS/entry/build/default/intermediates/res/default/resources --index-path /Users/vita/Vitemis/Outposts/Rokurics-HarmonyOS/entry/build/default/intermediates/res/default/resources.index --pack-info-path /Users/vita/Vitemis/Outposts/Rokurics-HarmonyOS/entry/build/default/outputs/default/pack.info --out-path /Users/vita/Vitemis/Outposts/Rokurics-HarmonyOS/entry/build/default/outputs/default/entry-default-unsigned.hap --ets-path /Users/vita/Vitemis/Outposts/Rokurics-HarmonyOS/entry/build/default/intermediates/loader_out/default/ets --pkg-sdk-info-path /Users/vita/Vitemis/Outposts/Rokurics-HarmonyOS/entry/build/default/intermediates/loader/default/pkgSdkInfo.json
[2026-05-27T11:56:46.243] [DEBUG] debug-file - worker[8] encounters error: Tools execution failed.
The operation couldn’t be completed. Unable to locate a Java Runtime.
Please visit http://www.java.com for information on installing Java.
	 Detail: Please check the message from tools..
[2026-05-27T11:56:46.243] [DEBUG] debug-file - default@PackageHap work[2] failed.
[2026-05-27T11:56:46.243] [ERROR] debug-file - Failed :entry:default@PackageHap... 
[2026-05-27T11:56:46.243] [DEBUG] debug-file - hvigor build process will be closed with an error.
[2026-05-27T11:56:46.250] [ERROR] debug-file - Error: Tools execution failed.
The operation couldn’t be completed. Unable to locate a Java Runtime.
Please visit http://www.java.com for information on installing Java.
	 Detail: Please check the message from tools.
    at OhosLogger.errorMessageExit (/Applications/DevEco-Studio.app/Contents/tools/hvigor/hvigor/src/base/log/hvigor-log.js:1:3497)
    at OhosLogger._printErrorAndExit (/Applications/DevEco-Studio.app/Contents/tools/hvigor/hvigor-ohos-plugin/src/utils/log/ohos-logger.js:1:2024)
    at ProcessUtils.handleException (/Applications/DevEco-Studio.app/Contents/tools/hvigor/hvigor-ohos-plugin/src/utils/process-utils.js:1:5247)
    at ProcessUtils.execute (/Applications/DevEco-Studio.app/Contents/tools/hvigor/hvigor-ohos-plugin/src/utils/process-utils.js:1:3547)
    at async generalExecute (/Applications/DevEco-Studio.app/Contents/tools/hvigor/hvigor-ohos-plugin/src/tasks/worker/worker-process-script.js:1:485)
    at async defaultHandler (/Applications/DevEco-Studio.app/Contents/tools/hvigor/hvigor/src/base/internal/pool/worker-manager/worker-action.js:1:2163)
    at async MessagePort.<anonymous> (/Applications/DevEco-Studio.app/Contents/tools/hvigor/hvigor/src/base/internal/pool/worker-manager/worker-action.js:1:4701)
[2026-05-27T11:56:46.251] [ERROR] debug-file - BUILD FAILED in 3 s 388 ms 
[2026-05-27T11:56:46.251] [DEBUG] debug-file - Update task entry:default@PreBuild input file:/Users/vita/Vitemis/Outposts/Rokurics-HarmonyOS/AppScope/app.json5 cache by regenerate.
[2026-05-27T11:56:46.251] [DEBUG] debug-file - Update task entry:default@PreBuild input file:/Users/vita/Vitemis/Outposts/Rokurics-HarmonyOS/entry/src/main/module.json5 cache by regenerate.
[2026-05-27T11:56:46.251] [DEBUG] debug-file - Update task entry:default@PreBuild input file:/Users/vita/Vitemis/Outposts/Rokurics-HarmonyOS/build-profile.json5 cache by regenerate.
[2026-05-27T11:56:46.251] [DEBUG] debug-file - Update task entry:default@PreBuild input file:/Users/vita/Vitemis/Outposts/Rokurics-HarmonyOS/entry/build-profile.json5 cache by regenerate.
[2026-05-27T11:56:46.251] [DEBUG] debug-file - Update task entry:default@PreBuild input file:/Users/vita/Vitemis/Outposts/Rokurics-HarmonyOS/entry/src/main/resources/base/profile/main_pages.json cache by regenerate.
[2026-05-27T11:56:46.251] [DEBUG] debug-file - Update task entry:default@PreBuild input file:/Users/vita/Vitemis/Outposts/Rokurics-HarmonyOS/hvigor/hvigor-config.json5 cache by regenerate.
[2026-05-27T11:56:46.251] [DEBUG] debug-file - Update task entry:default@PreBuild input file:/Users/vita/Vitemis/Outposts/Rokurics-HarmonyOS/entry/oh-package.json5 cache by regenerate.
[2026-05-27T11:56:46.251] [DEBUG] debug-file - Update task entry:default@PreBuild input file:/Users/vita/Vitemis/Outposts/Rokurics-HarmonyOS/oh-package.json5 cache by regenerate.
[2026-05-27T11:56:46.251] [DEBUG] debug-file - Incremental task entry:default@PreBuild post-execution cost:1 ms .
[2026-05-27T11:56:46.251] [DEBUG] debug-file - Update task entry:default@CreateModuleInfo output file:/Users/vita/Vitemis/Outposts/Rokurics-HarmonyOS/entry/build/default/generated/profile/default/ModuleInfo.ts cache.
[2026-05-27T11:56:46.251] [DEBUG] debug-file - Incremental task entry:default@CreateModuleInfo post-execution cost:1 ms .
[2026-05-27T11:56:46.251] [DEBUG] debug-file - There is no need to refresh cache, since the incremental task entry:default@GenerateMetadata is up-to-date.
[2026-05-27T11:56:46.251] [DEBUG] debug-file - Update task entry:default@MergeProfile input file:/Users/vita/Vitemis/Outposts/Rokurics-HarmonyOS/AppScope/app.json5 cache by regenerate.
[2026-05-27T11:56:46.251] [DEBUG] debug-file - Update task entry:default@MergeProfile input file:/Users/vita/Vitemis/Outposts/Rokurics-HarmonyOS/build-profile.json5 cache by regenerate.
[2026-05-27T11:56:46.251] [DEBUG] debug-file - Update task entry:default@MergeProfile input file:/Users/vita/Vitemis/Outposts/Rokurics-HarmonyOS/entry/src/main/module.json5 cache by regenerate.
[2026-05-27T11:56:46.251] [DEBUG] debug-file - Update task entry:default@MergeProfile output file:/Users/vita/Vitemis/Outposts/Rokurics-HarmonyOS/entry/build/default/intermediates/merge_profile/default/module.json cache.
[2026-05-27T11:56:46.251] [DEBUG] debug-file - Incremental task entry:default@MergeProfile post-execution cost:1 ms .
[2026-05-27T11:56:46.251] [DEBUG] debug-file - Update task entry:default@CreateBuildProfile input file:/Users/vita/Vitemis/Outposts/Rokurics-HarmonyOS/AppScope/app.json5 cache by regenerate.
[2026-05-27T11:56:46.251] [DEBUG] debug-file - Update task entry:default@CreateBuildProfile input file:/Users/vita/Vitemis/Outposts/Rokurics-HarmonyOS/build-profile.json5 cache by regenerate.
[2026-05-27T11:56:46.251] [DEBUG] debug-file - Update task entry:default@CreateBuildProfile output file:/Users/vita/Vitemis/Outposts/Rokurics-HarmonyOS/entry/build/default/generated/profile/default/BuildProfile.ets cache.
[2026-05-27T11:56:46.251] [DEBUG] debug-file - Incremental task entry:default@CreateBuildProfile post-execution cost:1 ms .
[2026-05-27T11:56:46.251] [DEBUG] debug-file - Update task entry:default@GeneratePkgContextInfo output file:/Users/vita/Vitemis/Outposts/Rokurics-HarmonyOS/entry/build/default/intermediates/loader/default/pkgContextInfo.json cache.
[2026-05-27T11:56:46.252] [DEBUG] debug-file - Incremental task entry:default@GeneratePkgContextInfo post-execution cost:1 ms .
[2026-05-27T11:56:46.252] [DEBUG] debug-file - There is no need to refresh cache, since the incremental task entry:default@GeneratePkgSdkInfo is up-to-date.
[2026-05-27T11:56:46.252] [DEBUG] debug-file - Update task entry:default@ProcessIntegratedHsp output file:/Users/vita/Vitemis/Outposts/Rokurics-HarmonyOS/build/cache/default/integrated_hsp/integratedHspCache.json cache.
[2026-05-27T11:56:46.252] [DEBUG] debug-file - Incremental task entry:default@ProcessIntegratedHsp post-execution cost:1 ms .
[2026-05-27T11:56:46.252] [DEBUG] debug-file - There is no need to refresh cache, since the incremental task entry:default@MakePackInfo is up-to-date.
[2026-05-27T11:56:46.252] [DEBUG] debug-file - Update task entry:default@SyscapTransform input file:/Applications/DevEco-Studio.app/Contents/sdk/default/openharmony/toolchains/syscap_tool cache by regenerate.
[2026-05-27T11:56:46.252] [DEBUG] debug-file - Update task entry:default@SyscapTransform input file:/Applications/DevEco-Studio.app/Contents/sdk/default/openharmony/ets/api/device-define cache by regenerate.
[2026-05-27T11:56:46.252] [DEBUG] debug-file - Update task entry:default@SyscapTransform output file:/Users/vita/Vitemis/Outposts/Rokurics-HarmonyOS/entry/build/default/intermediates/syscap/default/rpcid.sc cache.
[2026-05-27T11:56:46.252] [DEBUG] debug-file - Incremental task entry:default@SyscapTransform post-execution cost:1 ms .
[2026-05-27T11:56:46.252] [DEBUG] debug-file - Update task entry:default@ProcessProfile input file:/Users/vita/Vitemis/Outposts/Rokurics-HarmonyOS/entry/build/default/intermediates/merge_profile/default/module.json cache from map.
[2026-05-27T11:56:46.252] [DEBUG] debug-file - Update task entry:default@ProcessProfile output file:/Users/vita/Vitemis/Outposts/Rokurics-HarmonyOS/entry/build/default/intermediates/process_profile/default/module.json cache.
[2026-05-27T11:56:46.252] [DEBUG] debug-file - Incremental task entry:default@ProcessProfile post-execution cost:1 ms .
[2026-05-27T11:56:46.252] [DEBUG] debug-file - Update task entry:default@ProcessRouterMap input file:/Users/vita/Vitemis/Outposts/Rokurics-HarmonyOS/entry/oh-package.json5 cache by regenerate.
[2026-05-27T11:56:46.252] [DEBUG] debug-file - Update task entry:default@ProcessRouterMap input file:/Users/vita/Vitemis/Outposts/Rokurics-HarmonyOS/oh-package.json5 cache by regenerate.
[2026-05-27T11:56:46.252] [DEBUG] debug-file - Update task entry:default@ProcessRouterMap input file:/Users/vita/Vitemis/Outposts/Rokurics-HarmonyOS/entry/src/main/module.json5 cache by regenerate.
[2026-05-27T11:56:46.252] [DEBUG] debug-file - Update task entry:default@ProcessRouterMap output file:/Users/vita/Vitemis/Outposts/Rokurics-HarmonyOS/entry/build/default/intermediates/router_map/default/temp-router-map.json cache.
[2026-05-27T11:56:46.252] [DEBUG] debug-file - Update task entry:default@ProcessRouterMap output file:/Users/vita/Vitemis/Outposts/Rokurics-HarmonyOS/entry/build/default/intermediates/router_map/default/loader-router-map.json cache.
[2026-05-27T11:56:46.252] [DEBUG] debug-file - Incremental task entry:default@ProcessRouterMap post-execution cost:1 ms .
[2026-05-27T11:56:46.252] [DEBUG] debug-file - Update task entry:default@ProcessShareConfig input file:/Users/vita/Vitemis/Outposts/Rokurics-HarmonyOS/entry/oh-package.json5 cache by regenerate.
[2026-05-27T11:56:46.252] [DEBUG] debug-file - Update task entry:default@ProcessShareConfig input file:/Users/vita/Vitemis/Outposts/Rokurics-HarmonyOS/oh-package.json5 cache by regenerate.
[2026-05-27T11:56:46.252] [DEBUG] debug-file - Update task entry:default@ProcessShareConfig input file:/Users/vita/Vitemis/Outposts/Rokurics-HarmonyOS/entry/src/main/module.json5 cache by regenerate.
[2026-05-27T11:56:46.252] [DEBUG] debug-file - Update task entry:default@ProcessShareConfig output file:/Users/vita/Vitemis/Outposts/Rokurics-HarmonyOS/entry/build/default/intermediates/share_config/default/temp-share-config.json cache.
[2026-05-27T11:56:46.252] [DEBUG] debug-file - Incremental task entry:default@ProcessShareConfig post-execution cost:1 ms .
[2026-05-27T11:56:46.252] [DEBUG] debug-file - Update task entry:default@ProcessStartupConfig output file:/Users/vita/Vitemis/Outposts/Rokurics-HarmonyOS/entry/build/default/intermediates/startup/default/startup_config.json cache.
[2026-05-27T11:56:46.252] [DEBUG] debug-file - Incremental task entry:default@ProcessStartupConfig post-execution cost:1 ms .
[2026-05-27T11:56:46.252] [DEBUG] debug-file - There is no need to refresh cache, since the incremental task entry:default@ProcessResource is up-to-date.
[2026-05-27T11:56:46.252] [DEBUG] debug-file - Update task entry:default@GenerateLoaderJson input file:/Users/vita/Vitemis/Outposts/Rokurics-HarmonyOS/entry/build/default/intermediates/router_map/default/temp-router-map.json cache from map.
[2026-05-27T11:56:46.252] [DEBUG] debug-file - Update task entry:default@GenerateLoaderJson output file:/Users/vita/Vitemis/Outposts/Rokurics-HarmonyOS/entry/build/default/intermediates/loader/default/loader.json cache.
[2026-05-27T11:56:46.252] [DEBUG] debug-file - Incremental task entry:default@GenerateLoaderJson post-execution cost:1 ms .
[2026-05-27T11:56:46.252] [DEBUG] debug-file - There is no need to refresh cache, since the incremental task entry:default@ProcessLibs is up-to-date.
[2026-05-27T11:56:46.252] [DEBUG] debug-file - Update task entry:default@CompileResource input file:/Users/vita/Vitemis/Outposts/Rokurics-HarmonyOS/entry/src/main/resources cache by regenerate.
[2026-05-27T11:56:46.253] [DEBUG] debug-file - Update task entry:default@CompileResource input file:/Users/vita/Vitemis/Outposts/Rokurics-HarmonyOS/AppScope/resources cache by regenerate.
[2026-05-27T11:56:46.253] [DEBUG] debug-file - Update task entry:default@CompileResource input file:/Users/vita/Vitemis/Outposts/Rokurics-HarmonyOS/entry/build/default/intermediates/process_profile/default/module.json cache from map.
[2026-05-27T11:56:46.253] [DEBUG] debug-file - Update task entry:default@CompileResource input file:/Users/vita/Vitemis/Outposts/Rokurics-HarmonyOS/entry/build/default/intermediates/res/default/resConfig.json cache by regenerate.
[2026-05-27T11:56:46.253] [DEBUG] debug-file - Update task entry:default@CompileResource output file:/Users/vita/Vitemis/Outposts/Rokurics-HarmonyOS/entry/build/default/intermediates/res/default cache.
[2026-05-27T11:56:46.253] [DEBUG] debug-file - Update task entry:default@CompileResource output file:/Users/vita/Vitemis/Outposts/Rokurics-HarmonyOS/entry/build/default/generated/r/default/ResourceTable.h cache.
[2026-05-27T11:56:46.253] [DEBUG] debug-file - Update task entry:default@CompileResource output file:/Users/vita/Vitemis/Outposts/Rokurics-HarmonyOS/entry/build/default/generated/r/default/ResourceTable.ts cache.
[2026-05-27T11:56:46.253] [DEBUG] debug-file - Update task entry:default@CompileResource output file:/Users/vita/Vitemis/Outposts/Rokurics-HarmonyOS/entry/build/default/generated/r/default cache.
[2026-05-27T11:56:46.253] [DEBUG] debug-file - Incremental task entry:default@CompileResource post-execution cost:1 ms .
[2026-05-27T11:56:46.253] [DEBUG] debug-file - There is no need to refresh cache, since the incremental task entry:default@DoNativeStrip is up-to-date.
[2026-05-27T11:56:46.253] [DEBUG] debug-file - Update task entry:default@CompileArkTS input file:/Users/vita/Vitemis/Outposts/Rokurics-HarmonyOS/entry/build/default/intermediates/loader/default cache from map.
[2026-05-27T11:56:46.253] [DEBUG] debug-file - Update task entry:default@CompileArkTS input file:/Users/vita/Vitemis/Outposts/Rokurics-HarmonyOS/entry/build/default/intermediates/res/default/resources/rawfile cache by regenerate.
[2026-05-27T11:56:46.253] [DEBUG] debug-file - Update task entry:default@CompileArkTS input file:/Users/vita/Vitemis/Outposts/Rokurics-HarmonyOS/entry/build/default/intermediates/res/default/ResourceTable.txt cache by regenerate.
[2026-05-27T11:56:46.253] [DEBUG] debug-file - Update task entry:default@CompileArkTS input file:/Users/vita/Vitemis/Outposts/Rokurics-HarmonyOS/entry/build/default/intermediates/res/default/ark_module.json cache by regenerate.
[2026-05-27T11:56:46.253] [DEBUG] debug-file - Update task entry:default@CompileArkTS input file:/Users/vita/Vitemis/Outposts/Rokurics-HarmonyOS/entry/build/default/intermediates/res/default/resources/base/profile cache by regenerate.
[2026-05-27T11:56:46.253] [DEBUG] debug-file - Update task entry:default@CompileArkTS input file:/Users/vita/Vitemis/Outposts/Rokurics-HarmonyOS/entry/src/main/ets cache by regenerate.
[2026-05-27T11:56:46.254] [DEBUG] debug-file - Update task entry:default@CompileArkTS input file:/Users/vita/Vitemis/Outposts/Rokurics-HarmonyOS/entry/build/default/generated/profile/default/BuildProfile.ets cache by regenerate.
[2026-05-27T11:56:46.254] [DEBUG] debug-file - Update task entry:default@CompileArkTS output file:/Users/vita/Vitemis/Outposts/Rokurics-HarmonyOS/entry/build/default/intermediates/loader_out/default/ets cache.
[2026-05-27T11:56:46.254] [DEBUG] debug-file - Incremental task entry:default@CompileArkTS post-execution cost:1 ms .
[2026-05-27T11:56:46.254] [DEBUG] debug-file - Update task entry:default@BuildJS input file:/Users/vita/Vitemis/Outposts/Rokurics-HarmonyOS/entry/build/default/intermediates/loader/default cache by regenerate.
[2026-05-27T11:56:46.254] [DEBUG] debug-file - Update task entry:default@BuildJS input file:/Users/vita/Vitemis/Outposts/Rokurics-HarmonyOS/entry/build/default/intermediates/res/default/resources/rawfile cache by regenerate.
[2026-05-27T11:56:46.254] [DEBUG] debug-file - Update task entry:default@BuildJS input file:/Users/vita/Vitemis/Outposts/Rokurics-HarmonyOS/entry/build/default/intermediates/res/default/ResourceTable.txt cache by regenerate.
[2026-05-27T11:56:46.254] [DEBUG] debug-file - Update task entry:default@BuildJS input file:/Users/vita/Vitemis/Outposts/Rokurics-HarmonyOS/entry/build/default/intermediates/res/default/ark_module.json cache by regenerate.
[2026-05-27T11:56:46.254] [DEBUG] debug-file - Update task entry:default@BuildJS input file:/Users/vita/Vitemis/Outposts/Rokurics-HarmonyOS/entry/build/default/intermediates/res/default/resources/base/profile cache by regenerate.
[2026-05-27T11:56:46.254] [DEBUG] debug-file - Update task entry:default@BuildJS output file:/Users/vita/Vitemis/Outposts/Rokurics-HarmonyOS/entry/build/default/intermediates/loader_out/default/js cache.
[2026-05-27T11:56:46.254] [DEBUG] debug-file - Incremental task entry:default@BuildJS post-execution cost:1 ms .
[2026-05-27T11:56:46.254] [DEBUG] debug-file - There is no need to refresh cache, since the incremental task entry:default@CacheNativeLibs is up-to-date.
[2026-05-27T11:56:46.254] [DEBUG] debug-file - Update task entry:default@GeneratePkgModuleJson input file:/Users/vita/Vitemis/Outposts/Rokurics-HarmonyOS/entry/build/default/intermediates/res/default/module.json cache from map.
[2026-05-27T11:56:46.254] [DEBUG] debug-file - Update task entry:default@GeneratePkgModuleJson output file:/Users/vita/Vitemis/Outposts/Rokurics-HarmonyOS/entry/build/default/intermediates/package/default/module.json cache.
[2026-05-27T11:56:46.254] [DEBUG] debug-file - Incremental task entry:default@GeneratePkgModuleJson post-execution cost:1 ms .
[2026-05-27T11:56:46.254] [DEBUG] debug-file - Incremental task entry:default@ProcessCompiledResources post-execution cost:1 ms .
[2026-05-27T11:56:46.254] [DEBUG] debug-file - Update task entry:default@PackageHap input file:/Users/vita/Vitemis/Outposts/Rokurics-HarmonyOS/entry/build/default/intermediates/stripped_native_libs/default cache by regenerate.
[2026-05-27T11:56:46.254] [DEBUG] debug-file - Update task entry:default@PackageHap input file:/Users/vita/Vitemis/Outposts/Rokurics-HarmonyOS/entry/build/default/intermediates/res/default/module.json cache from map.
[2026-05-27T11:56:46.254] [DEBUG] debug-file - Update task entry:default@PackageHap input file:/Users/vita/Vitemis/Outposts/Rokurics-HarmonyOS/entry/build/default/intermediates/res/default/resources cache by regenerate.
[2026-05-27T11:56:46.254] [DEBUG] debug-file - Update task entry:default@PackageHap input file:/Users/vita/Vitemis/Outposts/Rokurics-HarmonyOS/entry/build/default/intermediates/res/default/resources.index cache by regenerate.
[2026-05-27T11:56:46.254] [DEBUG] debug-file - Update task entry:default@PackageHap input file:/Users/vita/Vitemis/Outposts/Rokurics-HarmonyOS/entry/build/default/outputs/default/pack.info cache by regenerate.
[2026-05-27T11:56:46.254] [DEBUG] debug-file - Update task entry:default@PackageHap input file:/Users/vita/Vitemis/Outposts/Rokurics-HarmonyOS/entry/build/default/intermediates/loader_out/default/ets cache by regenerate.
[2026-05-27T11:56:46.254] [DEBUG] debug-file - Update task entry:default@PackageHap input file:/Users/vita/Vitemis/Outposts/Rokurics-HarmonyOS/entry/build/default/intermediates/loader/default/pkgSdkInfo.json cache by regenerate.
[2026-05-27T11:56:46.254] [DEBUG] debug-file - Update task entry:default@PackageHap input file:/Users/vita/Vitemis/Outposts/Rokurics-HarmonyOS/entry/build/default/intermediates/loader_out/default/ets/sourceMaps.map cache by regenerate.
[2026-05-27T11:56:46.254] [DEBUG] debug-file - Update task entry:default@PackageHap input file:/Users/vita/Vitemis/Outposts/Rokurics-HarmonyOS/entry/build/default/generated/profile/default/BuildProfile.ets cache by regenerate.
[2026-05-27T11:56:46.255] [DEBUG] debug-file - Update task entry:default@PackageHap output file:/Users/vita/Vitemis/Outposts/Rokurics-HarmonyOS/entry/build/default/outputs/default/entry-default-unsigned.hap cache.
[2026-05-27T11:56:46.255] [DEBUG] debug-file - Update task entry:default@PackageHap output file:/Users/vita/Vitemis/Outposts/Rokurics-HarmonyOS/entry/build/default/intermediates/source_map/default/sourceMaps.map cache.
[2026-05-27T11:56:46.255] [DEBUG] debug-file - Update task entry:default@PackageHap output file:/Users/vita/Vitemis/Outposts/Rokurics-HarmonyOS/entry/build/default/outputs/default/mapping/sourceMaps.map cache.
[2026-05-27T11:56:46.255] [DEBUG] debug-file - Incremental task entry:default@PackageHap post-execution cost:1 ms .
[2026-05-27T11:56:46.258] [DEBUG] debug-file - worker[8] exits with exit code 1.
[2026-05-27T11:56:46.258] [DEBUG] debug-file - A work dispatched to worker[8] failed because unable to get work from ready queue.
[2026-05-27T11:56:46.258] [DEBUG] debug-file - Current worker pool is stopped or closed.
[2026-05-27T11:56:46.258] [DEBUG] debug-file - Clear worker 0.
[2026-05-27T11:56:46.258] [DEBUG] debug-file - Worker 0 has been cleared.
[2026-05-27T11:56:46.258] [DEBUG] debug-file - Current idle worker size: 2.
[2026-05-27T11:56:46.258] [DEBUG] debug-file - Current busy worker size: 0.
[2026-05-27T11:56:46.259] [DEBUG] debug-file - Clear worker 1.
[2026-05-27T11:56:46.259] [DEBUG] debug-file - Worker 1 has been cleared.
[2026-05-27T11:56:46.259] [DEBUG] debug-file - Current idle worker size: 1.
[2026-05-27T11:56:46.259] [DEBUG] debug-file - Current busy worker size: 0.
[2026-05-27T11:56:46.259] [DEBUG] debug-file - Clear worker 4.
[2026-05-27T11:56:46.259] [DEBUG] debug-file - Worker 4 has been cleared.
[2026-05-27T11:56:46.259] [DEBUG] debug-file - Current idle worker size: 0.
[2026-05-27T11:56:46.259] [DEBUG] debug-file - Current busy worker size: 0.
[2026-05-27T11:56:46.259] [DEBUG] debug-file - hvigor build process will be closed.
[2026-05-27T11:56:46.259] [DEBUG] debug-file - worker[0] exits with exit code 1.
[2026-05-27T11:56:46.260] [DEBUG] debug-file - Current worker pool is terminated.
[2026-05-27T11:56:46.260] [DEBUG] debug-file - worker[1] exits with exit code 1.
[2026-05-27T11:56:46.263] [DEBUG] debug-file - worker[4] exits with exit code 1.
[2026-05-27T11:56:58.778] [DEBUG] debug-file - env: nodejsVersion=v24.14.0
[2026-05-27T11:56:58.869] [DEBUG] debug-file - Hvigor init with startParameters:{
  hvigorfileTypeCheck: false,
  parallelExecution: true,
  incrementalExecution: true,
  printStackTrace: false,
  daemon: false,
  analyze: 0,
  logLevel: Level { level: 20000, levelStr: 'INFO', colour: 'green' },
  optimizationStrategy: 'memory',
  hotCompile: undefined,
  hotReloadBuild: undefined,
  customizedParam: undefined
}
[2026-05-27T11:56:59.201] [DEBUG] debug-file - hvigorfile, require result:  { default: { system: [Function: appTasks], plugins: [] } }
[2026-05-27T11:56:59.201] [DEBUG] debug-file - Starting plugin build process
[2026-05-27T11:56:59.258] [DEBUG] debug-file - App plugin register hook start...
[2026-05-27T11:56:59.258] [DEBUG] debug-file - Start initialize project's product build option map with build mode debug.
[2026-05-27T11:56:59.259] [DEBUG] debug-file - Obtain build option for product 'default'in this build.
[2026-05-27T11:56:59.262] [DEBUG] debug-file - Start recording SDK configuration permission data.
[2026-05-27T11:56:59.273] [DEBUG] debug-file - Project task initialization takes 2 ms 
[2026-05-27T11:56:59.277] [DEBUG] debug-file - failed to load cangjie to dynamically generate schemas: Error: Cannot find module '@ohos/cangjie-build-support/index'
Require stack:
- /Applications/DevEco-Studio.app/Contents/tools/hvigor/hvigor-ohos-plugin/src/plugin/hooks/cangjie-register.js
- /Applications/DevEco-Studio.app/Contents/tools/hvigor/hvigor-ohos-plugin/src/plugin/strategy/stage-init-strategy.js
- /Applications/DevEco-Studio.app/Contents/tools/hvigor/hvigor-ohos-plugin/src/plugin/builder/abstract-plugin-builder.js
- /Applications/DevEco-Studio.app/Contents/tools/hvigor/hvigor-ohos-plugin/src/plugin/builder/app-plugin-builder.js
- /Applications/DevEco-Studio.app/Contents/tools/hvigor/hvigor-ohos-plugin/src/plugin/factory/plugin-factory.js
- /Applications/DevEco-Studio.app/Contents/tools/hvigor/hvigor-ohos-plugin/index.js
- /Users/vita/Vitemis/Outposts/Rokurics-HarmonyOS/hvigorfile.ts
- /Applications/DevEco-Studio.app/Contents/tools/hvigor/hvigor/src/base/internal/lifecycle/configuration.js
- /Applications/DevEco-Studio.app/Contents/tools/hvigor/hvigor/src/base/boot/index.js
- /Applications/DevEco-Studio.app/Contents/tools/hvigor/hvigor/src/cli/main/cli.js
- /Applications/DevEco-Studio.app/Contents/tools/hvigor/hvigor/bin/hvigor.js
[2026-05-27T11:56:59.282] [DEBUG] debug-file - project has submodules:entry
[2026-05-27T11:56:59.283] [DEBUG] debug-file - start to load updatedOhPackageInfo to the disk
[2026-05-27T11:56:59.284] [DEBUG] debug-file - Start to initialize dependency information.
[2026-05-27T11:56:59.280] [DEBUG] debug-file - Start initialize module-target build option map, moduleName=entry, buildMode=debug
[2026-05-27T11:56:59.288] [DEBUG] debug-file - Executing task :entry:default@PreBuild
[2026-05-27T11:56:59.291] [DEBUG] debug-file - Executing task :entry:default@GenerateMetadata
[2026-05-27T11:56:59.293] [DEBUG] debug-file - Executing task :entry:default@CreateBuildProfile
[2026-05-27T11:56:59.294] [DEBUG] debug-file - Executing task :entry:default@PreCheckSyscap
[2026-05-27T11:56:59.294] [DEBUG] debug-file - Executing task :entry:default@GeneratePkgContextInfo
[2026-05-27T11:56:59.298] [DEBUG] debug-file - Executing task :entry:default@ProcessIntegratedHsp
[2026-05-27T11:56:59.298] [DEBUG] debug-file - Executing task :entry:default@BuildNativeWithCmake
[2026-05-27T11:56:59.299] [DEBUG] debug-file - Executing task :entry:default@MakePackInfo
[2026-05-27T11:56:59.299] [DEBUG] debug-file - Executing task :entry:default@SyscapTransform
[2026-05-27T11:56:59.305] [DEBUG] debug-file - Executing task :entry:default@ProcessProfile
[2026-05-27T11:56:59.306] [DEBUG] debug-file - Executing task :entry:default@ProcessRouterMap
[2026-05-27T11:56:59.306] [DEBUG] debug-file - Executing task :entry:default@ProcessShareConfig
[2026-05-27T11:56:59.307] [DEBUG] debug-file - Executing task :entry:default@ProcessStartupConfig
[2026-05-27T11:56:59.307] [DEBUG] debug-file - Executing task :entry:default@BuildNativeWithNinja
[2026-05-27T11:56:59.308] [DEBUG] debug-file - Executing task :entry:default@ProcessResource
[2026-05-27T11:56:59.309] [DEBUG] debug-file - Executing task :entry:default@GenerateLoaderJson
[2026-05-27T11:56:59.310] [DEBUG] debug-file - Executing task :entry:default@ProcessLibs
[2026-05-27T11:56:59.311] [DEBUG] debug-file - Executing task :entry:default@CompileResource
[2026-05-27T11:56:59.313] [DEBUG] debug-file - Executing task :entry:default@DoNativeStrip
[2026-05-27T11:56:59.313] [DEBUG] debug-file - Executing task :entry:default@CompileArkTS
[2026-05-27T11:56:59.315] [DEBUG] debug-file - Executing task :entry:default@BuildJS
[2026-05-27T11:56:59.316] [DEBUG] debug-file - Executing task :entry:default@CacheNativeLibs
[2026-05-27T11:56:59.317] [DEBUG] debug-file - Executing task :entry:default@PackageHap
[2026-05-27T11:56:58.779] [DEBUG] debug-file - env: hvigor-config.json5 content = { modelVersion: '5.0.0', dependencies: {} }
[2026-05-27T11:56:59.318] [DEBUG] debug-file - Since there is no instance or instance is terminated, create a new worker pool.
[2026-05-27T11:56:59.318] [DEBUG] debug-file - Create  resident worker with id: 0.
[2026-05-27T11:56:58.870] [DEBUG] debug-file - Cache service initialization finished in 2 ms 
[2026-05-27T11:56:59.201] [DEBUG] debug-file - hvigorfile, binding system plugins [Function: appTasks]
[2026-05-27T11:56:59.201] [DEBUG] debug-file - App plugin prepare start...
[2026-05-27T11:56:59.258] [DEBUG] debug-file - App plugin register hook end...
[2026-05-27T11:56:59.258] [DEBUG] debug-file - Picking option from product 'default' with build mode 'debug'.
[2026-05-27T11:56:59.260] [DEBUG] debug-file - No signingConfig found, initRemoteHspCache failed.
[2026-05-27T11:56:59.272] [DEBUG] debug-file - Sdk init in 12 ms 
[2026-05-27T11:56:59.273] [DEBUG] debug-file - hvigorfile, begin to bind custom plugins...
[2026-05-27T11:56:59.283] [DEBUG] debug-file - load to the disk finished
[2026-05-27T11:56:59.284] [DEBUG] debug-file - Module entry Collected Dependency: 
[2026-05-27T11:56:59.280] [DEBUG] debug-file - Target 'default' config initialized
[2026-05-27T11:56:59.288] [DEBUG] debug-file - Task 'entry:default@PreBuild' cost while wrapping incremental declarations: 1 ms 
[2026-05-27T11:56:59.292] [DEBUG] debug-file - Task 'entry:default@GenerateMetadata' cost while wrapping incremental declarations: 1 ms 
[2026-05-27T11:56:59.293] [DEBUG] debug-file - Task 'entry:default@CreateBuildProfile' cost while wrapping incremental declarations: 1 ms 
[2026-05-27T11:56:59.294] [DEBUG] debug-file - entry : default@PreCheckSyscap cost memory 0.01979827880859375
[2026-05-27T11:56:59.297] [DEBUG] debug-file - Task 'entry:default@GeneratePkgContextInfo' cost while wrapping incremental declarations: 1 ms 
[2026-05-27T11:56:59.298] [DEBUG] debug-file - entry:default@ProcessIntegratedHsp is not up-to-date, since the output file '/Users/vita/Vitemis/Outposts/Rokurics-HarmonyOS/build/cache/default/integrated_hsp/integratedHspCache.json' does not exist.
[2026-05-27T11:56:59.298] [DEBUG] debug-file - entry : default@BuildNativeWithCmake cost memory 0.017364501953125
[2026-05-27T11:56:59.299] [DEBUG] debug-file - Incremental task entry:default@MakePackInfo pre-execution cost: 1 ms .
[2026-05-27T11:56:59.299] [DEBUG] debug-file - File: '/Users/vita/Vitemis/Outposts/Rokurics-HarmonyOS/entry/src/main/syscap.json' from 'sysCapJsonPath' is not exists, just ignore.
[2026-05-27T11:56:59.305] [DEBUG] debug-file - Task 'entry:default@ProcessProfile' cost while wrapping incremental declarations: 1 ms 
[2026-05-27T11:56:59.306] [DEBUG] debug-file - Incremental task entry:default@ProcessRouterMap pre-execution cost: 1 ms .
[2026-05-27T11:56:59.307] [DEBUG] debug-file - Incremental task entry:default@ProcessShareConfig pre-execution cost: 1 ms .
[2026-05-27T11:56:59.307] [DEBUG] debug-file - Task 'entry:default@ProcessStartupConfig' cost while wrapping incremental declarations: 1 ms 
[2026-05-27T11:56:59.307] [DEBUG] debug-file - entry : default@BuildNativeWithNinja cost memory 0.02378082275390625
[2026-05-27T11:56:59.308] [DEBUG] debug-file - Task 'entry:default@ProcessResource' cost while wrapping incremental declarations: 1 ms 
[2026-05-27T11:56:59.309] [DEBUG] debug-file - Task 'entry:default@GenerateLoaderJson' cost while wrapping incremental declarations: 1 ms 
[2026-05-27T11:56:59.311] [DEBUG] debug-file - Incremental task entry:default@ProcessLibs pre-execution cost: 1 ms .
[2026-05-27T11:56:59.312] [DEBUG] debug-file - Incremental task entry:default@CompileResource pre-execution cost: 1 ms .
[2026-05-27T11:56:59.313] [DEBUG] debug-file - File: '/Users/vita/Vitemis/Outposts/Rokurics-HarmonyOS/entry/build/default/intermediates/binxo/default' from 'doBinxoNativeLibs' is not exists, just ignore.
[2026-05-27T11:56:59.313] [DEBUG] debug-file - obfuscationOptions: undefined
[2026-05-27T11:56:59.315] [DEBUG] debug-file - Task 'entry:default@BuildJS' cost while wrapping incremental declarations: 1 ms 
[2026-05-27T11:56:59.316] [DEBUG] debug-file - File: '/Users/vita/Vitemis/Outposts/Rokurics-HarmonyOS/entry/build/default/intermediates/binxo/default' from 'cacheBinxoNativeLibs' is not exists, just ignore.
[2026-05-27T11:56:59.318] [DEBUG] debug-file - Use tool [/Applications/DevEco-Studio.app/Contents/sdk/default/openharmony/toolchains/lib/app_packing_tool.jar]
 [
  'java',
  '-Dfile.encoding=utf-8',
  '-jar',
  '/Applications/DevEco-Studio.app/Contents/sdk/default/openharmony/toolchains/lib/app_packing_tool.jar',
  '--mode',
  'hap',
  '--force',
  'true',
  '--lib-path',
  '/Users/vita/Vitemis/Outposts/Rokurics-HarmonyOS/entry/build/default/intermediates/stripped_native_libs/default',
  '--json-path',
  '/Users/vita/Vitemis/Outposts/Rokurics-HarmonyOS/entry/build/default/intermediates/package/default/module.json',
  '--resources-path',
  '/Users/vita/Vitemis/Outposts/Rokurics-HarmonyOS/entry/build/default/intermediates/res/default/resources',
  '--index-path',
  '/Users/vita/Vitemis/Outposts/Rokurics-HarmonyOS/entry/build/default/intermediates/res/default/resources.index',
  '--pack-info-path',
  '/Users/vita/Vitemis/Outposts/Rokurics-HarmonyOS/entry/build/default/outputs/default/pack.info',
  '--out-path',
  '/Users/vita/Vitemis/Outposts/Rokurics-HarmonyOS/entry/build/default/outputs/default/entry-default-unsigned.hap',
  '--ets-path',
  '/Users/vita/Vitemis/Outposts/Rokurics-HarmonyOS/entry/build/default/intermediates/loader_out/default/ets',
  '--pkg-sdk-info-path',
  '/Users/vita/Vitemis/Outposts/Rokurics-HarmonyOS/entry/build/default/intermediates/loader/default/pkgSdkInfo.json'
]
[2026-05-27T11:56:58.779] [DEBUG] debug-file - env: daemon=false
[2026-05-27T11:56:59.318] [DEBUG] debug-file - Worker pool is initialized with config:  {
  minPoolNum: 2,
  maxPoolNum: undefined,
  maxCoreSize: undefined,
  cacheCapacity: undefined,
  cacheTtl: undefined
}
[2026-05-27T11:56:59.319] [DEBUG] debug-file - Create  resident worker with id: 1.
[2026-05-27T11:56:58.871] [DEBUG] debug-file - hvigorfile, resolving /Users/vita/Vitemis/Outposts/Rokurics-HarmonyOS/hvigorfile.ts
[2026-05-27T11:56:59.201] [DEBUG] debug-file - App plugin prepare end...
[2026-05-27T11:56:59.258] [DEBUG] debug-file - Plugin build process completed
[2026-05-27T11:56:59.259] [DEBUG] debug-file - Product 'default' build option initialized
[2026-05-27T11:56:59.260] [DEBUG] debug-file - Local scan or download HarmonyOS sdk components toolchains,ets,js,native,previewer
[2026-05-27T11:56:59.273] [DEBUG] debug-file - hvigorfile, no custom plugins were found in /Users/vita/Vitemis/Outposts/Rokurics-HarmonyOS/hvigorfile.ts
[2026-05-27T11:56:59.283] [DEBUG] debug-file - Start to initialize dependency information.
[2026-05-27T11:56:59.284] [DEBUG] debug-file - Module entry's total dependency: 0
[2026-05-27T11:56:59.280] [DEBUG] debug-file - Module 'entry' target 'default' build option initialized
[2026-05-27T11:56:59.290] [DEBUG] debug-file - Incremental task entry:default@PreBuild pre-execution cost: 1 ms .
[2026-05-27T11:56:59.294] [DEBUG] debug-file - Incremental task entry:default@CreateBuildProfile pre-execution cost: 1 ms .
[2026-05-27T11:56:59.292] [DEBUG] debug-file - Incremental task entry:default@GenerateMetadata pre-execution cost: 1 ms .
[2026-05-27T11:56:59.294] [DEBUG] debug-file - runTaskFromQueue task cost before running: 428 ms 
[2026-05-27T11:56:59.297] [DEBUG] debug-file - entry : default@GeneratePkgContextInfo cost memory 0.3525543212890625
[2026-05-27T11:56:59.298] [DEBUG] debug-file - runTaskFromQueue task cost before running: 432 ms 
[2026-05-27T11:56:59.299] [DEBUG] debug-file - entry : default@MakePackInfo cost memory 0.1243743896484375
[2026-05-27T11:56:59.299] [DEBUG] debug-file - Task 'entry:default@SyscapTransform' cost while wrapping incremental declarations: 1 ms 
[2026-05-27T11:56:59.306] [DEBUG] debug-file - entry : default@ProcessRouterMap cost memory 0.119659423828125
[2026-05-27T11:56:59.307] [DEBUG] debug-file - entry : default@ProcessShareConfig cost memory 0.5445938110351562
[2026-05-27T11:56:59.307] [DEBUG] debug-file - entry:default@ProcessStartupConfig is not up-to-date, since the output file '/Users/vita/Vitemis/Outposts/Rokurics-HarmonyOS/entry/build/default/intermediates/startup/default/startup_config.json' does not exist.
[2026-05-27T11:56:59.306] [DEBUG] debug-file - Incremental task entry:default@ProcessProfile pre-execution cost: 1 ms .
[2026-05-27T11:56:59.298] [DEBUG] debug-file - Incremental task entry:default@ProcessIntegratedHsp pre-execution cost: 1 ms .
[2026-05-27T11:56:59.307] [DEBUG] debug-file - runTaskFromQueue task cost before running: 441 ms 
[2026-05-27T11:56:59.308] [DEBUG] debug-file - Incremental task entry:default@ProcessResource pre-execution cost: 1 ms .
[2026-05-27T11:56:59.310] [DEBUG] debug-file - Incremental task entry:default@GenerateLoaderJson pre-execution cost: 1 ms .
[2026-05-27T11:56:59.311] [DEBUG] debug-file - entry : default@ProcessLibs cost memory 0.33612823486328125
[2026-05-27T11:56:59.312] [DEBUG] debug-file - entry : default@CompileResource cost memory 0.381927490234375
[2026-05-27T11:56:59.313] [DEBUG] debug-file - Task 'entry:default@DoNativeStrip' cost while wrapping incremental declarations: 1 ms 
[2026-05-27T11:56:59.314] [DEBUG] debug-file - Task 'entry:default@CompileArkTS' cost while wrapping incremental declarations: 1 ms 
[2026-05-27T11:56:59.316] [DEBUG] debug-file - entry : default@BuildJS cost memory 0.1472625732421875
[2026-05-27T11:56:59.316] [DEBUG] debug-file - Task 'entry:default@CacheNativeLibs' cost while wrapping incremental declarations: 1 ms 
[2026-05-27T11:56:58.779] [DEBUG] debug-file - no-daemon, use the parent process.execArgv --max-old-space-size=8192,--max-semi-space-size=16,--expose-gc
[2026-05-27T11:56:59.320] [DEBUG] debug-file - default@PackageHap work[0] is submitted.
[2026-05-27T11:56:59.201] [DEBUG] debug-file - App plugin creating...
[2026-05-27T11:56:59.259] [DEBUG] debug-file - End initialize project's product build option map with build mode 'debug'.
[2026-05-27T11:56:59.261] [DEBUG] debug-file - Local scan or download hmscore sdk components toolchains,ets,native
[2026-05-27T11:56:59.273] [DEBUG] debug-file - hvigorfile, resolve finished /Users/vita/Vitemis/Outposts/Rokurics-HarmonyOS/hvigorfile.ts
[2026-05-27T11:56:59.284] [DEBUG] debug-file - Module Rokurics-HarmonyOS Collected Dependency: 
[2026-05-27T11:56:59.285] [DEBUG] debug-file - Configuration phase cost:415 ms 
[2026-05-27T11:56:59.280] [DEBUG] debug-file - End initialize module-target build option map, moduleName=entry
[2026-05-27T11:56:59.290] [DEBUG] debug-file - entry : default@PreBuild cost memory 0.5344009399414062
[2026-05-27T11:56:59.294] [DEBUG] debug-file - entry : default@CreateBuildProfile cost memory 0.1056976318359375
[2026-05-27T11:56:59.292] [DEBUG] debug-file - entry : default@GenerateMetadata cost memory 0.3159332275390625
[2026-05-27T11:56:59.294] [INFO] debug-file - Finished :entry:default@PreCheckSyscap... after 1 ms 
[2026-05-27T11:56:59.297] [DEBUG] debug-file - runTaskFromQueue task cost before running: 430 ms 
[2026-05-27T11:56:59.298] [INFO] debug-file - Finished :entry:default@BuildNativeWithCmake... after 1 ms 
[2026-05-27T11:56:59.299] [INFO] debug-file - UP-TO-DATE :entry:default@MakePackInfo...  
[2026-05-27T11:56:59.304] [DEBUG] debug-file - entry:default@SyscapTransform is not up-to-date, since the output file '/Users/vita/Vitemis/Outposts/Rokurics-HarmonyOS/entry/build/default/intermediates/syscap/default/rpcid.sc' does not exist.
[2026-05-27T11:56:59.307] [INFO] debug-file - UP-TO-DATE :entry:default@ProcessShareConfig...  
[2026-05-27T11:56:59.306] [INFO] debug-file - UP-TO-DATE :entry:default@ProcessRouterMap...  
[2026-05-27T11:56:59.306] [DEBUG] debug-file - entry : default@ProcessProfile cost memory 0.1710205078125
[2026-05-27T11:56:59.307] [DEBUG] debug-file - Incremental task entry:default@ProcessStartupConfig pre-execution cost: 1 ms .
[2026-05-27T11:56:59.307] [INFO] debug-file - Finished :entry:default@BuildNativeWithNinja... after 1 ms 
[2026-05-27T11:56:59.298] [DEBUG] debug-file - entry : default@ProcessIntegratedHsp cost memory -0.2562255859375
[2026-05-27T11:56:59.310] [DEBUG] debug-file - entry : default@GenerateLoaderJson cost memory 0.29981231689453125
[2026-05-27T11:56:59.308] [DEBUG] debug-file - entry : default@ProcessResource cost memory 0.13836669921875
[2026-05-27T11:56:59.312] [INFO] debug-file - UP-TO-DATE :entry:default@CompileResource...  
[2026-05-27T11:56:59.311] [INFO] debug-file - UP-TO-DATE :entry:default@ProcessLibs...  
[2026-05-27T11:56:59.315] [DEBUG] debug-file - Incremental task entry:default@CompileArkTS pre-execution cost: 1 ms .
[2026-05-27T11:56:59.316] [DEBUG] debug-file - runTaskFromQueue task cost before running: 449 ms 
[2026-05-27T11:56:59.316] [DEBUG] debug-file - Incremental task entry:default@CacheNativeLibs pre-execution cost: 1 ms .
[2026-05-27T11:56:59.320] [DEBUG] debug-file - default@PackageHap work[0] is pushed to ready queue.
[2026-05-27T11:56:59.313] [DEBUG] debug-file - Incremental task entry:default@DoNativeStrip pre-execution cost: 1 ms .
[2026-05-27T11:56:59.274] [DEBUG] debug-file - hvigorfile, resolving /Users/vita/Vitemis/Outposts/Rokurics-HarmonyOS/entry/hvigorfile.ts
[2026-05-27T11:56:59.284] [DEBUG] debug-file - Module Rokurics-HarmonyOS's total dependency: 0
[2026-05-27T11:56:59.286] [DEBUG] debug-file - Configuration task cost before running: 420 ms 
[2026-05-27T11:56:59.280] [DEBUG] debug-file - Start initialize module-target build option map, moduleName=entry, buildMode=release
[2026-05-27T11:56:59.291] [INFO] debug-file - UP-TO-DATE :entry:default@PreBuild...  
[2026-05-27T11:56:59.294] [INFO] debug-file - UP-TO-DATE :entry:default@CreateBuildProfile...  
[2026-05-27T11:56:59.292] [INFO] debug-file - UP-TO-DATE :entry:default@GenerateMetadata...  
[2026-05-27T11:56:59.297] [INFO] debug-file - Finished :entry:default@GeneratePkgContextInfo... after 3 ms 
[2026-05-27T11:56:59.304] [DEBUG] debug-file - Incremental task entry:default@SyscapTransform pre-execution cost: 5 ms .
[2026-05-27T11:56:59.306] [INFO] debug-file - UP-TO-DATE :entry:default@ProcessProfile...  
[2026-05-27T11:56:59.307] [DEBUG] debug-file - entry : default@ProcessStartupConfig cost memory 0.0848541259765625
[2026-05-27T11:56:59.308] [DEBUG] debug-file - restool module names: entry; moduleName=entry, taskName=default@ProcessResource
[2026-05-27T11:56:59.298] [DEBUG] debug-file - runTaskFromQueue task cost before running: 432 ms 
[2026-05-27T11:56:59.310] [INFO] debug-file - UP-TO-DATE :entry:default@GenerateLoaderJson...  
[2026-05-27T11:56:59.309] [INFO] debug-file - UP-TO-DATE :entry:default@ProcessResource...  
[2026-05-27T11:56:59.311] [DEBUG] debug-file - restool module names: entry; moduleName=entry, taskName=default@CompileResource
[2026-05-27T11:56:59.315] [DEBUG] debug-file - entry : default@CompileArkTS cost memory 0.64117431640625
[2026-05-27T11:56:59.316] [INFO] debug-file - Finished :entry:default@BuildJS... after 1 ms 
[2026-05-27T11:56:59.316] [DEBUG] debug-file - entry : default@CacheNativeLibs cost memory 0.0888214111328125
[2026-05-27T11:56:59.320] [DEBUG] debug-file - A work dispatched to worker[9] failed because unable to get work from ready queue.
[2026-05-27T11:56:59.313] [DEBUG] debug-file - entry : default@DoNativeStrip cost memory 0.07581329345703125
[2026-05-27T11:56:59.276] [DEBUG] debug-file - hvigorfile, require result:  { default: { system: [Function: hapTasks], plugins: [] } }
[2026-05-27T11:56:59.280] [DEBUG] debug-file - Target 'default' config initialized
[2026-05-27T11:56:59.291] [DEBUG] debug-file - Executing task :entry:default@CreateModuleInfo
[2026-05-27T11:56:59.292] [DEBUG] debug-file - Executing task :entry:default@ConfigureCmake
[2026-05-27T11:56:59.297] [DEBUG] debug-file - Executing task :entry:default@GeneratePkgSdkInfo
[2026-05-27T11:56:59.304] [DEBUG] debug-file - entry : default@SyscapTransform cost memory 0.126861572265625
[2026-05-27T11:56:59.307] [DEBUG] debug-file - runTaskFromQueue task cost before running: 441 ms 
[2026-05-27T11:56:59.298] [INFO] debug-file - Finished :entry:default@ProcessIntegratedHsp... after 1 ms 
[2026-05-27T11:56:59.315] [INFO] debug-file - UP-TO-DATE :entry:default@CompileArkTS...  
[2026-05-27T11:56:59.316] [INFO] debug-file - UP-TO-DATE :entry:default@CacheNativeLibs...  
[2026-05-27T11:56:59.320] [DEBUG] debug-file - Create  resident worker with id: 8.
[2026-05-27T11:56:59.313] [INFO] debug-file - UP-TO-DATE :entry:default@DoNativeStrip...  
[2026-05-27T11:56:59.276] [DEBUG] debug-file - hvigorfile, binding system plugins [Function: hapTasks]
[2026-05-27T11:56:59.280] [DEBUG] debug-file - Module 'entry' target 'default' build option initialized
[2026-05-27T11:56:59.291] [DEBUG] debug-file - Task 'entry:default@CreateModuleInfo' cost while wrapping incremental declarations: 1 ms 
[2026-05-27T11:56:59.292] [DEBUG] debug-file - entry : default@ConfigureCmake cost memory 0.0162811279296875
[2026-05-27T11:56:59.297] [DEBUG] debug-file - Task 'entry:default@GeneratePkgSdkInfo' cost while wrapping incremental declarations: 1 ms 
[2026-05-27T11:56:59.304] [DEBUG] debug-file - runTaskFromQueue task cost before running: 438 ms 
[2026-05-27T11:56:59.307] [INFO] debug-file - Finished :entry:default@ProcessStartupConfig... after 1 ms 
[2026-05-27T11:56:59.316] [DEBUG] debug-file - Executing task :entry:default@GeneratePkgModuleJson
[2026-05-27T11:56:59.320] [DEBUG] debug-file - default@PackageHap work[0] has been dispatched to worker[8].
[2026-05-27T11:56:59.277] [DEBUG] debug-file - Starting plugin build process
[2026-05-27T11:56:59.280] [DEBUG] debug-file - End initialize module-target build option map, moduleName=entry
[2026-05-27T11:56:59.291] [DEBUG] debug-file - entry : default@CreateModuleInfo cost memory 0.05759429931640625
[2026-05-27T11:56:59.292] [DEBUG] debug-file - runTaskFromQueue task cost before running: 426 ms 
[2026-05-27T11:56:59.297] [DEBUG] debug-file - Incremental task entry:default@GeneratePkgSdkInfo pre-execution cost: 1 ms .
[2026-05-27T11:56:59.304] [INFO] debug-file - Finished :entry:default@SyscapTransform... after 6 ms 
[2026-05-27T11:56:59.316] [DEBUG] debug-file - File: '/Users/vita/Vitemis/Outposts/Rokurics-HarmonyOS/entry/build/default/intermediates/preload/default/preload.json' from 'preloadSoJsonPath' is not exists, just ignore.
[2026-05-27T11:56:59.320] [DEBUG] debug-file - default@PackageHap work[0] is dispatched.
[2026-05-27T11:56:59.277] [DEBUG] debug-file - Hap plugin creating...
[2026-05-27T11:56:59.280] [DEBUG] debug-file - Start initialize module-target build option map, moduleName=entry, buildMode=debug
[2026-05-27T11:56:59.291] [DEBUG] debug-file - runTaskFromQueue task cost before running: 425 ms 
[2026-05-27T11:56:59.292] [INFO] debug-file - Finished :entry:default@ConfigureCmake... after 1 ms 
[2026-05-27T11:56:59.297] [DEBUG] debug-file - entry : default@GeneratePkgSdkInfo cost memory 0.283355712890625
[2026-05-27T11:56:59.317] [DEBUG] debug-file - Error occurs while handling @Input 'shouldDeduplicateHar': The "data" argument must be of type string or an instance of Buffer, TypedArray, or DataView. Received undefined
[2026-05-27T11:56:59.321] [DEBUG] debug-file - entry : default@PackageHap cost memory 0.896728515625
[2026-05-27T11:56:59.280] [DEBUG] debug-file - Target 'default' config initialized
[2026-05-27T11:56:59.291] [INFO] debug-file - Finished :entry:default@CreateModuleInfo... after 1 ms 
[2026-05-27T11:56:59.292] [DEBUG] debug-file - Executing task :entry:default@MergeProfile
[2026-05-27T11:56:59.297] [INFO] debug-file - UP-TO-DATE :entry:default@GeneratePkgSdkInfo...  
[2026-05-27T11:56:59.317] [DEBUG] debug-file - Task 'entry:default@GeneratePkgModuleJson' cost while wrapping incremental declarations: 1 ms 
[2026-05-27T11:56:59.280] [DEBUG] debug-file - Module 'entry' target 'default' build option initialized
[2026-05-27T11:56:59.292] [DEBUG] debug-file - Task 'entry:default@MergeProfile' cost while wrapping incremental declarations: 1 ms 
[2026-05-27T11:56:59.317] [DEBUG] debug-file - Incremental task entry:default@GeneratePkgModuleJson pre-execution cost: 1 ms .
[2026-05-27T11:56:59.280] [DEBUG] debug-file - End initialize module-target build option map, moduleName=entry
[2026-05-27T11:56:59.293] [DEBUG] debug-file - Incremental task entry:default@MergeProfile pre-execution cost: 1 ms .
[2026-05-27T11:56:59.317] [DEBUG] debug-file - entry : default@GeneratePkgModuleJson cost memory 0.07715606689453125
[2026-05-27T11:56:59.280] [DEBUG] debug-file - Obtain build option for module 'entry' target 'default'in this build.
[2026-05-27T11:56:59.293] [DEBUG] debug-file - entry : default@MergeProfile cost memory -0.05744171142578125
[2026-05-27T11:56:59.317] [INFO] debug-file - UP-TO-DATE :entry:default@GeneratePkgModuleJson...  
[2026-05-27T11:56:59.282] [DEBUG] debug-file - Module entry task initialization takes 2 ms 
[2026-05-27T11:56:59.293] [INFO] debug-file - UP-TO-DATE :entry:default@MergeProfile...  
[2026-05-27T11:56:59.317] [DEBUG] debug-file - Executing task :entry:default@ProcessCompiledResources
[2026-05-27T11:56:59.282] [DEBUG] debug-file - Hap plugin register hook start...
[2026-05-27T11:56:59.317] [DEBUG] debug-file - File: '/Users/vita/Vitemis/Outposts/Rokurics-HarmonyOS/entry/build/default/intermediates/preload/default/preload.json' from 'preloadSoJsonPath' is not exists, just ignore.
[2026-05-27T11:56:59.282] [DEBUG] debug-file - Hap plugin register hook end...
[2026-05-27T11:56:59.317] [DEBUG] debug-file - Task 'entry:default@ProcessCompiledResources' cost while wrapping incremental declarations: 1 ms 
[2026-05-27T11:56:59.282] [DEBUG] debug-file - Plugin build process completed
[2026-05-27T11:56:59.317] [DEBUG] debug-file - entry : default@ProcessCompiledResources cost memory 0.05434417724609375
[2026-05-27T11:56:59.282] [DEBUG] debug-file - hvigorfile, begin to bind custom plugins...
[2026-05-27T11:56:59.317] [DEBUG] debug-file - runTaskFromQueue task cost before running: 450 ms 
[2026-05-27T11:56:59.282] [DEBUG] debug-file - hvigorfile, no custom plugins were found in /Users/vita/Vitemis/Outposts/Rokurics-HarmonyOS/entry/hvigorfile.ts
[2026-05-27T11:56:59.317] [INFO] debug-file - Finished :entry:default@ProcessCompiledResources... after 1 ms 
[2026-05-27T11:56:59.282] [DEBUG] debug-file - hvigorfile, resolve finished /Users/vita/Vitemis/Outposts/Rokurics-HarmonyOS/entry/hvigorfile.ts
[2026-05-27T11:56:59.526] [DEBUG] debug-file - current process  memoryUsage: {
  rss: 416399360,
  heapTotal: 78135296,
  heapUsed: 59414160,
  external: 3815159,
  arrayBuffers: 18671
} os memoryUsage :23.769012451171875
[2026-05-27T11:56:59.830] [DEBUG] debug-file - worker[8] has one work done.
[2026-05-27T11:56:59.830] [DEBUG] debug-file - default@PackageHap work[0] done.
[2026-05-27T11:56:59.831] [DEBUG] debug-file - Executing task :entry:default@PackingCheck
[2026-05-27T11:56:59.833] [DEBUG] debug-file - Executing task :entry:default@SignHap
[2026-05-27T11:56:59.834] [DEBUG] debug-file - Executing task :entry:default@CollectDebugSymbol
[2026-05-27T11:56:59.830] [DEBUG] debug-file - A work dispatched to worker[8] failed because unable to get work from ready queue.
[2026-05-27T11:56:59.832] [DEBUG] debug-file - entry : default@PackingCheck cost memory 0.4655609130859375
[2026-05-27T11:56:59.833] [WARN] debug-file - Will skip sign 'hos_hap'. No signingConfigs profile is configured in current project.
             If needed, configure the signingConfigs in /Users/vita/Vitemis/Outposts/Rokurics-HarmonyOS/build-profile.json5.
[2026-05-27T11:56:59.834] [DEBUG] debug-file - entry : default@CollectDebugSymbol cost memory 0.090576171875
[2026-05-27T11:56:59.830] [INFO] debug-file - Finished :entry:default@PackageHap... after 309 ms 
[2026-05-27T11:56:59.833] [DEBUG] debug-file - runTaskFromQueue task cost before running: 966 ms 
[2026-05-27T11:56:59.833] [DEBUG] debug-file - entry:default@SignHap is not up-to-date, since the input file '/Users/vita/Vitemis/Outposts/Rokurics-HarmonyOS/entry/build/default/outputs/default/entry-default-unsigned.hap' has been changed.
[2026-05-27T11:56:59.834] [DEBUG] debug-file - runTaskFromQueue task cost before running: 967 ms 
[2026-05-27T11:56:59.833] [INFO] debug-file - Finished :entry:default@PackingCheck... after 2 ms 
[2026-05-27T11:56:59.833] [DEBUG] debug-file - Incremental task entry:default@SignHap pre-execution cost: 1 ms .
[2026-05-27T11:56:59.834] [INFO] debug-file - Finished :entry:default@CollectDebugSymbol... after 1 ms 
[2026-05-27T11:56:59.833] [DEBUG] debug-file - entry : default@SignHap cost memory 0.08929443359375
[2026-05-27T11:56:59.834] [DEBUG] debug-file - Executing task :entry:assembleHap
[2026-05-27T11:56:59.833] [DEBUG] debug-file - runTaskFromQueue task cost before running: 967 ms 
[2026-05-27T11:56:59.834] [DEBUG] debug-file - entry : assembleHap cost memory 0.01580810546875
[2026-05-27T11:56:59.833] [INFO] debug-file - Finished :entry:default@SignHap... after 1 ms 
[2026-05-27T11:56:59.834] [DEBUG] debug-file - runTaskFromQueue task cost before running: 967 ms 
[2026-05-27T11:56:59.834] [INFO] debug-file - Finished :entry:assembleHap... after 1 ms 
[2026-05-27T11:56:59.834] [INFO] debug-file - BUILD SUCCESSFUL in 968 ms 
[2026-05-27T11:56:59.835] [DEBUG] debug-file - There is no need to refresh cache, since the incremental task entry:default@PreBuild is up-to-date.
[2026-05-27T11:56:59.835] [DEBUG] debug-file - Update task entry:default@CreateModuleInfo output file:/Users/vita/Vitemis/Outposts/Rokurics-HarmonyOS/entry/build/default/generated/profile/default/ModuleInfo.ts cache.
[2026-05-27T11:56:59.835] [DEBUG] debug-file - Incremental task entry:default@CreateModuleInfo post-execution cost:1 ms .
[2026-05-27T11:56:59.835] [DEBUG] debug-file - There is no need to refresh cache, since the incremental task entry:default@GenerateMetadata is up-to-date.
[2026-05-27T11:56:59.835] [DEBUG] debug-file - There is no need to refresh cache, since the incremental task entry:default@MergeProfile is up-to-date.
[2026-05-27T11:56:59.835] [DEBUG] debug-file - There is no need to refresh cache, since the incremental task entry:default@CreateBuildProfile is up-to-date.
[2026-05-27T11:56:59.835] [DEBUG] debug-file - Update task entry:default@GeneratePkgContextInfo output file:/Users/vita/Vitemis/Outposts/Rokurics-HarmonyOS/entry/build/default/intermediates/loader/default/pkgContextInfo.json cache.
[2026-05-27T11:56:59.835] [DEBUG] debug-file - Incremental task entry:default@GeneratePkgContextInfo post-execution cost:1 ms .
[2026-05-27T11:56:59.835] [DEBUG] debug-file - There is no need to refresh cache, since the incremental task entry:default@GeneratePkgSdkInfo is up-to-date.
[2026-05-27T11:56:59.835] [DEBUG] debug-file - Update task entry:default@ProcessIntegratedHsp output file:/Users/vita/Vitemis/Outposts/Rokurics-HarmonyOS/build/cache/default/integrated_hsp/integratedHspCache.json cache.
[2026-05-27T11:56:59.835] [DEBUG] debug-file - Incremental task entry:default@ProcessIntegratedHsp post-execution cost:1 ms .
[2026-05-27T11:56:59.835] [DEBUG] debug-file - There is no need to refresh cache, since the incremental task entry:default@MakePackInfo is up-to-date.
[2026-05-27T11:56:59.835] [DEBUG] debug-file - Update task entry:default@SyscapTransform input file:/Applications/DevEco-Studio.app/Contents/sdk/default/openharmony/toolchains/syscap_tool cache by regenerate.
[2026-05-27T11:56:59.835] [DEBUG] debug-file - Update task entry:default@SyscapTransform input file:/Applications/DevEco-Studio.app/Contents/sdk/default/openharmony/ets/api/device-define cache by regenerate.
[2026-05-27T11:56:59.835] [DEBUG] debug-file - Update task entry:default@SyscapTransform output file:/Users/vita/Vitemis/Outposts/Rokurics-HarmonyOS/entry/build/default/intermediates/syscap/default/rpcid.sc cache.
[2026-05-27T11:56:59.835] [DEBUG] debug-file - Incremental task entry:default@SyscapTransform post-execution cost:1 ms .
[2026-05-27T11:56:59.835] [DEBUG] debug-file - There is no need to refresh cache, since the incremental task entry:default@ProcessProfile is up-to-date.
[2026-05-27T11:56:59.835] [DEBUG] debug-file - There is no need to refresh cache, since the incremental task entry:default@ProcessRouterMap is up-to-date.
[2026-05-27T11:56:59.835] [DEBUG] debug-file - There is no need to refresh cache, since the incremental task entry:default@ProcessShareConfig is up-to-date.
[2026-05-27T11:56:59.835] [DEBUG] debug-file - Update task entry:default@ProcessStartupConfig output file:/Users/vita/Vitemis/Outposts/Rokurics-HarmonyOS/entry/build/default/intermediates/startup/default/startup_config.json cache.
[2026-05-27T11:56:59.835] [DEBUG] debug-file - Incremental task entry:default@ProcessStartupConfig post-execution cost:1 ms .
[2026-05-27T11:56:59.835] [DEBUG] debug-file - There is no need to refresh cache, since the incremental task entry:default@ProcessResource is up-to-date.
[2026-05-27T11:56:59.835] [DEBUG] debug-file - There is no need to refresh cache, since the incremental task entry:default@GenerateLoaderJson is up-to-date.
[2026-05-27T11:56:59.835] [DEBUG] debug-file - There is no need to refresh cache, since the incremental task entry:default@ProcessLibs is up-to-date.
[2026-05-27T11:56:59.835] [DEBUG] debug-file - There is no need to refresh cache, since the incremental task entry:default@CompileResource is up-to-date.
[2026-05-27T11:56:59.835] [DEBUG] debug-file - There is no need to refresh cache, since the incremental task entry:default@DoNativeStrip is up-to-date.
[2026-05-27T11:56:59.835] [DEBUG] debug-file - There is no need to refresh cache, since the incremental task entry:default@CompileArkTS is up-to-date.
[2026-05-27T11:56:59.835] [DEBUG] debug-file - Update task entry:default@BuildJS input file:/Users/vita/Vitemis/Outposts/Rokurics-HarmonyOS/entry/build/default/intermediates/loader/default cache by regenerate.
[2026-05-27T11:56:59.835] [DEBUG] debug-file - Update task entry:default@BuildJS input file:/Users/vita/Vitemis/Outposts/Rokurics-HarmonyOS/entry/build/default/intermediates/res/default/resources/rawfile cache by regenerate.
[2026-05-27T11:56:59.835] [DEBUG] debug-file - Update task entry:default@BuildJS input file:/Users/vita/Vitemis/Outposts/Rokurics-HarmonyOS/entry/build/default/intermediates/res/default/ResourceTable.txt cache by regenerate.
[2026-05-27T11:56:59.835] [DEBUG] debug-file - Update task entry:default@BuildJS input file:/Users/vita/Vitemis/Outposts/Rokurics-HarmonyOS/entry/build/default/intermediates/res/default/ark_module.json cache by regenerate.
[2026-05-27T11:56:59.835] [DEBUG] debug-file - Update task entry:default@BuildJS input file:/Users/vita/Vitemis/Outposts/Rokurics-HarmonyOS/entry/build/default/intermediates/res/default/resources/base/profile cache by regenerate.
[2026-05-27T11:56:59.835] [DEBUG] debug-file - Update task entry:default@BuildJS output file:/Users/vita/Vitemis/Outposts/Rokurics-HarmonyOS/entry/build/default/intermediates/loader_out/default/js cache.
[2026-05-27T11:56:59.835] [DEBUG] debug-file - Incremental task entry:default@BuildJS post-execution cost:1 ms .
[2026-05-27T11:56:59.835] [DEBUG] debug-file - There is no need to refresh cache, since the incremental task entry:default@CacheNativeLibs is up-to-date.
[2026-05-27T11:56:59.835] [DEBUG] debug-file - There is no need to refresh cache, since the incremental task entry:default@GeneratePkgModuleJson is up-to-date.
[2026-05-27T11:56:59.835] [DEBUG] debug-file - Incremental task entry:default@ProcessCompiledResources post-execution cost:1 ms .
[2026-05-27T11:56:59.835] [DEBUG] debug-file - Update task entry:default@PackageHap input file:/Users/vita/Vitemis/Outposts/Rokurics-HarmonyOS/entry/build/default/intermediates/stripped_native_libs/default cache by regenerate.
[2026-05-27T11:56:59.835] [DEBUG] debug-file - Update task entry:default@PackageHap input file:/Users/vita/Vitemis/Outposts/Rokurics-HarmonyOS/entry/build/default/intermediates/res/default/module.json cache by regenerate.
[2026-05-27T11:56:59.835] [DEBUG] debug-file - Update task entry:default@PackageHap input file:/Users/vita/Vitemis/Outposts/Rokurics-HarmonyOS/entry/build/default/intermediates/res/default/resources cache by regenerate.
[2026-05-27T11:56:59.835] [DEBUG] debug-file - Update task entry:default@PackageHap input file:/Users/vita/Vitemis/Outposts/Rokurics-HarmonyOS/entry/build/default/intermediates/res/default/resources.index cache by regenerate.
[2026-05-27T11:56:59.835] [DEBUG] debug-file - Update task entry:default@PackageHap input file:/Users/vita/Vitemis/Outposts/Rokurics-HarmonyOS/entry/build/default/outputs/default/pack.info cache by regenerate.
[2026-05-27T11:56:59.835] [DEBUG] debug-file - Update task entry:default@PackageHap input file:/Users/vita/Vitemis/Outposts/Rokurics-HarmonyOS/entry/build/default/intermediates/loader_out/default/ets cache by regenerate.
[2026-05-27T11:56:59.835] [DEBUG] debug-file - Update task entry:default@PackageHap input file:/Users/vita/Vitemis/Outposts/Rokurics-HarmonyOS/entry/build/default/intermediates/loader/default/pkgSdkInfo.json cache by regenerate.
[2026-05-27T11:56:59.836] [DEBUG] debug-file - Update task entry:default@PackageHap input file:/Users/vita/Vitemis/Outposts/Rokurics-HarmonyOS/entry/build/default/intermediates/loader_out/default/ets/sourceMaps.map cache by regenerate.
[2026-05-27T11:56:59.836] [DEBUG] debug-file - Update task entry:default@PackageHap input file:/Users/vita/Vitemis/Outposts/Rokurics-HarmonyOS/entry/build/default/generated/profile/default/BuildProfile.ets cache by regenerate.
[2026-05-27T11:56:59.836] [DEBUG] debug-file - Update task entry:default@PackageHap output file:/Users/vita/Vitemis/Outposts/Rokurics-HarmonyOS/entry/build/default/outputs/default/entry-default-unsigned.hap cache.
[2026-05-27T11:56:59.836] [DEBUG] debug-file - Update task entry:default@PackageHap output file:/Users/vita/Vitemis/Outposts/Rokurics-HarmonyOS/entry/build/default/intermediates/source_map/default/sourceMaps.map cache.
[2026-05-27T11:56:59.836] [DEBUG] debug-file - Update task entry:default@PackageHap output file:/Users/vita/Vitemis/Outposts/Rokurics-HarmonyOS/entry/build/default/outputs/default/mapping/sourceMaps.map cache.
[2026-05-27T11:56:59.836] [DEBUG] debug-file - Incremental task entry:default@PackageHap post-execution cost:1 ms .
[2026-05-27T11:56:59.836] [DEBUG] debug-file - Update task entry:default@SignHap input file:/Users/vita/Vitemis/Outposts/Rokurics-HarmonyOS/entry/build/default/outputs/default/entry-default-unsigned.hap cache from map.
[2026-05-27T11:56:59.836] [DEBUG] debug-file - Update task entry:default@SignHap output file:/Users/vita/Vitemis/Outposts/Rokurics-HarmonyOS/entry/build/default/outputs/default/entry-default-signed.hap cache.
[2026-05-27T11:56:59.836] [DEBUG] debug-file - Incremental task entry:default@SignHap post-execution cost:1 ms .
[2026-05-27T11:56:59.836] [DEBUG] debug-file - Update task entry:default@CollectDebugSymbol input file:/Users/vita/Vitemis/Outposts/Rokurics-HarmonyOS/entry/build/default/intermediates/loader_out/default/ets/sourceMaps.map cache by regenerate.
[2026-05-27T11:56:59.836] [DEBUG] debug-file - Update task entry:default@CollectDebugSymbol input file:/Users/vita/Vitemis/Outposts/Rokurics-HarmonyOS/entry/build/default/intermediates/libs/default cache by regenerate.
[2026-05-27T11:56:59.836] [DEBUG] debug-file - Update task entry:default@CollectDebugSymbol output file:/Users/vita/Vitemis/Outposts/Rokurics-HarmonyOS/entry/build/default/outputs/default/symbol cache.
[2026-05-27T11:56:59.836] [DEBUG] debug-file - Incremental task entry:default@CollectDebugSymbol post-execution cost:1 ms .
[2026-05-27T11:56:59.839] [DEBUG] debug-file - Current worker pool is stopped or closed.
[2026-05-27T11:56:59.839] [DEBUG] debug-file - Clear worker 0.
[2026-05-27T11:56:59.839] [DEBUG] debug-file - Worker 0 has been cleared.
[2026-05-27T11:56:59.839] [DEBUG] debug-file - Current idle worker size: 2.
[2026-05-27T11:56:59.839] [DEBUG] debug-file - Current busy worker size: 0.
[2026-05-27T11:56:59.839] [DEBUG] debug-file - Clear worker 1.
[2026-05-27T11:56:59.839] [DEBUG] debug-file - Worker 1 has been cleared.
[2026-05-27T11:56:59.839] [DEBUG] debug-file - Current idle worker size: 1.
[2026-05-27T11:56:59.839] [DEBUG] debug-file - Current busy worker size: 0.
[2026-05-27T11:56:59.839] [DEBUG] debug-file - Clear worker 8.
[2026-05-27T11:56:59.839] [DEBUG] debug-file - Worker 8 has been cleared.
[2026-05-27T11:56:59.839] [DEBUG] debug-file - Current idle worker size: 0.
[2026-05-27T11:56:59.839] [DEBUG] debug-file - Current busy worker size: 0.
[2026-05-27T11:56:59.839] [DEBUG] debug-file - hvigor build process will be closed.
[2026-05-27T11:56:59.839] [DEBUG] debug-file - worker[0] exits with exit code 1.
[2026-05-27T11:56:59.840] [DEBUG] debug-file - worker[1] exits with exit code 1.
[2026-05-27T11:56:59.840] [DEBUG] debug-file - Current worker pool is terminated.
[2026-05-27T11:56:59.840] [DEBUG] debug-file - worker[8] exits with exit code 1.
[2026-05-27T19:38:00.900] [DEBUG] debug-file - env: nodejsVersion=v18.20.1
[2026-05-27T19:38:00.910] [DEBUG] debug-file - env: daemon=true
[2026-05-27T19:38:00.901] [DEBUG] debug-file - env: hvigor-config.json5 content = { modelVersion: '5.0.0', dependencies: {} }
[2026-05-27T19:38:01.100] [DEBUG] debug-file - java daemon tryConnect failed Error: connect ECONNREFUSED 127.0.0.1:45051
[2026-05-27T19:38:01.103] [DEBUG] debug-file - java daemon started at port 45050 pid 7834
[2026-05-27T19:38:01.115] [DEBUG] debug-file - session manager: set active socket. socketId=VWiab5DcKQP8w47QAAAB
[2026-05-27T19:38:01.289] [DEBUG] debug-file - watch worker: worker id should be larger than 0. Nothing will be sent to any worker thread.
[2026-05-27T19:38:01.290] [DEBUG] debug-file - Since there is no instance or instance is terminated, create a new worker pool.
[2026-05-27T19:38:01.290] [DEBUG] debug-file - Worker pool is initialized with config:  {
  minPoolNum: 2,
  maxPoolNum: undefined,
  maxCoreSize: undefined,
  cacheCapacity: undefined,
  cacheTtl: undefined
}
[2026-05-27T19:38:01.290] [DEBUG] debug-file - Create  resident worker with id: 0.
[2026-05-27T19:38:01.291] [DEBUG] debug-file - Create  resident worker with id: 1.
[2026-05-27T19:38:01.292] [DEBUG] debug-file - Workers' log level updated to INFO
[2026-05-27T19:38:01.295] [DEBUG] debug-file - Hvigor init with startParameters:{
  hvigorfileTypeCheck: false,
  parallelExecution: true,
  incrementalExecution: true,
  printStackTrace: false,
  daemon: true,
  analyze: 0,
  logLevel: Level { level: 20000, levelStr: 'INFO', colour: 'green' },
  optimizationStrategy: 'memory',
  hotCompile: undefined,
  hotReloadBuild: undefined,
  customizedParam: undefined
}
[2026-05-27T19:38:01.297] [DEBUG] debug-file - Cache service initialization finished in 3 ms 
[2026-05-27T19:38:01.298] [DEBUG] debug-file - hvigorfile, resolving /Users/vita/Vitemis/Outposts/Rokurics-HarmonyOS/hvigorfile.ts
[2026-05-27T19:38:01.846] [DEBUG] debug-file - hvigorfile, require result:  { default: { plugins: [] } }
[2026-05-27T19:38:01.847] [DEBUG] debug-file - hvigorfile, binding system plugins null
[2026-05-27T19:38:01.847] [DEBUG] debug-file - Starting plugin build process
[2026-05-27T19:38:01.847] [DEBUG] debug-file - App plugin prepare start...
[2026-05-27T19:38:01.847] [DEBUG] debug-file - App plugin prepare end...
[2026-05-27T19:38:01.847] [DEBUG] debug-file - App plugin creating...
[2026-05-27T19:38:01.913] [DEBUG] debug-file - App plugin register hook start...
[2026-05-27T19:38:01.913] [DEBUG] debug-file - App plugin register hook end...
[2026-05-27T19:38:01.913] [DEBUG] debug-file - Plugin build process completed
[2026-05-27T19:38:01.914] [DEBUG] debug-file - Start initialize project's product build option map with build mode debug.
[2026-05-27T19:38:01.914] [DEBUG] debug-file - Picking option from product 'default' with build mode 'debug'.
[2026-05-27T19:38:01.914] [DEBUG] debug-file - Product 'default' build option initialized
[2026-05-27T19:38:01.914] [DEBUG] debug-file - End initialize project's product build option map with build mode 'debug'.
[2026-05-27T19:38:01.915] [DEBUG] debug-file - Obtain build option for product 'default'in this build.
[2026-05-27T19:38:01.915] [DEBUG] debug-file - No signingConfig found, initRemoteHspCache failed.
[2026-05-27T19:38:01.916] [DEBUG] debug-file - Local scan or download HarmonyOS sdk components toolchains,ets,js,native,previewer
[2026-05-27T19:38:01.917] [DEBUG] debug-file - Local scan or download hmscore sdk components toolchains,ets,native
[2026-05-27T19:38:01.918] [DEBUG] debug-file - Start recording SDK configuration permission data.
[2026-05-27T19:38:01.932] [DEBUG] debug-file - Sdk init in 17 ms 
[2026-05-27T19:38:01.934] [DEBUG] debug-file - Project task initialization takes 2 ms 
[2026-05-27T19:38:01.934] [DEBUG] debug-file - hvigorfile, begin to bind custom plugins...
[2026-05-27T19:38:01.934] [DEBUG] debug-file - hvigorfile, no custom plugins were found in /Users/vita/Vitemis/Outposts/Rokurics-HarmonyOS/hvigorfile.ts
[2026-05-27T19:38:01.934] [DEBUG] debug-file - hvigorfile, resolve finished /Users/vita/Vitemis/Outposts/Rokurics-HarmonyOS/hvigorfile.ts
[2026-05-27T19:38:01.935] [DEBUG] debug-file - hvigorfile, resolving /Users/vita/Vitemis/Outposts/Rokurics-HarmonyOS/entry/hvigorfile.ts
[2026-05-27T19:38:01.937] [DEBUG] debug-file - hvigorfile, require result:  { default: { plugins: [] } }
[2026-05-27T19:38:01.937] [DEBUG] debug-file - hvigorfile, binding system plugins null
[2026-05-27T19:38:01.937] [DEBUG] debug-file - Starting plugin build process
[2026-05-27T19:38:01.937] [DEBUG] debug-file - Hap plugin creating...
[2026-05-27T19:38:01.937] [DEBUG] debug-file - failed to load cangjie to dynamically generate schemas: Error: Cannot find module '@ohos/cangjie-build-support/index'
Require stack:
- /Applications/DevEco-Studio.app/Contents/tools/hvigor/hvigor-ohos-plugin/src/plugin/hooks/cangjie-register.js
- /Applications/DevEco-Studio.app/Contents/tools/hvigor/hvigor-ohos-plugin/src/plugin/strategy/stage-init-strategy.js
- /Applications/DevEco-Studio.app/Contents/tools/hvigor/hvigor-ohos-plugin/src/plugin/builder/abstract-plugin-builder.js
- /Applications/DevEco-Studio.app/Contents/tools/hvigor/hvigor-ohos-plugin/src/plugin/builder/app-plugin-builder.js
- /Applications/DevEco-Studio.app/Contents/tools/hvigor/hvigor-ohos-plugin/src/plugin/factory/plugin-factory.js
- /Applications/DevEco-Studio.app/Contents/tools/hvigor/hvigor-ohos-plugin/index.js
- /Users/vita/Vitemis/Outposts/Rokurics-HarmonyOS/hvigorfile.ts
- /Applications/DevEco-Studio.app/Contents/tools/hvigor/hvigor/src/base/internal/lifecycle/configuration.js
- /Applications/DevEco-Studio.app/Contents/tools/hvigor/hvigor/src/base/boot/index.js
- /Applications/DevEco-Studio.app/Contents/tools/hvigor/hvigor/src/base/daemon/cluster/worker-process-lifecycle.js
- /Applications/DevEco-Studio.app/Contents/tools/hvigor/hvigor/src/base/daemon/process/daemon-process-boot-script.js
[2026-05-27T19:38:01.943] [DEBUG] debug-file - Start initialize module-target build option map, moduleName=entry, buildMode=debug
[2026-05-27T19:38:01.943] [DEBUG] debug-file - Target 'default' config initialized
[2026-05-27T19:38:01.943] [DEBUG] debug-file - Module 'entry' target 'default' build option initialized
[2026-05-27T19:38:01.943] [DEBUG] debug-file - End initialize module-target build option map, moduleName=entry
[2026-05-27T19:38:01.943] [DEBUG] debug-file - Start initialize module-target build option map, moduleName=entry, buildMode=release
[2026-05-27T19:38:01.943] [DEBUG] debug-file - Target 'default' config initialized
[2026-05-27T19:38:01.943] [DEBUG] debug-file - Module 'entry' target 'default' build option initialized
[2026-05-27T19:38:01.943] [DEBUG] debug-file - End initialize module-target build option map, moduleName=entry
[2026-05-27T19:38:01.943] [DEBUG] debug-file - Start initialize module-target build option map, moduleName=entry, buildMode=debug
[2026-05-27T19:38:01.943] [DEBUG] debug-file - Target 'default' config initialized
[2026-05-27T19:38:01.943] [DEBUG] debug-file - Module 'entry' target 'default' build option initialized
[2026-05-27T19:38:01.943] [DEBUG] debug-file - End initialize module-target build option map, moduleName=entry
[2026-05-27T19:38:01.943] [DEBUG] debug-file - Obtain build option for module 'entry' target 'default'in this build.
[2026-05-27T19:38:01.945] [DEBUG] debug-file - Module entry task initialization takes 2 ms 
[2026-05-27T19:38:01.945] [DEBUG] debug-file - Hap plugin register hook start...
[2026-05-27T19:38:01.945] [DEBUG] debug-file - Hap plugin register hook end...
[2026-05-27T19:38:01.945] [DEBUG] debug-file - Plugin build process completed
[2026-05-27T19:38:01.945] [DEBUG] debug-file - hvigorfile, begin to bind custom plugins...
[2026-05-27T19:38:01.945] [DEBUG] debug-file - hvigorfile, no custom plugins were found in /Users/vita/Vitemis/Outposts/Rokurics-HarmonyOS/entry/hvigorfile.ts
[2026-05-27T19:38:01.945] [DEBUG] debug-file - hvigorfile, resolve finished /Users/vita/Vitemis/Outposts/Rokurics-HarmonyOS/entry/hvigorfile.ts
[2026-05-27T19:38:01.974] [DEBUG] debug-file - hvigorfile, resolve hvigorfile dependencies in 29 ms 
[2026-05-27T19:38:01.974] [DEBUG] debug-file - project has submodules:entry
[2026-05-27T19:38:01.975] [DEBUG] debug-file - start to load updatedOhPackageInfo to the disk
[2026-05-27T19:38:01.976] [DEBUG] debug-file - load to the disk finished
[2026-05-27T19:38:01.976] [DEBUG] debug-file - Start to initialize dependency information.
[2026-05-27T19:38:01.976] [DEBUG] debug-file - Module Rokurics-HarmonyOS Collected Dependency: 
[2026-05-27T19:38:01.976] [DEBUG] debug-file - Module Rokurics-HarmonyOS's total dependency: 0
[2026-05-27T19:38:01.977] [DEBUG] debug-file - Start to initialize dependency information.
[2026-05-27T19:38:01.977] [DEBUG] debug-file - Module entry Collected Dependency: 
[2026-05-27T19:38:01.977] [DEBUG] debug-file - Module entry's total dependency: 0
[2026-05-27T19:38:01.978] [DEBUG] debug-file - Configuration phase cost:681 ms 
[2026-05-27T19:38:01.979] [DEBUG] debug-file - Configuration task cost before running: 688 ms 
[2026-05-27T19:38:01.979] [DEBUG] debug-file - Executing task :entry:init
[2026-05-27T19:38:01.980] [DEBUG] debug-file - entry : init cost memory 0.0165252685546875
[2026-05-27T19:38:01.980] [DEBUG] debug-file - runTaskFromQueue task cost before running: 688 ms 
[2026-05-27T19:38:01.980] [INFO] debug-file - Finished :entry:init... after 1 ms 
[2026-05-27T19:38:01.980] [DEBUG] debug-file - Executing task ::init
[2026-05-27T19:38:01.980] [DEBUG] debug-file - Rokurics-HarmonyOS : init cost memory 0.0141754150390625
[2026-05-27T19:38:01.980] [DEBUG] debug-file - runTaskFromQueue task cost before running: 689 ms 
[2026-05-27T19:38:01.980] [INFO] debug-file - Finished ::init... after 1 ms 
[2026-05-27T19:38:01.981] [DEBUG] debug-file - Obtain build option for module 'entry' target 'default'in this build.
[2026-05-27T19:38:01.982] [DEBUG] debug-file - Cleanup worker 0.
[2026-05-27T19:38:01.982] [DEBUG] debug-file - Worker 0 has been cleaned up.
[2026-05-27T19:38:01.982] [DEBUG] debug-file - Current idle worker size: 1.
[2026-05-27T19:38:01.982] [DEBUG] debug-file - Current resident worker size: 2.
[2026-05-27T19:38:01.982] [DEBUG] debug-file - Cleanup worker 1.
[2026-05-27T19:38:01.982] [DEBUG] debug-file - Worker 1 has been cleaned up.
[2026-05-27T19:38:01.982] [DEBUG] debug-file - Current idle worker size: 0.
[2026-05-27T19:38:01.982] [DEBUG] debug-file - Current resident worker size: 2.
[2026-05-27T19:38:01.982] [DEBUG] debug-file - hvigor build process will be closed.
[2026-05-27T19:38:02.036] [DEBUG] debug-file - worker[0] exits with exit code 1.
[2026-05-27T19:38:02.036] [DEBUG] debug-file - worker[1] exits with exit code 1.
[2026-05-27T19:38:02.044] [DEBUG] debug-file - session manager: send message to worker process.
[2026-05-27T19:38:02.044] [DEBUG] debug-file - session manager: send message to worker process.
[2026-05-27T19:38:02.045] [DEBUG] debug-file - watch worker: worker id should be larger than 0. Nothing will be sent to any worker thread.
[2026-05-27T19:38:02.045] [DEBUG] debug-file - watch worker: worker id should be larger than 0. Nothing will be sent to any worker thread.
[2026-05-27T19:38:02.102] [DEBUG] debug-file - session manager: set active socket. socketId=8D2tcmuMD3kHhs6pAAAD
[2026-05-27T19:38:02.103] [DEBUG] debug-file - watch worker: worker id should be larger than 0. Nothing will be sent to any worker thread.
[2026-05-27T19:38:02.103] [DEBUG] debug-file - Workers' log level updated to INFO
[2026-05-27T19:38:02.104] [DEBUG] debug-file - Hvigor init with startParameters:{
  hvigorfileTypeCheck: false,
  parallelExecution: true,
  incrementalExecution: true,
  printStackTrace: false,
  daemon: true,
  analyze: 0,
  logLevel: Level { level: 20000, levelStr: 'INFO', colour: 'green' },
  optimizationStrategy: 'memory',
  hotCompile: undefined,
  hotReloadBuild: undefined,
  customizedParam: undefined
}
[2026-05-27T19:38:02.105] [DEBUG] debug-file - Cache service initialization finished in 1 ms 
[2026-05-27T19:38:02.105] [DEBUG] debug-file - hvigorfile, resolving /Users/vita/Vitemis/Outposts/Rokurics-HarmonyOS/hvigorfile.ts
[2026-05-27T19:38:02.107] [DEBUG] debug-file - hvigorfile, require result:  { default: { plugins: [] } }
[2026-05-27T19:38:02.107] [DEBUG] debug-file - hvigorfile, binding system plugins null
[2026-05-27T19:38:02.107] [DEBUG] debug-file - Starting plugin build process
[2026-05-27T19:38:02.107] [DEBUG] debug-file - App plugin prepare start...
[2026-05-27T19:38:02.107] [DEBUG] debug-file - App plugin prepare end...
[2026-05-27T19:38:02.107] [DEBUG] debug-file - App plugin creating...
[2026-05-27T19:38:02.108] [DEBUG] debug-file - App plugin register hook start...
[2026-05-27T19:38:02.108] [DEBUG] debug-file - App plugin register hook end...
[2026-05-27T19:38:02.108] [DEBUG] debug-file - Plugin build process completed
[2026-05-27T19:38:02.108] [DEBUG] debug-file - Start initialize project's product build option map with build mode debug.
[2026-05-27T19:38:02.108] [DEBUG] debug-file - Picking option from product 'default' with build mode 'debug'.
[2026-05-27T19:38:02.108] [DEBUG] debug-file - Product 'default' build option initialized
[2026-05-27T19:38:02.108] [DEBUG] debug-file - End initialize project's product build option map with build mode 'debug'.
[2026-05-27T19:38:02.109] [DEBUG] debug-file - Obtain build option for product 'default'in this build.
[2026-05-27T19:38:02.109] [DEBUG] debug-file - No signingConfig found, initRemoteHspCache failed.
[2026-05-27T19:38:02.109] [DEBUG] debug-file - Start recording SDK configuration permission data.
[2026-05-27T19:38:02.120] [DEBUG] debug-file - Sdk init in 12 ms 
[2026-05-27T19:38:02.121] [DEBUG] debug-file - Project task initialization takes 1 ms 
[2026-05-27T19:38:02.121] [DEBUG] debug-file - hvigorfile, begin to bind custom plugins...
[2026-05-27T19:38:02.121] [DEBUG] debug-file - hvigorfile, no custom plugins were found in /Users/vita/Vitemis/Outposts/Rokurics-HarmonyOS/hvigorfile.ts
[2026-05-27T19:38:02.121] [DEBUG] debug-file - hvigorfile, resolve finished /Users/vita/Vitemis/Outposts/Rokurics-HarmonyOS/hvigorfile.ts
[2026-05-27T19:38:02.121] [DEBUG] debug-file - hvigorfile, resolving /Users/vita/Vitemis/Outposts/Rokurics-HarmonyOS/entry/hvigorfile.ts
[2026-05-27T19:38:02.122] [DEBUG] debug-file - hvigorfile, require result:  { default: { plugins: [] } }
[2026-05-27T19:38:02.122] [DEBUG] debug-file - hvigorfile, binding system plugins null
[2026-05-27T19:38:02.122] [DEBUG] debug-file - Starting plugin build process
[2026-05-27T19:38:02.122] [DEBUG] debug-file - Hap plugin creating...
[2026-05-27T19:38:02.123] [DEBUG] debug-file - failed to load cangjie to dynamically generate schemas: Error: Cannot find module '@ohos/cangjie-build-support/index'
Require stack:
- /Applications/DevEco-Studio.app/Contents/tools/hvigor/hvigor-ohos-plugin/src/plugin/hooks/cangjie-register.js
- /Applications/DevEco-Studio.app/Contents/tools/hvigor/hvigor-ohos-plugin/src/plugin/strategy/stage-init-strategy.js
- /Applications/DevEco-Studio.app/Contents/tools/hvigor/hvigor-ohos-plugin/src/plugin/builder/abstract-plugin-builder.js
- /Applications/DevEco-Studio.app/Contents/tools/hvigor/hvigor-ohos-plugin/src/plugin/builder/app-plugin-builder.js
- /Applications/DevEco-Studio.app/Contents/tools/hvigor/hvigor-ohos-plugin/src/plugin/factory/plugin-factory.js
- /Applications/DevEco-Studio.app/Contents/tools/hvigor/hvigor-ohos-plugin/index.js
- /Users/vita/Vitemis/Outposts/Rokurics-HarmonyOS/hvigorfile.ts
- /Applications/DevEco-Studio.app/Contents/tools/hvigor/hvigor/src/base/internal/lifecycle/configuration.js
- /Applications/DevEco-Studio.app/Contents/tools/hvigor/hvigor/src/base/boot/index.js
- /Applications/DevEco-Studio.app/Contents/tools/hvigor/hvigor/src/base/daemon/cluster/worker-process-lifecycle.js
- /Applications/DevEco-Studio.app/Contents/tools/hvigor/hvigor/src/base/daemon/process/daemon-process-boot-script.js
[2026-05-27T19:38:02.123] [DEBUG] debug-file - Start initialize module-target build option map, moduleName=entry, buildMode=debug
[2026-05-27T19:38:02.123] [DEBUG] debug-file - Target 'default' config initialized
[2026-05-27T19:38:02.123] [DEBUG] debug-file - Module 'entry' target 'default' build option initialized
[2026-05-27T19:38:02.123] [DEBUG] debug-file - End initialize module-target build option map, moduleName=entry
[2026-05-27T19:38:02.123] [DEBUG] debug-file - Start initialize module-target build option map, moduleName=entry, buildMode=release
[2026-05-27T19:38:02.123] [DEBUG] debug-file - Target 'default' config initialized
[2026-05-27T19:38:02.123] [DEBUG] debug-file - Module 'entry' target 'default' build option initialized
[2026-05-27T19:38:02.123] [DEBUG] debug-file - End initialize module-target build option map, moduleName=entry
[2026-05-27T19:38:02.123] [DEBUG] debug-file - Start initialize module-target build option map, moduleName=entry, buildMode=debug
[2026-05-27T19:38:02.123] [DEBUG] debug-file - Target 'default' config initialized
[2026-05-27T19:38:02.123] [DEBUG] debug-file - Module 'entry' target 'default' build option initialized
[2026-05-27T19:38:02.124] [DEBUG] debug-file - End initialize module-target build option map, moduleName=entry
[2026-05-27T19:38:02.124] [DEBUG] debug-file - Obtain build option for module 'entry' target 'default'in this build.
[2026-05-27T19:38:02.124] [DEBUG] debug-file - Module entry task initialization takes 1 ms 
[2026-05-27T19:38:02.124] [DEBUG] debug-file - Hap plugin register hook start...
[2026-05-27T19:38:02.124] [DEBUG] debug-file - Hap plugin register hook end...
[2026-05-27T19:38:02.124] [DEBUG] debug-file - Plugin build process completed
[2026-05-27T19:38:02.124] [DEBUG] debug-file - hvigorfile, begin to bind custom plugins...
[2026-05-27T19:38:02.124] [DEBUG] debug-file - hvigorfile, no custom plugins were found in /Users/vita/Vitemis/Outposts/Rokurics-HarmonyOS/entry/hvigorfile.ts
[2026-05-27T19:38:02.124] [DEBUG] debug-file - hvigorfile, resolve finished /Users/vita/Vitemis/Outposts/Rokurics-HarmonyOS/entry/hvigorfile.ts
[2026-05-27T19:38:02.151] [DEBUG] debug-file - hvigorfile, resolve hvigorfile dependencies in 27 ms 
[2026-05-27T19:38:02.151] [DEBUG] debug-file - project has submodules:entry
[2026-05-27T19:38:02.151] [DEBUG] debug-file - start to load updatedOhPackageInfo to the disk
[2026-05-27T19:38:02.151] [DEBUG] debug-file - load to the disk finished
[2026-05-27T19:38:02.152] [DEBUG] debug-file - Start to initialize dependency information.
[2026-05-27T19:38:02.152] [DEBUG] debug-file - Module Rokurics-HarmonyOS Collected Dependency: 
[2026-05-27T19:38:02.152] [DEBUG] debug-file - Module Rokurics-HarmonyOS's total dependency: 0
[2026-05-27T19:38:02.152] [DEBUG] debug-file - Start to initialize dependency information.
[2026-05-27T19:38:02.152] [DEBUG] debug-file - Module entry Collected Dependency: 
[2026-05-27T19:38:02.152] [DEBUG] debug-file - Module entry's total dependency: 0
[2026-05-27T19:38:02.152] [DEBUG] debug-file - Configuration phase cost:48 ms 
[2026-05-27T19:38:02.153] [DEBUG] debug-file - Configuration task cost before running: 50 ms 
[2026-05-27T19:38:02.154] [DEBUG] debug-file - Executing task :entry:default@PreBuild
[2026-05-27T19:38:02.155] [DEBUG] debug-file - Task 'entry:default@PreBuild' cost while wrapping incremental declarations: 1 ms 
[2026-05-27T19:38:02.156] [DEBUG] debug-file - entry:default@PreBuild is not up-to-date, since the task snapshots are different.
[2026-05-27T19:38:02.156] [DEBUG] debug-file - Incremental task entry:default@PreBuild pre-execution cost: 1 ms .
[2026-05-27T19:38:02.209] [DEBUG] debug-file - current product is not Atomic service.
[2026-05-27T19:38:02.209] [DEBUG] debug-file - Use tool [darwin: JAVA_HOME, CLASSPATH]
 [
  {
    JAVA_HOME: '/Applications/DevEco-Studio.app/Contents/jbr/Contents/Home'
  },
  { CLASSPATH: undefined }
]
[2026-05-27T19:38:02.209] [DEBUG] debug-file - Use tool [darwin: NODE_HOME]
 [
  {
    NODE_HOME: '/Applications/DevEco-Studio.app/Contents/tools/node/bin'
  }
]
[2026-05-27T19:38:02.209] [DEBUG] debug-file - entry : default@PreBuild cost memory 3.9085006713867188
[2026-05-27T19:38:02.209] [DEBUG] debug-file - runTaskFromQueue task cost before running: 106 ms 
[2026-05-27T19:38:02.209] [INFO] debug-file - Finished :entry:default@PreBuild... after 55 ms 
[2026-05-27T19:38:02.209] [DEBUG] debug-file - Executing task :entry:default@CreateModuleInfo
[2026-05-27T19:38:02.210] [DEBUG] debug-file - Task 'entry:default@CreateModuleInfo' cost while wrapping incremental declarations: 1 ms 
[2026-05-27T19:38:02.210] [DEBUG] debug-file - entry : default@CreateModuleInfo cost memory 0.0411834716796875
[2026-05-27T19:38:02.210] [DEBUG] debug-file - runTaskFromQueue task cost before running: 107 ms 
[2026-05-27T19:38:02.210] [INFO] debug-file - Finished :entry:default@CreateModuleInfo... after 1 ms 
[2026-05-27T19:38:02.210] [DEBUG] debug-file - Executing task :entry:default@MergeProfile
[2026-05-27T19:38:02.210] [DEBUG] debug-file - Task 'entry:default@MergeProfile' cost while wrapping incremental declarations: 1 ms 
[2026-05-27T19:38:02.211] [DEBUG] debug-file - entry:default@MergeProfile is not up-to-date, since the task snapshots are different.
[2026-05-27T19:38:02.211] [DEBUG] debug-file - Incremental task entry:default@MergeProfile pre-execution cost: 1 ms .
[2026-05-27T19:38:02.211] [DEBUG] debug-file - Change app api release type with 'Release'
[2026-05-27T19:38:02.211] [DEBUG] debug-file - Change app compile API version with '6.1.0.105'
[2026-05-27T19:38:02.211] [DEBUG] debug-file - Change app target API version with '60100023'
[2026-05-27T19:38:02.211] [DEBUG] debug-file - Change app minimum API version with '60100023'
[2026-05-27T19:38:02.211] [DEBUG] debug-file - Use cli appEnvironment
[2026-05-27T19:38:02.212] [DEBUG] debug-file - entry : default@MergeProfile cost memory 0.591552734375
[2026-05-27T19:38:02.212] [DEBUG] debug-file - runTaskFromQueue task cost before running: 109 ms 
[2026-05-27T19:38:02.212] [INFO] debug-file - Finished :entry:default@MergeProfile... after 2 ms 
[2026-05-27T19:38:02.212] [DEBUG] debug-file - Executing task :entry:default@CreateBuildProfile
[2026-05-27T19:38:02.212] [DEBUG] debug-file - Task 'entry:default@CreateBuildProfile' cost while wrapping incremental declarations: 1 ms 
[2026-05-27T19:38:02.213] [DEBUG] debug-file - entry:default@CreateBuildProfile is not up-to-date, since the task snapshots are different.
[2026-05-27T19:38:02.213] [DEBUG] debug-file - Incremental task entry:default@CreateBuildProfile pre-execution cost: 1 ms .
[2026-05-27T19:38:02.213] [DEBUG] debug-file - entry : default@CreateBuildProfile cost memory 0.11255645751953125
[2026-05-27T19:38:02.213] [DEBUG] debug-file - runTaskFromQueue task cost before running: 110 ms 
[2026-05-27T19:38:02.213] [INFO] debug-file - Finished :entry:default@CreateBuildProfile... after 1 ms 
[2026-05-27T19:38:02.213] [DEBUG] debug-file - Executing task :entry:default@PreCheckSyscap
[2026-05-27T19:38:02.213] [DEBUG] debug-file - entry : default@PreCheckSyscap cost memory 0.01465606689453125
[2026-05-27T19:38:02.213] [DEBUG] debug-file - runTaskFromQueue task cost before running: 110 ms 
[2026-05-27T19:38:02.213] [INFO] debug-file - Finished :entry:default@PreCheckSyscap... after 1 ms 
[2026-05-27T19:38:02.214] [DEBUG] debug-file - Executing task :entry:default@GeneratePkgContextInfo
[2026-05-27T19:38:02.216] [DEBUG] debug-file - Task 'entry:default@GeneratePkgContextInfo' cost while wrapping incremental declarations: 1 ms 
[2026-05-27T19:38:02.216] [DEBUG] debug-file - entry : default@GeneratePkgContextInfo cost memory 0.2649688720703125
[2026-05-27T19:38:02.216] [DEBUG] debug-file - runTaskFromQueue task cost before running: 113 ms 
[2026-05-27T19:38:02.216] [INFO] debug-file - Finished :entry:default@GeneratePkgContextInfo... after 3 ms 
[2026-05-27T19:38:02.217] [DEBUG] debug-file - Executing task :entry:default@ProcessProfile
[2026-05-27T19:38:02.217] [DEBUG] debug-file - Task 'entry:default@ProcessProfile' cost while wrapping incremental declarations: 1 ms 
[2026-05-27T19:38:02.217] [DEBUG] debug-file - entry:default@ProcessProfile is not up-to-date, since the input file '/Users/vita/Vitemis/Outposts/Rokurics-HarmonyOS/entry/.preview/default/intermediates/merge_profile/default/module.json' has been changed.
[2026-05-27T19:38:02.217] [DEBUG] debug-file - Incremental task entry:default@ProcessProfile pre-execution cost: 1 ms .
[2026-05-27T19:38:02.218] [DEBUG] debug-file - [
  '/Applications/DevEco-Studio.app/Contents/tools/node/bin/node',
  '/Applications/DevEco-Studio.app/Contents/sdk/default/openharmony/ets/build-tools/ets-loader/bin/ark/ts2abc.js',
  '--target-api-version',
  '23'
]
[2026-05-27T19:38:02.260] [DEBUG] debug-file - 13.0.1.0
[2026-05-27T19:38:02.261] [DEBUG] debug-file - No need to add fake ui ability because of abilityPath does not exist.
[2026-05-27T19:38:02.261] [DEBUG] debug-file - entry : default@ProcessProfile cost memory 0.35866546630859375
[2026-05-27T19:38:02.261] [DEBUG] debug-file - runTaskFromQueue task cost before running: 158 ms 
[2026-05-27T19:38:02.261] [INFO] debug-file - Finished :entry:default@ProcessProfile... after 44 ms 
[2026-05-27T19:38:02.261] [DEBUG] debug-file - Executing task :entry:default@ProcessRouterMap
[2026-05-27T19:38:02.262] [DEBUG] debug-file - entry:default@ProcessRouterMap is not up-to-date, since the task snapshots are different.
[2026-05-27T19:38:02.262] [DEBUG] debug-file - Incremental task entry:default@ProcessRouterMap pre-execution cost: 1 ms .
[2026-05-27T19:38:02.262] [DEBUG] debug-file - entry : default@ProcessRouterMap cost memory 0.11565399169921875
[2026-05-27T19:38:02.262] [DEBUG] debug-file - runTaskFromQueue task cost before running: 159 ms 
[2026-05-27T19:38:02.262] [INFO] debug-file - Finished :entry:default@ProcessRouterMap... after 1 ms 
[2026-05-27T19:38:02.262] [DEBUG] debug-file - Executing task :entry:default@ProcessShareConfig
[2026-05-27T19:38:02.263] [DEBUG] debug-file - entry:default@ProcessShareConfig is not up-to-date, since the task snapshots are different.
[2026-05-27T19:38:02.263] [DEBUG] debug-file - Incremental task entry:default@ProcessShareConfig pre-execution cost: 1 ms .
[2026-05-27T19:38:02.263] [DEBUG] debug-file - entry : default@ProcessShareConfig cost memory 0.09828948974609375
[2026-05-27T19:38:02.263] [DEBUG] debug-file - runTaskFromQueue task cost before running: 160 ms 
[2026-05-27T19:38:02.263] [INFO] debug-file - Finished :entry:default@ProcessShareConfig... after 1 ms 
[2026-05-27T19:38:02.263] [DEBUG] debug-file - Executing task :entry:default@ProcessStartupConfig
[2026-05-27T19:38:02.263] [DEBUG] debug-file - Task 'entry:default@ProcessStartupConfig' cost while wrapping incremental declarations: 1 ms 
[2026-05-27T19:38:02.263] [DEBUG] debug-file - entry:default@ProcessStartupConfig is not up-to-date, since the output file '/Users/vita/Vitemis/Outposts/Rokurics-HarmonyOS/entry/.preview/default/intermediates/startup/default/startup_config.json' does not exist.
[2026-05-27T19:38:02.263] [DEBUG] debug-file - Incremental task entry:default@ProcessStartupConfig pre-execution cost: 1 ms .
[2026-05-27T19:38:02.263] [DEBUG] debug-file - entry : default@ProcessStartupConfig cost memory 0.0785064697265625
[2026-05-27T19:38:02.263] [DEBUG] debug-file - runTaskFromQueue task cost before running: 161 ms 
[2026-05-27T19:38:02.263] [INFO] debug-file - Finished :entry:default@ProcessStartupConfig... after 1 ms 
[2026-05-27T19:38:02.264] [DEBUG] debug-file - restool module names: entry; moduleName=entry, taskName=default@PreviewProcessResource
[2026-05-27T19:38:02.264] [DEBUG] debug-file - Executing task :entry:default@PreviewProcessResource
[2026-05-27T19:38:02.264] [DEBUG] debug-file - Task 'entry:default@PreviewProcessResource' cost while wrapping incremental declarations: 1 ms 
[2026-05-27T19:38:02.264] [DEBUG] debug-file - entry : default@PreviewProcessResource cost memory 0.05020904541015625
[2026-05-27T19:38:02.264] [DEBUG] debug-file - runTaskFromQueue task cost before running: 161 ms 
[2026-05-27T19:38:02.264] [INFO] debug-file - Finished :entry:default@PreviewProcessResource... after 1 ms 
[2026-05-27T19:38:02.265] [DEBUG] debug-file - Executing task :entry:default@GenerateLoaderJson
[2026-05-27T19:38:02.265] [DEBUG] debug-file - Task 'entry:default@GenerateLoaderJson' cost while wrapping incremental declarations: 1 ms 
[2026-05-27T19:38:02.266] [DEBUG] debug-file - entry:default@GenerateLoaderJson is not up-to-date, since the input file '/Users/vita/Vitemis/Outposts/Rokurics-HarmonyOS/entry/.preview/default/intermediates/router_map/default/temp-router-map.json' has been changed.
[2026-05-27T19:38:02.266] [DEBUG] debug-file - Incremental task entry:default@GenerateLoaderJson pre-execution cost: 1 ms .
[2026-05-27T19:38:02.267] [DEBUG] debug-file - entry : default@GenerateLoaderJson cost memory 0.5428237915039062
[2026-05-27T19:38:02.267] [DEBUG] debug-file - runTaskFromQueue task cost before running: 164 ms 
[2026-05-27T19:38:02.268] [INFO] debug-file - Finished :entry:default@GenerateLoaderJson... after 3 ms 
[2026-05-27T19:38:02.268] [DEBUG] debug-file - restool module names: entry; moduleName=entry, taskName=default@PreviewCompileResource
[2026-05-27T19:38:02.268] [DEBUG] debug-file - Executing task :entry:default@PreviewCompileResource
[2026-05-27T19:38:02.273] [DEBUG] debug-file - entry:default@PreviewCompileResource is not up-to-date, since the input file '/Users/vita/Vitemis/Outposts/Rokurics-HarmonyOS/entry/.preview/default/intermediates/merge_profile/default/module.json' has been changed.
[2026-05-27T19:38:02.273] [DEBUG] debug-file - Incremental task entry:default@PreviewCompileResource pre-execution cost: 5 ms .
[2026-05-27T19:38:02.287] [DEBUG] debug-file - Use tool [/Applications/DevEco-Studio.app/Contents/sdk/default/openharmony/toolchains/restool]
 [
  '/Applications/DevEco-Studio.app/Contents/sdk/default/openharmony/toolchains/restool',
  '-x',
  '/Users/vita/Vitemis/Outposts/Rokurics-HarmonyOS/AppScope/resources',
  '-o',
  '/Users/vita/Vitemis/Outposts/Rokurics-HarmonyOS/entry/.preview/default/intermediates/res/default/app_compiled'
]
[2026-05-27T19:38:02.287] [DEBUG] debug-file - current process  memoryUsage: {
  rss: 311099392,
  heapTotal: 193593344,
  heapUsed: 159689840,
  external: 3731325,
  arrayBuffers: 1688106
} os memoryUsage :23.70904541015625
[2026-05-27T19:38:02.305] [DEBUG] debug-file - Info: restool resources compile success.

[2026-05-27T19:38:02.305] [DEBUG] debug-file - Use tool [/Applications/DevEco-Studio.app/Contents/sdk/default/openharmony/toolchains/restool]
 [
  '/Applications/DevEco-Studio.app/Contents/sdk/default/openharmony/toolchains/restool',
  '-x',
  '/Users/vita/Vitemis/Outposts/Rokurics-HarmonyOS/entry/src/main/resources',
  '-o',
  '/Users/vita/Vitemis/Outposts/Rokurics-HarmonyOS/entry/.preview/default/intermediates/res/default/module_compiled'
]
[2026-05-27T19:38:02.305] [DEBUG] debug-file - current process  memoryUsage: {
  rss: 304087040,
  heapTotal: 185925632,
  heapUsed: 120169840,
  external: 3001885,
  arrayBuffers: 69789
} os memoryUsage :23.705612182617188
[2026-05-27T19:38:02.313] [DEBUG] debug-file - Info: restool resources compile success.

[2026-05-27T19:38:02.314] [DEBUG] debug-file - Use tool [/Applications/DevEco-Studio.app/Contents/sdk/default/openharmony/toolchains/restool]
 [
  '/Applications/DevEco-Studio.app/Contents/sdk/default/openharmony/toolchains/restool',
  '-m',
  'entry',
  '-f',
  '-j',
  '/Users/vita/Vitemis/Outposts/Rokurics-HarmonyOS/entry/.preview/default/intermediates/process_profile/default/module.json',
  '-p',
  'c***s',
  '-r',
  '/Users/vita/Vitemis/Outposts/Rokurics-HarmonyOS/entry/.preview/default/generated/r/default/ResourceTable.h',
  '-z',
  '--ids',
  '/Users/vita/Vitemis/Outposts/Rokurics-HarmonyOS/entry/.preview/default/intermediates/res/default/ids_map',
  '--defined-ids',
  '/Users/vita/Vitemis/Outposts/Rokurics-HarmonyOS/entry/.preview/default/intermediates/res/default/ids_map/id_defined.json',
  '-i',
  '/Users/vita/Vitemis/Outposts/Rokurics-HarmonyOS/entry/.preview/default/intermediates/res/default/app_compiled',
  '-i',
  '/Users/vita/Vitemis/Outposts/Rokurics-HarmonyOS/entry/.preview/default/intermediates/res/default/module_compiled',
  '-o',
  '/Users/vita/Vitemis/Outposts/Rokurics-HarmonyOS/entry/.preview/default/intermediates/res/default',
  '--defined-sysids',
  '/Applications/DevEco-Studio.app/Contents/sdk/default/hms/toolchains/id_defined.json'
]
[2026-05-27T19:38:02.314] [DEBUG] debug-file - current process  memoryUsage: {
  rss: 304087040,
  heapTotal: 185925632,
  heapUsed: 120323688,
  external: 3001933,
  arrayBuffers: 69837
} os memoryUsage :23.703216552734375
[2026-05-27T19:38:02.342] [DEBUG] debug-file - Info: hardware concurrency count is : 10
Info: thread count is : 10

[2026-05-27T19:38:02.343] [DEBUG] debug-file - Info: thread pool is started

[2026-05-27T19:38:02.343] [DEBUG] debug-file - Info: restool resources compile success.

[2026-05-27T19:38:02.343] [DEBUG] debug-file - Info: thread pool is stopped

[2026-05-27T19:38:02.345] [DEBUG] debug-file - entry : default@PreviewCompileResource cost memory -40.79466247558594
[2026-05-27T19:38:02.345] [DEBUG] debug-file - runTaskFromQueue task cost before running: 242 ms 
[2026-05-27T19:38:02.345] [INFO] debug-file - Finished :entry:default@PreviewCompileResource... after 77 ms 
[2026-05-27T19:38:02.345] [DEBUG] debug-file - Executing task :entry:default@PreviewHookCompileResource
[2026-05-27T19:38:02.345] [DEBUG] debug-file - entry : default@PreviewHookCompileResource cost memory 0.01528167724609375
[2026-05-27T19:38:02.345] [DEBUG] debug-file - runTaskFromQueue task cost before running: 242 ms 
[2026-05-27T19:38:02.345] [INFO] debug-file - Finished :entry:default@PreviewHookCompileResource... after 1 ms 
[2026-05-27T19:38:02.345] [DEBUG] debug-file - Executing task :entry:default@CopyPreviewProfile
[2026-05-27T19:38:02.345] [DEBUG] debug-file - entry:default@CopyPreviewProfile is not up-to-date, since the output file '/Users/vita/Vitemis/Outposts/Rokurics-HarmonyOS/entry/.preview/default/intermediates/res/default/resources/base/profile' does not exist.
[2026-05-27T19:38:02.345] [DEBUG] debug-file - Incremental task entry:default@CopyPreviewProfile pre-execution cost: 1 ms .
[2026-05-27T19:38:02.346] [DEBUG] debug-file - entry : default@CopyPreviewProfile cost memory 0.1523895263671875
[2026-05-27T19:38:02.346] [DEBUG] debug-file - runTaskFromQueue task cost before running: 243 ms 
[2026-05-27T19:38:02.346] [INFO] debug-file - Finished :entry:default@CopyPreviewProfile... after 2 ms 
[2026-05-27T19:38:02.347] [DEBUG] debug-file - Executing task :entry:default@ReplacePreviewerPage
[2026-05-27T19:38:02.347] [DEBUG] debug-file - entry : default@ReplacePreviewerPage cost memory 0.01517486572265625
[2026-05-27T19:38:02.347] [DEBUG] debug-file - runTaskFromQueue task cost before running: 244 ms 
[2026-05-27T19:38:02.347] [INFO] debug-file - Finished :entry:default@ReplacePreviewerPage... after 1 ms 
[2026-05-27T19:38:02.347] [DEBUG] debug-file - Executing task :entry:buildPreviewerResource
[2026-05-27T19:38:02.347] [DEBUG] debug-file - entry : buildPreviewerResource cost memory 0.01279449462890625
[2026-05-27T19:38:02.347] [DEBUG] debug-file - runTaskFromQueue task cost before running: 244 ms 
[2026-05-27T19:38:02.347] [INFO] debug-file - Finished :entry:buildPreviewerResource... after 1 ms 
[2026-05-27T19:38:02.347] [DEBUG] debug-file - Executing task :entry:default@PreviewUpdateAssets
[2026-05-27T19:38:02.348] [DEBUG] debug-file - entry:default@PreviewUpdateAssets is not up-to-date, since the output file '/Users/vita/Vitemis/Outposts/Rokurics-HarmonyOS/entry/.preview/default/intermediates/res/default/module.json' has been changed.
[2026-05-27T19:38:02.348] [DEBUG] debug-file - Incremental task entry:default@PreviewUpdateAssets pre-execution cost: 1 ms .
[2026-05-27T19:38:02.348] [DEBUG] debug-file - entry : default@PreviewUpdateAssets cost memory 0.0901336669921875
[2026-05-27T19:38:02.348] [DEBUG] debug-file - runTaskFromQueue task cost before running: 245 ms 
[2026-05-27T19:38:02.348] [INFO] debug-file - Finished :entry:default@PreviewUpdateAssets... after 1 ms 
[2026-05-27T19:38:02.348] [DEBUG] debug-file - Executing task :entry:default@PreviewArkTS
[2026-05-27T19:38:02.349] [DEBUG] debug-file - obfuscationOptions: undefined
[2026-05-27T19:38:02.349] [DEBUG] debug-file - Task 'entry:default@PreviewArkTS' cost while wrapping incremental declarations: 1 ms 
[2026-05-27T19:38:02.350] [DEBUG] debug-file - entry:default@PreviewArkTS is not up-to-date, since the input file '/Users/vita/Vitemis/Outposts/Rokurics-HarmonyOS/entry/.preview/default/intermediates/loader/default' has been changed.
[2026-05-27T19:38:02.350] [DEBUG] debug-file - Incremental task entry:default@PreviewArkTS pre-execution cost: 1 ms .
[2026-05-27T19:38:02.353] [DEBUG] debug-file - No watchWorker available for preview
[2026-05-27T19:38:02.353] [DEBUG] debug-file - Can not reuse worker, create new worker for preview
[2026-05-27T19:38:02.353] [DEBUG] debug-file - session manager: binding session. socketId=8D2tcmuMD3kHhs6pAAAD, threadId=1@1.
[2026-05-27T19:38:02.354] [DEBUG] debug-file - entry : default@PreviewArkTS cost memory 1.183624267578125
[2026-05-27T19:38:03.063] [DEBUG] debug-file - watch worker: send response to session manager. Response type: WatchStart
[2026-05-27T19:38:03.063] [DEBUG] debug-file - session manager: watch message received from worker 1. Type: WatchStart
[2026-05-27T19:38:04.397] [DEBUG] debug-file - watch worker: send response to session manager. Response type: WatchLog
[2026-05-27T19:38:04.397] [DEBUG] debug-file - session manager: watch message received from worker 1. Type: WatchLog
[2026-05-27T19:38:04.397] [DEBUG] debug-file - watch worker: send response to session manager. Response type: WatchLog
[2026-05-27T19:38:04.397] [DEBUG] debug-file - session manager: watch message received from worker 1. Type: WatchLog
[2026-05-27T19:38:04.397] [DEBUG] debug-file - watch worker: send response to session manager. Response type: WatchLog
[2026-05-27T19:38:04.397] [DEBUG] debug-file - session manager: watch message received from worker 1. Type: WatchLog
[2026-05-27T19:38:04.397] [DEBUG] debug-file - watch worker: send response to session manager. Response type: WatchLog
[2026-05-27T19:38:04.398] [DEBUG] debug-file - session manager: watch message received from worker 1. Type: WatchLog
[2026-05-27T19:38:04.397] [DEBUG] debug-file - watch worker: send response to session manager. Response type: WatchLog
[2026-05-27T19:38:04.398] [DEBUG] debug-file - session manager: watch message received from worker 1. Type: WatchLog
[2026-05-27T19:38:04.397] [DEBUG] debug-file - watch worker: send response to session manager. Response type: WatchLog
[2026-05-27T19:38:04.398] [DEBUG] debug-file - session manager: watch message received from worker 1. Type: WatchLog
[2026-05-27T19:38:04.397] [DEBUG] debug-file - watch worker: send response to session manager. Response type: WatchLog
[2026-05-27T19:38:04.398] [DEBUG] debug-file - session manager: watch message received from worker 1. Type: WatchLog
[2026-05-27T19:38:04.397] [DEBUG] debug-file - watch worker: send response to session manager. Response type: WatchLog
[2026-05-27T19:38:04.398] [DEBUG] debug-file - session manager: watch message received from worker 1. Type: WatchLog
[2026-05-27T19:38:04.397] [DEBUG] debug-file - watch worker: send response to session manager. Response type: WatchLog
[2026-05-27T19:38:04.398] [DEBUG] debug-file - session manager: watch message received from worker 1. Type: WatchLog
[2026-05-27T19:38:04.397] [DEBUG] debug-file - watch worker: send response to session manager. Response type: WatchLog
[2026-05-27T19:38:04.398] [DEBUG] debug-file - session manager: watch message received from worker 1. Type: WatchLog
[2026-05-27T19:38:04.397] [DEBUG] debug-file - watch worker: send response to session manager. Response type: WatchLog
[2026-05-27T19:38:04.398] [DEBUG] debug-file - session manager: watch message received from worker 1. Type: WatchLog
[2026-05-27T19:38:04.397] [DEBUG] debug-file - watch worker: send response to session manager. Response type: WatchLog
[2026-05-27T19:38:04.400] [DEBUG] debug-file - session manager: watch message received from worker 1. Type: WatchLog
[2026-05-27T19:38:04.397] [DEBUG] debug-file - watch worker: send response to session manager. Response type: WatchLog
[2026-05-27T19:38:04.400] [DEBUG] debug-file - session manager: watch message received from worker 1. Type: WatchLog
[2026-05-27T19:38:04.397] [DEBUG] debug-file - watch worker: send response to session manager. Response type: WatchLog
[2026-05-27T19:38:04.400] [DEBUG] debug-file - session manager: watch message received from worker 1. Type: WatchLog
[2026-05-27T19:38:04.397] [DEBUG] debug-file - watch worker: send response to session manager. Response type: WatchLog
[2026-05-27T19:38:04.401] [DEBUG] debug-file - session manager: watch message received from worker 1. Type: WatchLog
[2026-05-27T19:38:04.397] [DEBUG] debug-file - watch worker: send response to session manager. Response type: WatchLog
[2026-05-27T19:38:04.401] [DEBUG] debug-file - session manager: watch message received from worker 1. Type: WatchLog
[2026-05-27T19:38:04.397] [DEBUG] debug-file - watch worker: send response to session manager. Response type: WatchLog
[2026-05-27T19:38:04.401] [DEBUG] debug-file - session manager: watch message received from worker 1. Type: WatchLog
[2026-05-27T19:38:04.397] [DEBUG] debug-file - watch worker: send response to session manager. Response type: WatchLog
[2026-05-27T19:38:04.401] [DEBUG] debug-file - session manager: watch message received from worker 1. Type: WatchLog
[2026-05-27T19:38:04.397] [DEBUG] debug-file - watch worker: send response to session manager. Response type: WatchLog
[2026-05-27T19:38:04.401] [DEBUG] debug-file - session manager: watch message received from worker 1. Type: WatchLog
[2026-05-27T19:38:04.397] [DEBUG] debug-file - watch worker: send response to session manager. Response type: WatchLog
[2026-05-27T19:38:04.402] [DEBUG] debug-file - session manager: watch message received from worker 1. Type: WatchLog
[2026-05-27T19:38:04.397] [DEBUG] debug-file - watch worker: send response to session manager. Response type: WatchLog
[2026-05-27T19:38:04.402] [DEBUG] debug-file - session manager: watch message received from worker 1. Type: WatchLog
[2026-05-27T19:38:04.398] [DEBUG] debug-file - watch worker: send response to session manager. Response type: WatchLog
[2026-05-27T19:38:04.402] [DEBUG] debug-file - session manager: watch message received from worker 1. Type: WatchLog
[2026-05-27T19:38:04.398] [DEBUG] debug-file - watch worker: send response to session manager. Response type: WatchLog
[2026-05-27T19:38:04.403] [DEBUG] debug-file - session manager: watch message received from worker 1. Type: WatchLog
[2026-05-27T19:38:04.398] [DEBUG] debug-file - watch worker: send response to session manager. Response type: WatchLog
[2026-05-27T19:38:04.403] [DEBUG] debug-file - session manager: watch message received from worker 1. Type: WatchLog
[2026-05-27T19:38:04.398] [DEBUG] debug-file - watch worker: send response to session manager. Response type: WatchLog
[2026-05-27T19:38:04.403] [DEBUG] debug-file - session manager: watch message received from worker 1. Type: WatchLog
[2026-05-27T19:38:04.398] [DEBUG] debug-file - watch worker: send response to session manager. Response type: WatchLog
[2026-05-27T19:38:04.403] [DEBUG] debug-file - session manager: watch message received from worker 1. Type: WatchLog
[2026-05-27T19:38:04.398] [DEBUG] debug-file - watch worker: send response to session manager. Response type: WatchLog
[2026-05-27T19:38:04.403] [DEBUG] debug-file - session manager: watch message received from worker 1. Type: WatchLog
[2026-05-27T19:38:04.398] [DEBUG] debug-file - watch worker: send response to session manager. Response type: WatchLog
[2026-05-27T19:38:04.404] [DEBUG] debug-file - session manager: watch message received from worker 1. Type: WatchLog
[2026-05-27T19:38:04.398] [DEBUG] debug-file - watch worker: send response to session manager. Response type: WatchLog
[2026-05-27T19:38:04.404] [DEBUG] debug-file - session manager: watch message received from worker 1. Type: WatchLog
[2026-05-27T19:38:04.398] [DEBUG] debug-file - watch worker: send response to session manager. Response type: WatchLog
[2026-05-27T19:38:04.404] [DEBUG] debug-file - session manager: watch message received from worker 1. Type: WatchLog
[2026-05-27T19:38:04.398] [DEBUG] debug-file - watch worker: send response to session manager. Response type: WatchLog
[2026-05-27T19:38:04.404] [DEBUG] debug-file - session manager: watch message received from worker 1. Type: WatchLog
[2026-05-27T19:38:04.398] [DEBUG] debug-file - watch worker: send response to session manager. Response type: WatchLog
[2026-05-27T19:38:04.404] [DEBUG] debug-file - session manager: watch message received from worker 1. Type: WatchLog
[2026-05-27T19:38:04.398] [DEBUG] debug-file - watch worker: send response to session manager. Response type: WatchLog
[2026-05-27T19:38:04.404] [DEBUG] debug-file - session manager: watch message received from worker 1. Type: WatchLog
[2026-05-27T19:38:04.398] [DEBUG] debug-file - watch worker: send response to session manager. Response type: WatchLog
[2026-05-27T19:38:04.404] [DEBUG] debug-file - session manager: watch message received from worker 1. Type: WatchLog
[2026-05-27T19:38:04.398] [DEBUG] debug-file - watch worker: send response to session manager. Response type: WatchLog
[2026-05-27T19:38:04.404] [DEBUG] debug-file - session manager: watch message received from worker 1. Type: WatchLog
[2026-05-27T19:38:04.398] [DEBUG] debug-file - watch worker: send response to session manager. Response type: WatchLog
[2026-05-27T19:38:04.404] [DEBUG] debug-file - session manager: watch message received from worker 1. Type: WatchLog
[2026-05-27T19:38:04.398] [DEBUG] debug-file - watch worker: send response to session manager. Response type: WatchLog
[2026-05-27T19:38:04.404] [DEBUG] debug-file - session manager: watch message received from worker 1. Type: WatchLog
[2026-05-27T19:38:04.398] [DEBUG] debug-file - watch worker: send response to session manager. Response type: WatchLog
[2026-05-27T19:38:04.404] [DEBUG] debug-file - session manager: watch message received from worker 1. Type: WatchLog
[2026-05-27T19:38:04.398] [DEBUG] debug-file - watch worker: send response to session manager. Response type: WatchLog
[2026-05-27T19:38:04.404] [DEBUG] debug-file - session manager: watch message received from worker 1. Type: WatchLog
[2026-05-27T19:38:04.398] [DEBUG] debug-file - watch worker: send response to session manager. Response type: WatchLog
[2026-05-27T19:38:04.405] [DEBUG] debug-file - session manager: watch message received from worker 1. Type: WatchLog
[2026-05-27T19:38:04.398] [DEBUG] debug-file - watch worker: send response to session manager. Response type: WatchLog
[2026-05-27T19:38:04.405] [DEBUG] debug-file - session manager: watch message received from worker 1. Type: WatchLog
[2026-05-27T19:38:04.398] [DEBUG] debug-file - watch worker: send response to session manager. Response type: WatchLog
[2026-05-27T19:38:04.405] [DEBUG] debug-file - session manager: watch message received from worker 1. Type: WatchLog
[2026-05-27T19:38:04.398] [DEBUG] debug-file - watch worker: send response to session manager. Response type: WatchLog
[2026-05-27T19:38:04.405] [DEBUG] debug-file - session manager: watch message received from worker 1. Type: WatchLog
[2026-05-27T19:38:04.398] [DEBUG] debug-file - watch worker: send response to session manager. Response type: WatchLog
[2026-05-27T19:38:04.405] [DEBUG] debug-file - session manager: watch message received from worker 1. Type: WatchLog
[2026-05-27T19:38:04.398] [DEBUG] debug-file - watch worker: send response to session manager. Response type: WatchLog
[2026-05-27T19:38:04.405] [DEBUG] debug-file - session manager: watch message received from worker 1. Type: WatchLog
[2026-05-27T19:38:04.398] [DEBUG] debug-file - watch worker: send response to session manager. Response type: WatchLog
[2026-05-27T19:38:04.405] [DEBUG] debug-file - session manager: watch message received from worker 1. Type: WatchLog
[2026-05-27T19:38:04.398] [DEBUG] debug-file - watch worker: send response to session manager. Response type: WatchLog
[2026-05-27T19:38:04.405] [DEBUG] debug-file - session manager: watch message received from worker 1. Type: WatchLog
[2026-05-27T19:38:04.398] [DEBUG] debug-file - watch worker: send response to session manager. Response type: WatchLog
[2026-05-27T19:38:04.405] [DEBUG] debug-file - session manager: watch message received from worker 1. Type: WatchLog
[2026-05-27T19:38:04.398] [DEBUG] debug-file - watch worker: send response to session manager. Response type: WatchLog
[2026-05-27T19:38:04.406] [DEBUG] debug-file - session manager: watch message received from worker 1. Type: WatchLog
[2026-05-27T19:38:04.398] [DEBUG] debug-file - watch worker: send response to session manager. Response type: WatchLog
[2026-05-27T19:38:04.406] [DEBUG] debug-file - session manager: watch message received from worker 1. Type: WatchLog
[2026-05-27T19:38:04.398] [DEBUG] debug-file - watch worker: send response to session manager. Response type: WatchLog
[2026-05-27T19:38:04.406] [DEBUG] debug-file - session manager: watch message received from worker 1. Type: WatchLog
[2026-05-27T19:38:04.398] [DEBUG] debug-file - watch worker: send response to session manager. Response type: WatchLog
[2026-05-27T19:38:04.406] [DEBUG] debug-file - session manager: watch message received from worker 1. Type: WatchLog
[2026-05-27T19:38:04.398] [DEBUG] debug-file - watch worker: send response to session manager. Response type: WatchLog
[2026-05-27T19:38:04.406] [DEBUG] debug-file - session manager: watch message received from worker 1. Type: WatchLog
[2026-05-27T19:38:04.398] [DEBUG] debug-file - watch worker: send response to session manager. Response type: WatchLog
[2026-05-27T19:38:04.406] [DEBUG] debug-file - session manager: watch message received from worker 1. Type: WatchLog
[2026-05-27T19:38:04.398] [DEBUG] debug-file - watch worker: send response to session manager. Response type: WatchLog
[2026-05-27T19:38:04.406] [DEBUG] debug-file - session manager: watch message received from worker 1. Type: WatchLog
[2026-05-27T19:38:04.398] [DEBUG] debug-file - watch worker: send response to session manager. Response type: WatchLog
[2026-05-27T19:38:04.406] [DEBUG] debug-file - session manager: watch message received from worker 1. Type: WatchLog
[2026-05-27T19:38:04.398] [DEBUG] debug-file - watch worker: send response to session manager. Response type: WatchLog
[2026-05-27T19:38:04.406] [DEBUG] debug-file - session manager: watch message received from worker 1. Type: WatchLog
[2026-05-27T19:38:04.398] [DEBUG] debug-file - watch worker: send response to session manager. Response type: WatchLog
[2026-05-27T19:38:04.406] [DEBUG] debug-file - session manager: watch message received from worker 1. Type: WatchLog
[2026-05-27T19:38:04.399] [DEBUG] debug-file - watch worker: send response to session manager. Response type: WatchLog
[2026-05-27T19:38:04.406] [DEBUG] debug-file - session manager: watch message received from worker 1. Type: WatchLog
[2026-05-27T19:38:04.399] [DEBUG] debug-file - watch worker: send response to session manager. Response type: WatchLog
[2026-05-27T19:38:04.406] [DEBUG] debug-file - session manager: watch message received from worker 1. Type: WatchLog
[2026-05-27T19:38:04.399] [DEBUG] debug-file - watch worker: send response to session manager. Response type: WatchLog
[2026-05-27T19:38:04.406] [DEBUG] debug-file - session manager: watch message received from worker 1. Type: WatchLog
[2026-05-27T19:38:04.399] [DEBUG] debug-file - watch worker: send response to session manager. Response type: WatchLog
[2026-05-27T19:38:04.407] [DEBUG] debug-file - session manager: watch message received from worker 1. Type: WatchLog
[2026-05-27T19:38:04.399] [DEBUG] debug-file - watch worker: send response to session manager. Response type: WatchLog
[2026-05-27T19:38:04.407] [DEBUG] debug-file - session manager: watch message received from worker 1. Type: WatchLog
[2026-05-27T19:38:04.399] [DEBUG] debug-file - watch worker: send response to session manager. Response type: WatchLog
[2026-05-27T19:38:04.407] [DEBUG] debug-file - session manager: watch message received from worker 1. Type: WatchLog
[2026-05-27T19:38:04.399] [DEBUG] debug-file - watch worker: send response to session manager. Response type: WatchLog
[2026-05-27T19:38:04.407] [DEBUG] debug-file - session manager: watch message received from worker 1. Type: WatchLog
[2026-05-27T19:38:04.399] [DEBUG] debug-file - watch worker: send response to session manager. Response type: WatchLog
[2026-05-27T19:38:04.407] [DEBUG] debug-file - session manager: watch message received from worker 1. Type: WatchLog
[2026-05-27T19:38:04.399] [DEBUG] debug-file - watch worker: send response to session manager. Response type: WatchLog
[2026-05-27T19:38:04.407] [DEBUG] debug-file - session manager: watch message received from worker 1. Type: WatchLog
[2026-05-27T19:38:04.399] [DEBUG] debug-file - watch worker: send response to session manager. Response type: WatchLog
[2026-05-27T19:38:04.407] [DEBUG] debug-file - session manager: watch message received from worker 1. Type: WatchLog
[2026-05-27T19:38:04.399] [DEBUG] debug-file - watch worker: send response to session manager. Response type: WatchLog
[2026-05-27T19:38:04.407] [DEBUG] debug-file - session manager: watch message received from worker 1. Type: WatchLog
[2026-05-27T19:38:04.399] [DEBUG] debug-file - watch worker: send response to session manager. Response type: WatchLog
[2026-05-27T19:38:04.407] [DEBUG] debug-file - session manager: watch message received from worker 1. Type: WatchLog
[2026-05-27T19:38:04.399] [DEBUG] debug-file - watch worker: send response to session manager. Response type: WatchLog
[2026-05-27T19:38:04.407] [DEBUG] debug-file - session manager: watch message received from worker 1. Type: WatchLog
[2026-05-27T19:38:04.399] [DEBUG] debug-file - watch worker: send response to session manager. Response type: WatchLog
[2026-05-27T19:38:04.407] [DEBUG] debug-file - session manager: watch message received from worker 1. Type: WatchLog
[2026-05-27T19:38:04.399] [DEBUG] debug-file - watch worker: send response to session manager. Response type: WatchLog
[2026-05-27T19:38:04.407] [DEBUG] debug-file - session manager: watch message received from worker 1. Type: WatchLog
[2026-05-27T19:38:04.399] [DEBUG] debug-file - watch worker: send response to session manager. Response type: WatchLog
[2026-05-27T19:38:04.407] [DEBUG] debug-file - session manager: watch message received from worker 1. Type: WatchLog
[2026-05-27T19:38:04.399] [DEBUG] debug-file - watch worker: send response to session manager. Response type: WatchLog
[2026-05-27T19:38:04.408] [DEBUG] debug-file - session manager: watch message received from worker 1. Type: WatchLog
[2026-05-27T19:38:04.399] [DEBUG] debug-file - watch worker: send response to session manager. Response type: WatchLog
[2026-05-27T19:38:04.408] [DEBUG] debug-file - session manager: watch message received from worker 1. Type: WatchLog
[2026-05-27T19:38:04.399] [DEBUG] debug-file - watch worker: send response to session manager. Response type: WatchLog
[2026-05-27T19:38:04.408] [DEBUG] debug-file - session manager: watch message received from worker 1. Type: WatchLog
[2026-05-27T19:38:04.399] [DEBUG] debug-file - watch worker: send response to session manager. Response type: WatchLog
[2026-05-27T19:38:04.408] [DEBUG] debug-file - session manager: watch message received from worker 1. Type: WatchLog
[2026-05-27T19:38:04.399] [DEBUG] debug-file - watch worker: send response to session manager. Response type: WatchLog
[2026-05-27T19:38:04.408] [DEBUG] debug-file - session manager: watch message received from worker 1. Type: WatchLog
[2026-05-27T19:38:04.399] [DEBUG] debug-file - watch worker: send response to session manager. Response type: WatchLog
[2026-05-27T19:38:04.408] [DEBUG] debug-file - session manager: watch message received from worker 1. Type: WatchLog
[2026-05-27T19:38:04.399] [DEBUG] debug-file - watch worker: send response to session manager. Response type: WatchLog
[2026-05-27T19:38:04.408] [DEBUG] debug-file - session manager: watch message received from worker 1. Type: WatchLog
[2026-05-27T19:38:04.399] [DEBUG] debug-file - watch worker: send response to session manager. Response type: WatchLog
[2026-05-27T19:38:04.408] [DEBUG] debug-file - session manager: watch message received from worker 1. Type: WatchLog
[2026-05-27T19:38:04.399] [DEBUG] debug-file - watch worker: send response to session manager. Response type: WatchLog
[2026-05-27T19:38:04.408] [DEBUG] debug-file - session manager: watch message received from worker 1. Type: WatchLog
[2026-05-27T19:38:04.399] [DEBUG] debug-file - watch worker: send response to session manager. Response type: WatchLog
[2026-05-27T19:38:04.408] [DEBUG] debug-file - session manager: watch message received from worker 1. Type: WatchLog
[2026-05-27T19:38:04.399] [DEBUG] debug-file - watch worker: send response to session manager. Response type: WatchLog
[2026-05-27T19:38:04.408] [DEBUG] debug-file - session manager: watch message received from worker 1. Type: WatchLog
[2026-05-27T19:38:04.399] [DEBUG] debug-file - watch worker: send response to session manager. Response type: WatchLog
[2026-05-27T19:38:04.409] [DEBUG] debug-file - session manager: watch message received from worker 1. Type: WatchLog
[2026-05-27T19:38:04.399] [DEBUG] debug-file - watch worker: send response to session manager. Response type: WatchLog
[2026-05-27T19:38:04.409] [DEBUG] debug-file - session manager: watch message received from worker 1. Type: WatchLog
[2026-05-27T19:38:04.399] [DEBUG] debug-file - watch worker: send response to session manager. Response type: WatchLog
[2026-05-27T19:38:04.409] [DEBUG] debug-file - session manager: watch message received from worker 1. Type: WatchLog
[2026-05-27T19:38:04.399] [DEBUG] debug-file - watch worker: send response to session manager. Response type: WatchLog
[2026-05-27T19:38:04.409] [DEBUG] debug-file - session manager: watch message received from worker 1. Type: WatchLog
[2026-05-27T19:38:04.399] [DEBUG] debug-file - watch worker: send response to session manager. Response type: WatchLog
[2026-05-27T19:38:04.409] [DEBUG] debug-file - session manager: watch message received from worker 1. Type: WatchLog
[2026-05-27T19:38:04.399] [DEBUG] debug-file - watch worker: send response to session manager. Response type: WatchLog
[2026-05-27T19:38:04.409] [DEBUG] debug-file - session manager: watch message received from worker 1. Type: WatchLog
[2026-05-27T19:38:04.399] [DEBUG] debug-file - watch worker: send response to session manager. Response type: WatchLog
[2026-05-27T19:38:04.409] [DEBUG] debug-file - session manager: watch message received from worker 1. Type: WatchLog
[2026-05-27T19:38:05.058] [DEBUG] debug-file - watch worker: send response to session manager. Response type: WatchResult
[2026-05-27T19:38:05.058] [DEBUG] debug-file - session manager: watch message received from worker 1. Type: WatchResult
[2026-05-27T19:38:05.058] [DEBUG] debug-file - Ark compile finished.
[2026-05-27T19:38:05.059] [INFO] debug-file - Finished :entry:default@PreviewArkTS... after 2 s 711 ms 
[2026-05-27T19:38:05.059] [DEBUG] debug-file - Executing task :entry:PreviewBuild
[2026-05-27T19:38:05.059] [DEBUG] debug-file - entry : PreviewBuild cost memory 0.01258087158203125
[2026-05-27T19:38:05.059] [DEBUG] debug-file - runTaskFromQueue task cost before running: 2 s 956 ms 
[2026-05-27T19:38:05.059] [INFO] debug-file - Finished :entry:PreviewBuild... after 1 ms 
[2026-05-27T19:38:05.059] [INFO] debug-file - BUILD SUCCESSFUL in 2 s 956 ms 
[2026-05-27T19:38:05.060] [DEBUG] debug-file - Update task entry:default@PreBuild input file:/Users/vita/Vitemis/Outposts/Rokurics-HarmonyOS/AppScope/app.json5 cache by regenerate.
[2026-05-27T19:38:05.060] [DEBUG] debug-file - Update task entry:default@PreBuild input file:/Users/vita/Vitemis/Outposts/Rokurics-HarmonyOS/entry/src/main/module.json5 cache by regenerate.
[2026-05-27T19:38:05.060] [DEBUG] debug-file - Update task entry:default@PreBuild input file:/Users/vita/Vitemis/Outposts/Rokurics-HarmonyOS/build-profile.json5 cache by regenerate.
[2026-05-27T19:38:05.060] [DEBUG] debug-file - Update task entry:default@PreBuild input file:/Users/vita/Vitemis/Outposts/Rokurics-HarmonyOS/entry/build-profile.json5 cache by regenerate.
[2026-05-27T19:38:05.060] [DEBUG] debug-file - Update task entry:default@PreBuild input file:/Users/vita/Vitemis/Outposts/Rokurics-HarmonyOS/entry/src/main/resources/base/profile/main_pages.json cache by regenerate.
[2026-05-27T19:38:05.060] [DEBUG] debug-file - Update task entry:default@PreBuild input file:/Users/vita/Vitemis/Outposts/Rokurics-HarmonyOS/hvigor/hvigor-config.json5 cache by regenerate.
[2026-05-27T19:38:05.060] [DEBUG] debug-file - Update task entry:default@PreBuild input file:/Users/vita/Vitemis/Outposts/Rokurics-HarmonyOS/entry/oh-package.json5 cache by regenerate.
[2026-05-27T19:38:05.060] [DEBUG] debug-file - Update task entry:default@PreBuild input file:/Users/vita/Vitemis/Outposts/Rokurics-HarmonyOS/oh-package.json5 cache by regenerate.
[2026-05-27T19:38:05.060] [DEBUG] debug-file - Incremental task entry:default@PreBuild post-execution cost:1 ms .
[2026-05-27T19:38:05.060] [DEBUG] debug-file - Update task entry:default@CreateModuleInfo output file:/Users/vita/Vitemis/Outposts/Rokurics-HarmonyOS/entry/.preview/default/generated/profile/default/ModuleInfo.ts cache.
[2026-05-27T19:38:05.060] [DEBUG] debug-file - Incremental task entry:default@CreateModuleInfo post-execution cost:1 ms .
[2026-05-27T19:38:05.060] [DEBUG] debug-file - Update task entry:default@MergeProfile input file:/Users/vita/Vitemis/Outposts/Rokurics-HarmonyOS/AppScope/app.json5 cache by regenerate.
[2026-05-27T19:38:05.060] [DEBUG] debug-file - Update task entry:default@MergeProfile input file:/Users/vita/Vitemis/Outposts/Rokurics-HarmonyOS/build-profile.json5 cache by regenerate.
[2026-05-27T19:38:05.060] [DEBUG] debug-file - Update task entry:default@MergeProfile input file:/Users/vita/Vitemis/Outposts/Rokurics-HarmonyOS/entry/src/main/module.json5 cache by regenerate.
[2026-05-27T19:38:05.060] [DEBUG] debug-file - Update task entry:default@MergeProfile output file:/Users/vita/Vitemis/Outposts/Rokurics-HarmonyOS/entry/.preview/default/intermediates/merge_profile/default/module.json cache.
[2026-05-27T19:38:05.060] [DEBUG] debug-file - Incremental task entry:default@MergeProfile post-execution cost:1 ms .
[2026-05-27T19:38:05.060] [DEBUG] debug-file - Update task entry:default@CreateBuildProfile input file:/Users/vita/Vitemis/Outposts/Rokurics-HarmonyOS/AppScope/app.json5 cache by regenerate.
[2026-05-27T19:38:05.060] [DEBUG] debug-file - Update task entry:default@CreateBuildProfile input file:/Users/vita/Vitemis/Outposts/Rokurics-HarmonyOS/build-profile.json5 cache by regenerate.
[2026-05-27T19:38:05.060] [DEBUG] debug-file - Update task entry:default@CreateBuildProfile output file:/Users/vita/Vitemis/Outposts/Rokurics-HarmonyOS/entry/.preview/default/generated/profile/default/BuildProfile.ets cache.
[2026-05-27T19:38:05.060] [DEBUG] debug-file - Incremental task entry:default@CreateBuildProfile post-execution cost:1 ms .
[2026-05-27T19:38:05.060] [DEBUG] debug-file - Update task entry:default@GeneratePkgContextInfo output file:/Users/vita/Vitemis/Outposts/Rokurics-HarmonyOS/entry/.preview/default/intermediates/loader/default/pkgContextInfo.json cache.
[2026-05-27T19:38:05.060] [DEBUG] debug-file - Incremental task entry:default@GeneratePkgContextInfo post-execution cost:1 ms .
[2026-05-27T19:38:05.060] [DEBUG] debug-file - Update task entry:default@ProcessProfile input file:/Users/vita/Vitemis/Outposts/Rokurics-HarmonyOS/entry/.preview/default/intermediates/merge_profile/default/module.json cache from map.
[2026-05-27T19:38:05.060] [DEBUG] debug-file - Update task entry:default@ProcessProfile output file:/Users/vita/Vitemis/Outposts/Rokurics-HarmonyOS/entry/.preview/default/intermediates/process_profile/default/module.json cache.
[2026-05-27T19:38:05.060] [DEBUG] debug-file - Incremental task entry:default@ProcessProfile post-execution cost:1 ms .
[2026-05-27T19:38:05.060] [DEBUG] debug-file - Update task entry:default@ProcessRouterMap input file:/Users/vita/Vitemis/Outposts/Rokurics-HarmonyOS/entry/oh-package.json5 cache by regenerate.
[2026-05-27T19:38:05.060] [DEBUG] debug-file - Update task entry:default@ProcessRouterMap input file:/Users/vita/Vitemis/Outposts/Rokurics-HarmonyOS/oh-package.json5 cache by regenerate.
[2026-05-27T19:38:05.060] [DEBUG] debug-file - Update task entry:default@ProcessRouterMap input file:/Users/vita/Vitemis/Outposts/Rokurics-HarmonyOS/entry/src/main/module.json5 cache by regenerate.
[2026-05-27T19:38:05.060] [DEBUG] debug-file - Update task entry:default@ProcessRouterMap output file:/Users/vita/Vitemis/Outposts/Rokurics-HarmonyOS/entry/.preview/default/intermediates/router_map/default/temp-router-map.json cache.
[2026-05-27T19:38:05.060] [DEBUG] debug-file - Update task entry:default@ProcessRouterMap output file:/Users/vita/Vitemis/Outposts/Rokurics-HarmonyOS/entry/.preview/default/intermediates/router_map/default/loader-router-map.json cache.
[2026-05-27T19:38:05.060] [DEBUG] debug-file - Incremental task entry:default@ProcessRouterMap post-execution cost:1 ms .
[2026-05-27T19:38:05.061] [DEBUG] debug-file - Update task entry:default@ProcessShareConfig input file:/Users/vita/Vitemis/Outposts/Rokurics-HarmonyOS/entry/oh-package.json5 cache by regenerate.
[2026-05-27T19:38:05.061] [DEBUG] debug-file - Update task entry:default@ProcessShareConfig input file:/Users/vita/Vitemis/Outposts/Rokurics-HarmonyOS/oh-package.json5 cache by regenerate.
[2026-05-27T19:38:05.061] [DEBUG] debug-file - Update task entry:default@ProcessShareConfig input file:/Users/vita/Vitemis/Outposts/Rokurics-HarmonyOS/entry/src/main/module.json5 cache by regenerate.
[2026-05-27T19:38:05.061] [DEBUG] debug-file - Update task entry:default@ProcessShareConfig output file:/Users/vita/Vitemis/Outposts/Rokurics-HarmonyOS/entry/.preview/default/intermediates/share_config/default/temp-share-config.json cache.
[2026-05-27T19:38:05.061] [DEBUG] debug-file - Incremental task entry:default@ProcessShareConfig post-execution cost:1 ms .
[2026-05-27T19:38:05.061] [DEBUG] debug-file - Update task entry:default@ProcessStartupConfig output file:/Users/vita/Vitemis/Outposts/Rokurics-HarmonyOS/entry/.preview/default/intermediates/startup/default/startup_config.json cache.
[2026-05-27T19:38:05.061] [DEBUG] debug-file - Incremental task entry:default@ProcessStartupConfig post-execution cost:1 ms .
[2026-05-27T19:38:05.061] [DEBUG] debug-file - Update task entry:default@GenerateLoaderJson input file:/Users/vita/Vitemis/Outposts/Rokurics-HarmonyOS/entry/.preview/default/intermediates/router_map/default/temp-router-map.json cache from map.
[2026-05-27T19:38:05.061] [DEBUG] debug-file - Update task entry:default@GenerateLoaderJson output file:/Users/vita/Vitemis/Outposts/Rokurics-HarmonyOS/entry/.preview/default/intermediates/loader/default/loader.json cache.
[2026-05-27T19:38:05.061] [DEBUG] debug-file - Incremental task entry:default@GenerateLoaderJson post-execution cost:1 ms .
[2026-05-27T19:38:05.061] [DEBUG] debug-file - Update task entry:default@PreviewCompileResource input file:/Users/vita/Vitemis/Outposts/Rokurics-HarmonyOS/entry/src/main/resources cache by regenerate.
[2026-05-27T19:38:05.061] [DEBUG] debug-file - Update task entry:default@PreviewCompileResource input file:/Users/vita/Vitemis/Outposts/Rokurics-HarmonyOS/entry/.preview/default/intermediates/merge_profile/default/module.json cache from map.
[2026-05-27T19:38:05.061] [DEBUG] debug-file - Update task entry:default@PreviewCompileResource output file:/Users/vita/Vitemis/Outposts/Rokurics-HarmonyOS/entry/.preview/default/intermediates/res/default cache.
[2026-05-27T19:38:05.061] [DEBUG] debug-file - Update task entry:default@PreviewCompileResource output file:/Users/vita/Vitemis/Outposts/Rokurics-HarmonyOS/entry/.preview/default/generated/r/default cache.
[2026-05-27T19:38:05.062] [DEBUG] debug-file - Incremental task entry:default@PreviewCompileResource post-execution cost:1 ms .
[2026-05-27T19:38:05.062] [DEBUG] debug-file - Update task entry:default@CopyPreviewProfile input file:/Users/vita/Vitemis/Outposts/Rokurics-HarmonyOS/entry/src/main/resources/base/profile cache by regenerate.
[2026-05-27T19:38:05.062] [DEBUG] debug-file - Update task entry:default@CopyPreviewProfile output file:/Users/vita/Vitemis/Outposts/Rokurics-HarmonyOS/entry/.preview/default/intermediates/res/default/resources/base/profile cache.
[2026-05-27T19:38:05.062] [DEBUG] debug-file - Incremental task entry:default@CopyPreviewProfile post-execution cost:1 ms .
[2026-05-27T19:38:05.062] [DEBUG] debug-file - Update task entry:default@PreviewUpdateAssets output file:/Users/vita/Vitemis/Outposts/Rokurics-HarmonyOS/entry/.preview/default/intermediates/res/default/module.json cache.
[2026-05-27T19:38:05.062] [DEBUG] debug-file - Update task entry:default@PreviewUpdateAssets output file:/Users/vita/Vitemis/Outposts/Rokurics-HarmonyOS/entry/.preview/default/intermediates/res/default/resources/base/profile/main_pages.json cache.
[2026-05-27T19:38:05.062] [DEBUG] debug-file - Incremental task entry:default@PreviewUpdateAssets post-execution cost:1 ms .
[2026-05-27T19:38:05.062] [DEBUG] debug-file - Update task entry:default@PreviewArkTS input file:/Users/vita/Vitemis/Outposts/Rokurics-HarmonyOS/entry/.preview/default/intermediates/loader/default cache from map.
[2026-05-27T19:38:05.062] [DEBUG] debug-file - Update task entry:default@PreviewArkTS input file:/Users/vita/Vitemis/Outposts/Rokurics-HarmonyOS/entry/.preview/default/intermediates/res/default/ResourceTable.txt cache by regenerate.
[2026-05-27T19:38:05.062] [DEBUG] debug-file - Update task entry:default@PreviewArkTS input file:/Users/vita/Vitemis/Outposts/Rokurics-HarmonyOS/entry/.preview/default/intermediates/process_profile/default/module.json cache by regenerate.
[2026-05-27T19:38:05.062] [DEBUG] debug-file - Update task entry:default@PreviewArkTS input file:/Users/vita/Vitemis/Outposts/Rokurics-HarmonyOS/entry/.preview/default/intermediates/res/default/resources/base/profile cache by regenerate.
[2026-05-27T19:38:05.062] [DEBUG] debug-file - Update task entry:default@PreviewArkTS input file:/Users/vita/Vitemis/Outposts/Rokurics-HarmonyOS/entry/src/main/ets cache by regenerate.
[2026-05-27T19:38:05.062] [DEBUG] debug-file - Update task entry:default@PreviewArkTS input file:/Users/vita/Vitemis/Outposts/Rokurics-HarmonyOS/entry/.preview/default/generated/profile/default/BuildProfile.ets cache by regenerate.
[2026-05-27T19:38:05.062] [DEBUG] debug-file - Update task entry:default@PreviewArkTS output file:/Users/vita/Vitemis/Outposts/Rokurics-HarmonyOS/entry/.preview/default/intermediates/loader_out/default/ets cache.
[2026-05-27T19:38:05.062] [DEBUG] debug-file - Incremental task entry:default@PreviewArkTS post-execution cost:1 ms .
[2026-05-27T19:38:05.067] [DEBUG] debug-file - There's no busy workers and idle workers need cleanup.
[2026-05-27T19:38:05.067] [DEBUG] debug-file - hvigor build process will be closed.
[2026-05-27T19:38:26.375] [DEBUG] debug-file - session manager: send message to worker process.
[2026-05-27T19:38:26.375] [DEBUG] debug-file - session manager: send message to worker process.
[2026-05-27T19:38:26.403] [DEBUG] debug-file - bad codeSnippet [object Object]
[2026-05-27T19:38:26.412] [DEBUG] debug-file - watch worker: worker is ready to be terminated.
[2026-05-27T19:38:26.412] [DEBUG] debug-file - Server currently has 0 watch-worker
