[2026-05-28T20:41:50.573] [DEBUG] debug-file - env: nodejsVersion=v18.20.1
[2026-05-28T20:41:50.588] [DEBUG] debug-file - env: daemon=true
[2026-05-28T20:41:50.573] [DEBUG] debug-file - env: hvigor-config.json5 content = { modelVersion: '6.1.0', dependencies: {} }
[2026-05-28T20:41:51.077] [WARN] debug-file - /bin/sh: /bin/ps: Operation not permitted

[2026-05-28T20:41:51.104] [DEBUG] debug-file - java daemon tryConnect success
[2026-05-28T20:41:51.139] [DEBUG] debug-file - session manager: set active socket. socketId=4eBftpvOMPx1eLmZAAAB
[2026-05-28T20:41:51.788] [DEBUG] debug-file - watch worker: worker id should be larger than 0. Nothing will be sent to any worker thread.
[2026-05-28T20:41:51.792] [DEBUG] debug-file - Since there is no instance or instance is terminated, create a new worker pool.
[2026-05-28T20:41:51.792] [DEBUG] debug-file - Worker pool is initialized with config:  {
  minPoolNum: 2,
  maxPoolNum: undefined,
  maxCoreSize: undefined,
  cacheCapacity: undefined,
  cacheTtl: undefined
}
[2026-05-28T20:41:51.792] [DEBUG] debug-file - Create  resident worker with id: 0.
[2026-05-28T20:41:51.800] [DEBUG] debug-file - Create  resident worker with id: 1.
[2026-05-28T20:41:51.811] [DEBUG] debug-file - Workers' log level updated to DEBUG
[2026-05-28T20:41:51.821] [DEBUG] debug-file - Hvigor init with startParameters:{
  hvigorfileTypeCheck: false,
  parallelExecution: true,
  incrementalExecution: true,
  printStackTrace: false,
  daemon: true,
  analyze: 0,
  logLevel: Level { level: 10000, levelStr: 'DEBUG', colour: 'cyan' },
  optimizationStrategy: 'memory',
  hotCompile: undefined,
  hotReloadBuild: undefined,
  customizedParam: undefined
}
[2026-05-28T20:41:51.822] [DEBUG] debug-file - Since current hvigor version 6.23.5 differs from last hvigor version 
      undefined, delete file-cache.json and task-cache.json.
[2026-05-28T20:41:51.822] [DEBUG] debug-file - Cache service initialization finished in 1 ms 
[2026-05-28T20:41:51.828] [DEBUG] debug-file - hvigorfile, resolving /Users/vita/Vitemis/Outposts/Kikaria-HarmonyOS/hvigorfile.ts
[2026-05-28T20:41:53.408] [DEBUG] debug-file - hvigorfile, require result:  { default: { plugins: [] } }
[2026-05-28T20:41:53.409] [DEBUG] debug-file - hvigorfile, binding system plugins null
[2026-05-28T20:41:53.409] [DEBUG] debug-file - Starting plugin build process
[2026-05-28T20:41:53.409] [DEBUG] debug-file - App plugin prepare start...
[2026-05-28T20:41:53.409] [DEBUG] debug-file - App plugin prepare end...
[2026-05-28T20:41:53.409] [DEBUG] debug-file - App plugin creating...
[2026-05-28T20:41:53.575] [DEBUG] debug-file - App plugin register hook start...
[2026-05-28T20:41:53.575] [DEBUG] debug-file - App plugin register hook end...
[2026-05-28T20:41:53.576] [DEBUG] debug-file - Plugin build process completed
[2026-05-28T20:41:53.576] [DEBUG] debug-file - Start initialize project's product build option map with build mode debug.
[2026-05-28T20:41:53.576] [DEBUG] debug-file - Picking option from product 'default' with build mode 'debug'.
[2026-05-28T20:41:53.576] [DEBUG] debug-file - Product 'default' build option initialized
[2026-05-28T20:41:53.576] [DEBUG] debug-file - End initialize project's product build option map with build mode 'debug'.
[2026-05-28T20:41:53.578] [DEBUG] debug-file - Obtain build option for product 'default'in this build.
[2026-05-28T20:41:53.579] [DEBUG] debug-file - No signingConfig found, initRemoteHspCache failed.
[2026-05-28T20:41:53.582] [DEBUG] debug-file - Local scan or download HarmonyOS sdk components toolchains,ets,js,native,previewer
[2026-05-28T20:41:53.589] [DEBUG] debug-file - Local scan or download hmscore sdk components toolchains,ets,native
[2026-05-28T20:41:53.626] [DEBUG] debug-file - hvigor build process will be closed with an error.
[2026-05-28T20:41:53.628] [ERROR] debug-file - [31m00303168 Configuration Error
Error Message: SDK component missing.

* Try the following:
  > Please verify the integrity of your SDK.
  > Please update the SDK at the download link below.
  > More info: https://developer.huawei.com/consumer/en/download
[39m

[31m* Try:
> Run with --stacktrace option to get the stack trace.

[2026-05-28T20:41:53.628] [DEBUG] debug-file - ERROR: stacktrace = AdaptorError: [31m00303168 Configuration Error
Error Message: SDK component missing.

* Try the following:
  > Please verify the integrity of your SDK.
  > Please update the SDK at the download link below.
  > More info: https://developer.huawei.com/consumer/en/download
[39m
    at OhosLogger.printErrorExit (/Applications/DevEco-Studio.app/Contents/tools/hvigor/hvigor/src/base/log/hvigor-log.js:1:5087)
    at HmosSdkLoader.getHmsSdkComponents (/Applications/DevEco-Studio.app/Contents/tools/hvigor/hvigor-ohos-plugin/src/sdk/hmos-sdk-loader.js:1:2991)
    at HosSdkInfo.setup (/Applications/DevEco-Studio.app/Contents/tools/hvigor/hvigor-ohos-plugin/src/sdk/info/hos-sdk-info.js:1:1629)
    at process.processTicksAndRejections (node:internal/process/task_queues:95:5)
    at async ProjectTaskService.setup (/Applications/DevEco-Studio.app/Contents/tools/hvigor/hvigor-ohos-plugin/src/tasks/service/project-task-service.js:1:2505)
    at async ProjectImpl.<anonymous> (/Applications/DevEco-Studio.app/Contents/tools/hvigor/hvigor-ohos-plugin/src/plugin/builder/app-plugin-builder.js:1:2304)
    at async ProjectImpl.executeAfterBindSystemPluginsHook (/Applications/DevEco-Studio.app/Contents/tools/hvigor/hvigor/src/base/internal/lifecycle/hvigor-node-impl/default-node-impl.js:1:5559)
    at async evaluateNodeVigorFile (/Applications/DevEco-Studio.app/Contents/tools/hvigor/hvigor/src/base/internal/lifecycle/configuration.js:1:9213)
    at async evalProject (/Applications/DevEco-Studio.app/Contents/tools/hvigor/hvigor/src/base/internal/lifecycle/configuration.js:1:3544)
    at async configuration (/Applications/DevEco-Studio.app/Contents/tools/hvigor/hvigor/src/base/internal/lifecycle/configuration.js:1:2288)
[2026-05-28T20:41:53.628] [ERROR] debug-file - AdaptorError: [31m00303168 Configuration Error
Error Message: SDK component missing.

* Try the following:
  > Please verify the integrity of your SDK.
  > Please update the SDK at the download link below.
  > More info: https://developer.huawei.com/consumer/en/download
[39m
    at OhosLogger.printErrorExit (/Applications/DevEco-Studio.app/Contents/tools/hvigor/hvigor/src/base/log/hvigor-log.js:1:5087)
    at HmosSdkLoader.getHmsSdkComponents (/Applications/DevEco-Studio.app/Contents/tools/hvigor/hvigor-ohos-plugin/src/sdk/hmos-sdk-loader.js:1:2991)
    at HosSdkInfo.setup (/Applications/DevEco-Studio.app/Contents/tools/hvigor/hvigor-ohos-plugin/src/sdk/info/hos-sdk-info.js:1:1629)
    at process.processTicksAndRejections (node:internal/process/task_queues:95:5)
    at async ProjectTaskService.setup (/Applications/DevEco-Studio.app/Contents/tools/hvigor/hvigor-ohos-plugin/src/tasks/service/project-task-service.js:1:2505)
    at async ProjectImpl.<anonymous> (/Applications/DevEco-Studio.app/Contents/tools/hvigor/hvigor-ohos-plugin/src/plugin/builder/app-plugin-builder.js:1:2304)
    at async ProjectImpl.executeAfterBindSystemPluginsHook (/Applications/DevEco-Studio.app/Contents/tools/hvigor/hvigor/src/base/internal/lifecycle/hvigor-node-impl/default-node-impl.js:1:5559)
    at async evaluateNodeVigorFile (/Applications/DevEco-Studio.app/Contents/tools/hvigor/hvigor/src/base/internal/lifecycle/configuration.js:1:9213)
    at async evalProject (/Applications/DevEco-Studio.app/Contents/tools/hvigor/hvigor/src/base/internal/lifecycle/configuration.js:1:3544)
    at async configuration (/Applications/DevEco-Studio.app/Contents/tools/hvigor/hvigor/src/base/internal/lifecycle/configuration.js:1:2288)
[2026-05-28T20:41:53.629] [ERROR] debug-file - BUILD FAILED in 1 s 817 ms 
[2026-05-28T20:41:53.634] [DEBUG] debug-file - Cleanup worker 0.
[2026-05-28T20:41:53.634] [DEBUG] debug-file - Worker 0 has been cleaned up.
[2026-05-28T20:41:53.634] [DEBUG] debug-file - Current idle worker size: 1.
[2026-05-28T20:41:53.634] [DEBUG] debug-file - Current resident worker size: 2.
[2026-05-28T20:41:53.634] [DEBUG] debug-file - Cleanup worker 1.
[2026-05-28T20:41:53.634] [DEBUG] debug-file - Worker 1 has been cleaned up.
[2026-05-28T20:41:53.634] [DEBUG] debug-file - Current idle worker size: 0.
[2026-05-28T20:41:53.634] [DEBUG] debug-file - Current resident worker size: 2.
[2026-05-28T20:41:53.643] [DEBUG] debug-file - hvigor build process will be closed.
[2026-05-28T20:41:53.653] [DEBUG] debug-file - worker[1] exits with exit code 1.
[2026-05-28T20:41:53.653] [DEBUG] debug-file - worker[0] exits with exit code 1.
[2026-05-28T20:41:53.660] [DEBUG] debug-file - session manager: send message to worker process.
[2026-05-28T20:41:53.660] [DEBUG] debug-file - session manager: send message to worker process.
[2026-05-28T20:41:53.661] [DEBUG] debug-file - watch worker: worker id should be larger than 0. Nothing will be sent to any worker thread.
[2026-05-28T20:41:53.661] [DEBUG] debug-file - watch worker: worker id should be larger than 0. Nothing will be sent to any worker thread.
[2026-05-28T20:43:08.035] [DEBUG] debug-file - env: nodejsVersion=v18.20.1
[2026-05-28T20:43:08.063] [DEBUG] debug-file - env: daemon=true
[2026-05-28T20:43:08.036] [DEBUG] debug-file - env: hvigor-config.json5 content = { modelVersion: '6.1.0', dependencies: {} }
[2026-05-28T20:43:08.476] [WARN] debug-file - /bin/sh: /bin/ps: Operation not permitted

[2026-05-28T20:43:08.492] [DEBUG] debug-file - java daemon tryConnect success
[2026-05-28T20:43:08.516] [DEBUG] debug-file - session manager: set active socket. socketId=sHPFfMC-2WAHigreAAAB
[2026-05-28T20:43:08.898] [DEBUG] debug-file - watch worker: worker id should be larger than 0. Nothing will be sent to any worker thread.
[2026-05-28T20:43:08.902] [DEBUG] debug-file - Since there is no instance or instance is terminated, create a new worker pool.
[2026-05-28T20:43:08.902] [DEBUG] debug-file - Worker pool is initialized with config:  {
  minPoolNum: 2,
  maxPoolNum: undefined,
  maxCoreSize: undefined,
  cacheCapacity: undefined,
  cacheTtl: undefined
}
[2026-05-28T20:43:08.903] [DEBUG] debug-file - Create  resident worker with id: 0.
[2026-05-28T20:43:08.904] [DEBUG] debug-file - Create  resident worker with id: 1.
[2026-05-28T20:43:08.907] [DEBUG] debug-file - Workers' log level updated to DEBUG
[2026-05-28T20:43:08.917] [DEBUG] debug-file - Hvigor init with startParameters:{
  hvigorfileTypeCheck: false,
  parallelExecution: true,
  incrementalExecution: true,
  printStackTrace: false,
  daemon: true,
  analyze: 0,
  logLevel: Level { level: 10000, levelStr: 'DEBUG', colour: 'cyan' },
  optimizationStrategy: 'memory',
  hotCompile: undefined,
  hotReloadBuild: undefined,
  customizedParam: undefined
}
[2026-05-28T20:43:08.917] [DEBUG] debug-file - Since current hvigor version 6.23.5 differs from last hvigor version 
      undefined, delete file-cache.json and task-cache.json.
[2026-05-28T20:43:08.918] [DEBUG] debug-file - Cache service initialization finished in 2 ms 
[2026-05-28T20:43:08.921] [DEBUG] debug-file - hvigorfile, resolving /Users/vita/Vitemis/Outposts/Kikaria-HarmonyOS/hvigorfile.ts
[2026-05-28T20:43:09.993] [DEBUG] debug-file - hvigorfile, require result:  { default: { plugins: [] } }
[2026-05-28T20:43:09.995] [DEBUG] debug-file - hvigorfile, binding system plugins null
[2026-05-28T20:43:09.995] [DEBUG] debug-file - Starting plugin build process
[2026-05-28T20:43:09.995] [DEBUG] debug-file - App plugin prepare start...
[2026-05-28T20:43:09.996] [DEBUG] debug-file - App plugin prepare end...
[2026-05-28T20:43:09.996] [DEBUG] debug-file - App plugin creating...
[2026-05-28T20:43:10.140] [DEBUG] debug-file - App plugin register hook start...
[2026-05-28T20:43:10.140] [DEBUG] debug-file - App plugin register hook end...
[2026-05-28T20:43:10.140] [DEBUG] debug-file - Plugin build process completed
[2026-05-28T20:43:10.141] [DEBUG] debug-file - Start initialize project's product build option map with build mode debug.
[2026-05-28T20:43:10.142] [DEBUG] debug-file - Picking option from product 'default' with build mode 'debug'.
[2026-05-28T20:43:10.142] [DEBUG] debug-file - Product 'default' build option initialized
[2026-05-28T20:43:10.142] [DEBUG] debug-file - End initialize project's product build option map with build mode 'debug'.
[2026-05-28T20:43:10.144] [DEBUG] debug-file - Obtain build option for product 'default'in this build.
[2026-05-28T20:43:10.145] [DEBUG] debug-file - No signingConfig found, initRemoteHspCache failed.
[2026-05-28T20:43:10.147] [DEBUG] debug-file - Local scan or download HarmonyOS sdk components toolchains,ets,js,native,previewer
[2026-05-28T20:43:10.154] [DEBUG] debug-file - Local scan or download hmscore sdk components toolchains,ets,native
[2026-05-28T20:43:10.169] [DEBUG] debug-file - hvigor build process will be closed with an error.
[2026-05-28T20:43:10.170] [ERROR] debug-file - [31m00303168 Configuration Error
Error Message: SDK component missing.

* Try the following:
  > Please verify the integrity of your SDK.
  > Please update the SDK at the download link below.
  > More info: https://developer.huawei.com/consumer/en/download
[39m

[31m* Try:
> Run with --stacktrace option to get the stack trace.

[2026-05-28T20:43:10.170] [DEBUG] debug-file - ERROR: stacktrace = AdaptorError: [31m00303168 Configuration Error
Error Message: SDK component missing.

* Try the following:
  > Please verify the integrity of your SDK.
  > Please update the SDK at the download link below.
  > More info: https://developer.huawei.com/consumer/en/download
[39m
    at OhosLogger.printErrorExit (/Applications/DevEco-Studio.app/Contents/tools/hvigor/hvigor/src/base/log/hvigor-log.js:1:5087)
    at HmosSdkLoader.getHmsSdkComponents (/Applications/DevEco-Studio.app/Contents/tools/hvigor/hvigor-ohos-plugin/src/sdk/hmos-sdk-loader.js:1:2991)
    at HosSdkInfo.setup (/Applications/DevEco-Studio.app/Contents/tools/hvigor/hvigor-ohos-plugin/src/sdk/info/hos-sdk-info.js:1:1629)
    at process.processTicksAndRejections (node:internal/process/task_queues:95:5)
    at async ProjectTaskService.setup (/Applications/DevEco-Studio.app/Contents/tools/hvigor/hvigor-ohos-plugin/src/tasks/service/project-task-service.js:1:2505)
    at async ProjectImpl.<anonymous> (/Applications/DevEco-Studio.app/Contents/tools/hvigor/hvigor-ohos-plugin/src/plugin/builder/app-plugin-builder.js:1:2304)
    at async ProjectImpl.executeAfterBindSystemPluginsHook (/Applications/DevEco-Studio.app/Contents/tools/hvigor/hvigor/src/base/internal/lifecycle/hvigor-node-impl/default-node-impl.js:1:5559)
    at async evaluateNodeVigorFile (/Applications/DevEco-Studio.app/Contents/tools/hvigor/hvigor/src/base/internal/lifecycle/configuration.js:1:9213)
    at async evalProject (/Applications/DevEco-Studio.app/Contents/tools/hvigor/hvigor/src/base/internal/lifecycle/configuration.js:1:3544)
    at async configuration (/Applications/DevEco-Studio.app/Contents/tools/hvigor/hvigor/src/base/internal/lifecycle/configuration.js:1:2288)
[2026-05-28T20:43:10.170] [ERROR] debug-file - AdaptorError: [31m00303168 Configuration Error
Error Message: SDK component missing.

* Try the following:
  > Please verify the integrity of your SDK.
  > Please update the SDK at the download link below.
  > More info: https://developer.huawei.com/consumer/en/download
[39m
    at OhosLogger.printErrorExit (/Applications/DevEco-Studio.app/Contents/tools/hvigor/hvigor/src/base/log/hvigor-log.js:1:5087)
    at HmosSdkLoader.getHmsSdkComponents (/Applications/DevEco-Studio.app/Contents/tools/hvigor/hvigor-ohos-plugin/src/sdk/hmos-sdk-loader.js:1:2991)
    at HosSdkInfo.setup (/Applications/DevEco-Studio.app/Contents/tools/hvigor/hvigor-ohos-plugin/src/sdk/info/hos-sdk-info.js:1:1629)
    at process.processTicksAndRejections (node:internal/process/task_queues:95:5)
    at async ProjectTaskService.setup (/Applications/DevEco-Studio.app/Contents/tools/hvigor/hvigor-ohos-plugin/src/tasks/service/project-task-service.js:1:2505)
    at async ProjectImpl.<anonymous> (/Applications/DevEco-Studio.app/Contents/tools/hvigor/hvigor-ohos-plugin/src/plugin/builder/app-plugin-builder.js:1:2304)
    at async ProjectImpl.executeAfterBindSystemPluginsHook (/Applications/DevEco-Studio.app/Contents/tools/hvigor/hvigor/src/base/internal/lifecycle/hvigor-node-impl/default-node-impl.js:1:5559)
    at async evaluateNodeVigorFile (/Applications/DevEco-Studio.app/Contents/tools/hvigor/hvigor/src/base/internal/lifecycle/configuration.js:1:9213)
    at async evalProject (/Applications/DevEco-Studio.app/Contents/tools/hvigor/hvigor/src/base/internal/lifecycle/configuration.js:1:3544)
    at async configuration (/Applications/DevEco-Studio.app/Contents/tools/hvigor/hvigor/src/base/internal/lifecycle/configuration.js:1:2288)
[2026-05-28T20:43:10.171] [ERROR] debug-file - BUILD FAILED in 1 s 264 ms 
[2026-05-28T20:43:10.174] [DEBUG] debug-file - Cleanup worker 0.
[2026-05-28T20:43:10.174] [DEBUG] debug-file - Worker 0 has been cleaned up.
[2026-05-28T20:43:10.174] [DEBUG] debug-file - Current idle worker size: 1.
[2026-05-28T20:43:10.174] [DEBUG] debug-file - Current resident worker size: 2.
[2026-05-28T20:43:10.174] [DEBUG] debug-file - Cleanup worker 1.
[2026-05-28T20:43:10.174] [DEBUG] debug-file - Worker 1 has been cleaned up.
[2026-05-28T20:43:10.174] [DEBUG] debug-file - Current idle worker size: 0.
[2026-05-28T20:43:10.174] [DEBUG] debug-file - Current resident worker size: 2.
[2026-05-28T20:43:10.178] [DEBUG] debug-file - session manager: send message to worker process.
[2026-05-28T20:43:10.178] [DEBUG] debug-file - session manager: send message to worker process.
[2026-05-28T20:43:10.183] [DEBUG] debug-file - hvigor build process will be closed.
[2026-05-28T20:43:10.185] [DEBUG] debug-file - worker[0] exits with exit code 1.
[2026-05-28T20:43:10.186] [DEBUG] debug-file - worker[1] exits with exit code 1.
[2026-05-28T20:43:10.187] [DEBUG] debug-file - watch worker: worker id should be larger than 0. Nothing will be sent to any worker thread.
[2026-05-28T20:43:10.187] [DEBUG] debug-file - watch worker: worker id should be larger than 0. Nothing will be sent to any worker thread.
[2026-05-28T20:43:43.077] [DEBUG] debug-file - env: nodejsVersion=v18.20.1
[2026-05-28T20:43:43.099] [DEBUG] debug-file - env: daemon=true
[2026-05-28T20:43:43.079] [DEBUG] debug-file - env: hvigor-config.json5 content = { modelVersion: '6.1.0', dependencies: {} }
[2026-05-28T20:43:43.570] [WARN] debug-file - /bin/sh: /bin/ps: Operation not permitted

[2026-05-28T20:43:43.599] [DEBUG] debug-file - java daemon tryConnect success
[2026-05-28T20:43:43.617] [DEBUG] debug-file - session manager: set active socket. socketId=_7EZ5GKDJUymHu0FAAAB
[2026-05-28T20:43:44.032] [DEBUG] debug-file - watch worker: worker id should be larger than 0. Nothing will be sent to any worker thread.
[2026-05-28T20:43:44.033] [DEBUG] debug-file - Since there is no instance or instance is terminated, create a new worker pool.
[2026-05-28T20:43:44.033] [DEBUG] debug-file - Worker pool is initialized with config:  {
  minPoolNum: 2,
  maxPoolNum: undefined,
  maxCoreSize: undefined,
  cacheCapacity: undefined,
  cacheTtl: undefined
}
[2026-05-28T20:43:44.033] [DEBUG] debug-file - Create  resident worker with id: 0.
[2026-05-28T20:43:44.038] [DEBUG] debug-file - Create  resident worker with id: 1.
[2026-05-28T20:43:44.039] [DEBUG] debug-file - Workers' log level updated to INFO
[2026-05-28T20:43:44.042] [DEBUG] debug-file - Hvigor init with startParameters:{
  hvigorfileTypeCheck: false,
  parallelExecution: true,
  incrementalExecution: true,
  printStackTrace: false,
  daemon: true,
  analyze: 0,
  logLevel: Level { level: 20000, levelStr: 'INFO', colour: 'green' },
  optimizationStrategy: 'memory',
  hotCompile: undefined,
  hotReloadBuild: undefined,
  customizedParam: undefined
}
[2026-05-28T20:43:44.043] [DEBUG] debug-file - Since current hvigor version 6.23.5 differs from last hvigor version 
      undefined, delete file-cache.json and task-cache.json.
[2026-05-28T20:43:44.043] [DEBUG] debug-file - Cache service initialization finished in 2 ms 
[2026-05-28T20:43:44.045] [DEBUG] debug-file - hvigorfile, resolving /Users/vita/Vitemis/Outposts/Kikaria-HarmonyOS/hvigorfile.ts
[2026-05-28T20:43:45.111] [DEBUG] debug-file - hvigorfile, require result:  { default: { plugins: [] } }
[2026-05-28T20:43:45.111] [DEBUG] debug-file - hvigorfile, binding system plugins null
[2026-05-28T20:43:45.111] [DEBUG] debug-file - Starting plugin build process
[2026-05-28T20:43:45.111] [DEBUG] debug-file - App plugin prepare start...
[2026-05-28T20:43:45.111] [DEBUG] debug-file - App plugin prepare end...
[2026-05-28T20:43:45.111] [DEBUG] debug-file - App plugin creating...
[2026-05-28T20:43:45.268] [DEBUG] debug-file - hvigor build process will be closed with an error.
[2026-05-28T20:43:45.283] [ERROR] debug-file - [31m00306042 Specification Limit Violation
Error Message: In HarmonyOS configuration mode:
- When API level is 10 or later, the value of compileSdkVersion/compatibleSdkVersion/targetSdkVersion must be string, Example: '5.0.0(12)'.

* Try the following:
  > Check the project's build-profile.json5. At file: /Users/vita/Vitemis/Outposts/Kikaria-HarmonyOS/build-profile.json5
[39m

[31m* Try:
> Run with --stacktrace option to get the stack trace.
> Run with --debug option to get more log output.

[2026-05-28T20:43:45.283] [DEBUG] debug-file - ERROR: stacktrace = AdaptorError: [31m00306042 Specification Limit Violation
Error Message: In HarmonyOS configuration mode:
- When API level is 10 or later, the value of compileSdkVersion/compatibleSdkVersion/targetSdkVersion must be string, Example: '5.0.0(12)'.

* Try the following:
  > Check the project's build-profile.json5. At file: /Users/vita/Vitemis/Outposts/Kikaria-HarmonyOS/build-profile.json5
[39m
    at OhosLogger.printErrorExit (/Applications/DevEco-Studio.app/Contents/tools/hvigor/hvigor/src/base/log/hvigor-log.js:1:5087)
    at getApiVersion (/Applications/DevEco-Studio.app/Contents/tools/hvigor/hvigor-ohos-plugin/src/sdk/sdk-util.js:1:1560)
    at parseApiVersion (/Applications/DevEco-Studio.app/Contents/tools/hvigor/hvigor-ohos-plugin/src/sdk/sdk-util.js:1:2356)
    at ProjectModelImpl.initializeApiMetadata (/Applications/DevEco-Studio.app/Contents/tools/hvigor/hvigor-ohos-plugin/src/model/project/core-project-model-impl.js:1:6126)
    at new CoreProjectModelImpl (/Applications/DevEco-Studio.app/Contents/tools/hvigor/hvigor-ohos-plugin/src/model/project/core-project-model-impl.js:1:2869)
    at new ProjectModelImpl (/Applications/DevEco-Studio.app/Contents/tools/hvigor/hvigor-ohos-plugin/src/model/project/project-model-impl.js:1:596)
    at new AppPlugin (/Applications/DevEco-Studio.app/Contents/tools/hvigor/hvigor-ohos-plugin/src/plugin/app-plugin.js:1:514)
    at StageInitializationStrategy.createAppPlugin (/Applications/DevEco-Studio.app/Contents/tools/hvigor/hvigor-ohos-plugin/src/plugin/strategy/stage-init-strategy.js:1:949)
    at AppPluginBuilder.createPlugin (/Applications/DevEco-Studio.app/Contents/tools/hvigor/hvigor-ohos-plugin/src/plugin/builder/app-plugin-builder.js:1:1610)
    at AppPluginBuilder.build (/Applications/DevEco-Studio.app/Contents/tools/hvigor/hvigor-ohos-plugin/src/plugin/builder/abstract-plugin-builder.js:1:756)
[2026-05-28T20:43:45.283] [ERROR] debug-file - AdaptorError: [31m00306042 Specification Limit Violation
Error Message: In HarmonyOS configuration mode:
- When API level is 10 or later, the value of compileSdkVersion/compatibleSdkVersion/targetSdkVersion must be string, Example: '5.0.0(12)'.

* Try the following:
  > Check the project's build-profile.json5. At file: /Users/vita/Vitemis/Outposts/Kikaria-HarmonyOS/build-profile.json5
[39m
    at OhosLogger.printErrorExit (/Applications/DevEco-Studio.app/Contents/tools/hvigor/hvigor/src/base/log/hvigor-log.js:1:5087)
    at getApiVersion (/Applications/DevEco-Studio.app/Contents/tools/hvigor/hvigor-ohos-plugin/src/sdk/sdk-util.js:1:1560)
    at parseApiVersion (/Applications/DevEco-Studio.app/Contents/tools/hvigor/hvigor-ohos-plugin/src/sdk/sdk-util.js:1:2356)
    at ProjectModelImpl.initializeApiMetadata (/Applications/DevEco-Studio.app/Contents/tools/hvigor/hvigor-ohos-plugin/src/model/project/core-project-model-impl.js:1:6126)
    at new CoreProjectModelImpl (/Applications/DevEco-Studio.app/Contents/tools/hvigor/hvigor-ohos-plugin/src/model/project/core-project-model-impl.js:1:2869)
    at new ProjectModelImpl (/Applications/DevEco-Studio.app/Contents/tools/hvigor/hvigor-ohos-plugin/src/model/project/project-model-impl.js:1:596)
    at new AppPlugin (/Applications/DevEco-Studio.app/Contents/tools/hvigor/hvigor-ohos-plugin/src/plugin/app-plugin.js:1:514)
    at StageInitializationStrategy.createAppPlugin (/Applications/DevEco-Studio.app/Contents/tools/hvigor/hvigor-ohos-plugin/src/plugin/strategy/stage-init-strategy.js:1:949)
    at AppPluginBuilder.createPlugin (/Applications/DevEco-Studio.app/Contents/tools/hvigor/hvigor-ohos-plugin/src/plugin/builder/app-plugin-builder.js:1:1610)
    at AppPluginBuilder.build (/Applications/DevEco-Studio.app/Contents/tools/hvigor/hvigor-ohos-plugin/src/plugin/builder/abstract-plugin-builder.js:1:756)
[2026-05-28T20:43:45.284] [ERROR] debug-file - BUILD FAILED in 1 s 244 ms 
[2026-05-28T20:43:45.287] [DEBUG] debug-file - Cleanup worker 0.
[2026-05-28T20:43:45.287] [DEBUG] debug-file - Worker 0 has been cleaned up.
[2026-05-28T20:43:45.287] [DEBUG] debug-file - Current idle worker size: 1.
[2026-05-28T20:43:45.287] [DEBUG] debug-file - Current resident worker size: 2.
[2026-05-28T20:43:45.287] [DEBUG] debug-file - Cleanup worker 1.
[2026-05-28T20:43:45.287] [DEBUG] debug-file - Worker 1 has been cleaned up.
[2026-05-28T20:43:45.287] [DEBUG] debug-file - Current idle worker size: 0.
[2026-05-28T20:43:45.287] [DEBUG] debug-file - Current resident worker size: 2.
[2026-05-28T20:43:45.290] [DEBUG] debug-file - session manager: send message to worker process.
[2026-05-28T20:43:45.290] [DEBUG] debug-file - session manager: send message to worker process.
[2026-05-28T20:43:45.294] [DEBUG] debug-file - hvigor build process will be closed.
[2026-05-28T20:43:45.296] [DEBUG] debug-file - worker[1] exits with exit code 1.
[2026-05-28T20:43:45.296] [DEBUG] debug-file - worker[0] exits with exit code 1.
[2026-05-28T20:43:45.297] [DEBUG] debug-file - watch worker: worker id should be larger than 0. Nothing will be sent to any worker thread.
[2026-05-28T20:43:45.297] [DEBUG] debug-file - watch worker: worker id should be larger than 0. Nothing will be sent to any worker thread.
[2026-05-28T20:44:08.495] [WARN] debug-file - /bin/sh: /bin/ps: Operation not permitted

[2026-05-28T20:44:08.503] [WARN] debug-file - /bin/sh: /bin/ps: Operation not permitted

[2026-05-28T20:44:08.510] [WARN] debug-file - /bin/sh: /bin/ps: Operation not permitted

[2026-05-28T20:44:08.516] [WARN] debug-file - /bin/sh: /bin/ps: Operation not permitted

[2026-05-28T20:44:08.524] [WARN] debug-file - /bin/sh: /bin/ps: Operation not permitted

[2026-05-28T20:44:08.534] [WARN] debug-file - /bin/sh: /bin/ps: Operation not permitted

[2026-05-28T20:44:08.546] [WARN] debug-file - /bin/sh: /bin/ps: Operation not permitted

[2026-05-28T20:44:08.557] [WARN] debug-file - /bin/sh: /bin/ps: Operation not permitted

[2026-05-28T20:44:08.565] [WARN] debug-file - /bin/sh: /bin/ps: Operation not permitted

[2026-05-28T20:44:08.573] [WARN] debug-file - /bin/sh: /bin/ps: Operation not permitted

[2026-05-28T20:44:08.582] [WARN] debug-file - /bin/sh: /bin/ps: Operation not permitted

[2026-05-28T20:44:08.590] [WARN] debug-file - /bin/sh: /bin/ps: Operation not permitted

[2026-05-28T20:44:08.602] [WARN] debug-file - /bin/sh: /bin/ps: Operation not permitted

[2026-05-28T20:44:30.965] [DEBUG] debug-file - env: nodejsVersion=v18.20.1
[2026-05-28T20:44:30.982] [DEBUG] debug-file - env: daemon=true
[2026-05-28T20:44:30.966] [DEBUG] debug-file - env: hvigor-config.json5 content = { modelVersion: '6.1.0', dependencies: {} }
[2026-05-28T20:44:31.295] [WARN] debug-file - /bin/sh: /bin/ps: Operation not permitted

[2026-05-28T20:44:31.316] [DEBUG] debug-file - java daemon tryConnect success
[2026-05-28T20:44:31.339] [DEBUG] debug-file - session manager: set active socket. socketId=9uG6OS4brO9f98jEAAAB
[2026-05-28T20:44:31.691] [DEBUG] debug-file - watch worker: worker id should be larger than 0. Nothing will be sent to any worker thread.
[2026-05-28T20:44:31.692] [DEBUG] debug-file - Since there is no instance or instance is terminated, create a new worker pool.
[2026-05-28T20:44:31.692] [DEBUG] debug-file - Worker pool is initialized with config:  {
  minPoolNum: 2,
  maxPoolNum: undefined,
  maxCoreSize: undefined,
  cacheCapacity: undefined,
  cacheTtl: undefined
}
[2026-05-28T20:44:31.693] [DEBUG] debug-file - Create  resident worker with id: 0.
[2026-05-28T20:44:31.694] [DEBUG] debug-file - Create  resident worker with id: 1.
[2026-05-28T20:44:31.696] [DEBUG] debug-file - Workers' log level updated to INFO
[2026-05-28T20:44:31.700] [DEBUG] debug-file - Hvigor init with startParameters:{
  hvigorfileTypeCheck: false,
  parallelExecution: true,
  incrementalExecution: true,
  printStackTrace: false,
  daemon: true,
  analyze: 0,
  logLevel: Level { level: 20000, levelStr: 'INFO', colour: 'green' },
  optimizationStrategy: 'memory',
  hotCompile: undefined,
  hotReloadBuild: undefined,
  customizedParam: undefined
}
[2026-05-28T20:44:31.701] [DEBUG] debug-file - Since current hvigor version 6.23.5 differs from last hvigor version 
      undefined, delete file-cache.json and task-cache.json.
[2026-05-28T20:44:31.702] [DEBUG] debug-file - Cache service initialization finished in 2 ms 
[2026-05-28T20:44:31.704] [DEBUG] debug-file - hvigorfile, resolving /Users/vita/Vitemis/Outposts/Kikaria-HarmonyOS/hvigorfile.ts
[2026-05-28T20:44:32.774] [DEBUG] debug-file - hvigorfile, require result:  { default: { plugins: [] } }
[2026-05-28T20:44:32.775] [DEBUG] debug-file - hvigorfile, binding system plugins null
[2026-05-28T20:44:32.776] [DEBUG] debug-file - Starting plugin build process
[2026-05-28T20:44:32.776] [DEBUG] debug-file - App plugin prepare start...
[2026-05-28T20:44:32.776] [DEBUG] debug-file - App plugin prepare end...
[2026-05-28T20:44:32.776] [DEBUG] debug-file - App plugin creating...
[2026-05-28T20:44:32.950] [DEBUG] debug-file - App plugin register hook start...
[2026-05-28T20:44:32.950] [DEBUG] debug-file - App plugin register hook end...
[2026-05-28T20:44:32.950] [DEBUG] debug-file - Plugin build process completed
[2026-05-28T20:44:32.951] [DEBUG] debug-file - Start initialize project's product build option map with build mode debug.
[2026-05-28T20:44:32.952] [DEBUG] debug-file - Picking option from product 'default' with build mode 'debug'.
[2026-05-28T20:44:32.952] [DEBUG] debug-file - Product 'default' build option initialized
[2026-05-28T20:44:32.952] [DEBUG] debug-file - End initialize project's product build option map with build mode 'debug'.
[2026-05-28T20:44:32.953] [DEBUG] debug-file - Obtain build option for product 'default'in this build.
[2026-05-28T20:44:32.955] [DEBUG] debug-file - No signingConfig found, initRemoteHspCache failed.
[2026-05-28T20:44:32.957] [DEBUG] debug-file - Local scan or download HarmonyOS sdk components toolchains,ets,js,native,previewer
[2026-05-28T20:44:32.963] [DEBUG] debug-file - Local scan or download hmscore sdk components toolchains,ets,native
[2026-05-28T20:44:32.980] [DEBUG] debug-file - hvigor build process will be closed with an error.
[2026-05-28T20:44:32.985] [ERROR] debug-file - [31m00303168 Configuration Error
Error Message: SDK component missing.

* Try the following:
  > Please verify the integrity of your SDK.
  > Please update the SDK at the download link below.
  > More info: https://developer.huawei.com/consumer/en/download
[39m

[31m* Try:
> Run with --stacktrace option to get the stack trace.
> Run with --debug option to get more log output.

[2026-05-28T20:44:32.985] [DEBUG] debug-file - ERROR: stacktrace = AdaptorError: [31m00303168 Configuration Error
Error Message: SDK component missing.

* Try the following:
  > Please verify the integrity of your SDK.
  > Please update the SDK at the download link below.
  > More info: https://developer.huawei.com/consumer/en/download
[39m
    at OhosLogger.printErrorExit (/Applications/DevEco-Studio.app/Contents/tools/hvigor/hvigor/src/base/log/hvigor-log.js:1:5087)
    at HmosSdkLoader.getHmsSdkComponents (/Applications/DevEco-Studio.app/Contents/tools/hvigor/hvigor-ohos-plugin/src/sdk/hmos-sdk-loader.js:1:2991)
    at HosSdkInfo.setup (/Applications/DevEco-Studio.app/Contents/tools/hvigor/hvigor-ohos-plugin/src/sdk/info/hos-sdk-info.js:1:1629)
    at process.processTicksAndRejections (node:internal/process/task_queues:95:5)
    at async ProjectTaskService.setup (/Applications/DevEco-Studio.app/Contents/tools/hvigor/hvigor-ohos-plugin/src/tasks/service/project-task-service.js:1:2505)
    at async ProjectImpl.<anonymous> (/Applications/DevEco-Studio.app/Contents/tools/hvigor/hvigor-ohos-plugin/src/plugin/builder/app-plugin-builder.js:1:2304)
    at async ProjectImpl.executeAfterBindSystemPluginsHook (/Applications/DevEco-Studio.app/Contents/tools/hvigor/hvigor/src/base/internal/lifecycle/hvigor-node-impl/default-node-impl.js:1:5559)
    at async evaluateNodeVigorFile (/Applications/DevEco-Studio.app/Contents/tools/hvigor/hvigor/src/base/internal/lifecycle/configuration.js:1:9213)
    at async evalProject (/Applications/DevEco-Studio.app/Contents/tools/hvigor/hvigor/src/base/internal/lifecycle/configuration.js:1:3544)
    at async configuration (/Applications/DevEco-Studio.app/Contents/tools/hvigor/hvigor/src/base/internal/lifecycle/configuration.js:1:2288)
[2026-05-28T20:44:32.986] [ERROR] debug-file - AdaptorError: [31m00303168 Configuration Error
Error Message: SDK component missing.

* Try the following:
  > Please verify the integrity of your SDK.
  > Please update the SDK at the download link below.
  > More info: https://developer.huawei.com/consumer/en/download
[39m
    at OhosLogger.printErrorExit (/Applications/DevEco-Studio.app/Contents/tools/hvigor/hvigor/src/base/log/hvigor-log.js:1:5087)
    at HmosSdkLoader.getHmsSdkComponents (/Applications/DevEco-Studio.app/Contents/tools/hvigor/hvigor-ohos-plugin/src/sdk/hmos-sdk-loader.js:1:2991)
    at HosSdkInfo.setup (/Applications/DevEco-Studio.app/Contents/tools/hvigor/hvigor-ohos-plugin/src/sdk/info/hos-sdk-info.js:1:1629)
    at process.processTicksAndRejections (node:internal/process/task_queues:95:5)
    at async ProjectTaskService.setup (/Applications/DevEco-Studio.app/Contents/tools/hvigor/hvigor-ohos-plugin/src/tasks/service/project-task-service.js:1:2505)
    at async ProjectImpl.<anonymous> (/Applications/DevEco-Studio.app/Contents/tools/hvigor/hvigor-ohos-plugin/src/plugin/builder/app-plugin-builder.js:1:2304)
    at async ProjectImpl.executeAfterBindSystemPluginsHook (/Applications/DevEco-Studio.app/Contents/tools/hvigor/hvigor/src/base/internal/lifecycle/hvigor-node-impl/default-node-impl.js:1:5559)
    at async evaluateNodeVigorFile (/Applications/DevEco-Studio.app/Contents/tools/hvigor/hvigor/src/base/internal/lifecycle/configuration.js:1:9213)
    at async evalProject (/Applications/DevEco-Studio.app/Contents/tools/hvigor/hvigor/src/base/internal/lifecycle/configuration.js:1:3544)
    at async configuration (/Applications/DevEco-Studio.app/Contents/tools/hvigor/hvigor/src/base/internal/lifecycle/configuration.js:1:2288)
[2026-05-28T20:44:32.987] [ERROR] debug-file - BUILD FAILED in 1 s 290 ms 
[2026-05-28T20:44:32.994] [DEBUG] debug-file - Cleanup worker 0.
[2026-05-28T20:44:32.994] [DEBUG] debug-file - Worker 0 has been cleaned up.
[2026-05-28T20:44:32.994] [DEBUG] debug-file - Current idle worker size: 1.
[2026-05-28T20:44:32.994] [DEBUG] debug-file - Current resident worker size: 2.
[2026-05-28T20:44:32.994] [DEBUG] debug-file - Cleanup worker 1.
[2026-05-28T20:44:32.994] [DEBUG] debug-file - Worker 1 has been cleaned up.
[2026-05-28T20:44:32.994] [DEBUG] debug-file - Current idle worker size: 0.
[2026-05-28T20:44:32.995] [DEBUG] debug-file - Current resident worker size: 2.
[2026-05-28T20:44:32.998] [DEBUG] debug-file - session manager: send message to worker process.
[2026-05-28T20:44:32.998] [DEBUG] debug-file - session manager: send message to worker process.
[2026-05-28T20:44:33.001] [DEBUG] debug-file - hvigor build process will be closed.
[2026-05-28T20:44:33.003] [DEBUG] debug-file - worker[1] exits with exit code 1.
[2026-05-28T20:44:33.003] [DEBUG] debug-file - worker[0] exits with exit code 1.
[2026-05-28T20:44:33.004] [DEBUG] debug-file - watch worker: worker id should be larger than 0. Nothing will be sent to any worker thread.
[2026-05-28T20:44:33.004] [DEBUG] debug-file - watch worker: worker id should be larger than 0. Nothing will be sent to any worker thread.
[2026-05-28T20:47:04.941] [DEBUG] debug-file - env: nodejsVersion=v18.20.1
[2026-05-28T20:47:04.954] [DEBUG] debug-file - env: daemon=true
[2026-05-28T20:47:04.942] [DEBUG] debug-file - env: hvigor-config.json5 content = { modelVersion: '6.1.0', dependencies: {} }
[2026-05-28T20:47:05.212] [WARN] debug-file - /bin/sh: /bin/ps: Operation not permitted

[2026-05-28T20:47:05.227] [DEBUG] debug-file - java daemon tryConnect success
[2026-05-28T20:47:05.240] [DEBUG] debug-file - session manager: set active socket. socketId=_Bw2hNINWEVL_gWRAAAB
[2026-05-28T20:47:05.489] [DEBUG] debug-file - watch worker: worker id should be larger than 0. Nothing will be sent to any worker thread.
[2026-05-28T20:47:05.491] [DEBUG] debug-file - Since there is no instance or instance is terminated, create a new worker pool.
[2026-05-28T20:47:05.492] [DEBUG] debug-file - Worker pool is initialized with config:  {
  minPoolNum: 2,
  maxPoolNum: undefined,
  maxCoreSize: undefined,
  cacheCapacity: undefined,
  cacheTtl: undefined
}
[2026-05-28T20:47:05.492] [DEBUG] debug-file - Create  resident worker with id: 0.
[2026-05-28T20:47:05.494] [DEBUG] debug-file - Create  resident worker with id: 1.
[2026-05-28T20:47:05.496] [DEBUG] debug-file - Workers' log level updated to INFO
[2026-05-28T20:47:05.504] [DEBUG] debug-file - Hvigor init with startParameters:{
  hvigorfileTypeCheck: false,
  parallelExecution: true,
  incrementalExecution: true,
  printStackTrace: false,
  daemon: true,
  analyze: 0,
  logLevel: Level { level: 20000, levelStr: 'INFO', colour: 'green' },
  optimizationStrategy: 'memory',
  hotCompile: undefined,
  hotReloadBuild: undefined,
  customizedParam: undefined
}
[2026-05-28T20:47:05.504] [DEBUG] debug-file - Since current hvigor version 6.23.5 differs from last hvigor version 
      undefined, delete file-cache.json and task-cache.json.
[2026-05-28T20:47:05.506] [DEBUG] debug-file - Cache service initialization finished in 2 ms 
[2026-05-28T20:47:05.506] [DEBUG] debug-file - hvigorfile, resolving /Users/vita/Vitemis/Outposts/Kikaria-HarmonyOS/hvigorfile.ts
[2026-05-28T20:47:06.280] [DEBUG] debug-file - hvigorfile, require result:  { default: { plugins: [] } }
[2026-05-28T20:47:06.280] [DEBUG] debug-file - hvigorfile, binding system plugins null
[2026-05-28T20:47:06.281] [DEBUG] debug-file - Starting plugin build process
[2026-05-28T20:47:06.281] [DEBUG] debug-file - App plugin prepare start...
[2026-05-28T20:47:06.281] [DEBUG] debug-file - App plugin prepare end...
[2026-05-28T20:47:06.281] [DEBUG] debug-file - App plugin creating...
[2026-05-28T20:47:06.395] [DEBUG] debug-file - App plugin register hook start...
[2026-05-28T20:47:06.395] [DEBUG] debug-file - App plugin register hook end...
[2026-05-28T20:47:06.395] [DEBUG] debug-file - Plugin build process completed
[2026-05-28T20:47:06.397] [DEBUG] debug-file - Start initialize project's product build option map with build mode debug.
[2026-05-28T20:47:06.397] [DEBUG] debug-file - Picking option from product 'default' with build mode 'debug'.
[2026-05-28T20:47:06.397] [DEBUG] debug-file - Product 'default' build option initialized
[2026-05-28T20:47:06.397] [DEBUG] debug-file - End initialize project's product build option map with build mode 'debug'.
[2026-05-28T20:47:06.399] [DEBUG] debug-file - Obtain build option for product 'default'in this build.
[2026-05-28T20:47:06.400] [DEBUG] debug-file - No signingConfig found, initRemoteHspCache failed.
[2026-05-28T20:47:06.401] [DEBUG] debug-file - Local scan or download HarmonyOS sdk components toolchains,ets,js,native,previewer
[2026-05-28T20:47:06.406] [DEBUG] debug-file - Local scan or download hmscore sdk components toolchains,ets,native
[2026-05-28T20:47:06.419] [DEBUG] debug-file - hvigor build process will be closed with an error.
[2026-05-28T20:47:06.420] [ERROR] debug-file - [31m00303168 Configuration Error
Error Message: SDK component missing.

* Try the following:
  > Please verify the integrity of your SDK.
  > Please update the SDK at the download link below.
  > More info: https://developer.huawei.com/consumer/en/download
[39m

[31m* Try:
> Run with --stacktrace option to get the stack trace.
> Run with --debug option to get more log output.

[2026-05-28T20:47:06.420] [DEBUG] debug-file - ERROR: stacktrace = AdaptorError: [31m00303168 Configuration Error
Error Message: SDK component missing.

* Try the following:
  > Please verify the integrity of your SDK.
  > Please update the SDK at the download link below.
  > More info: https://developer.huawei.com/consumer/en/download
[39m
    at OhosLogger.printErrorExit (/Applications/DevEco-Studio.app/Contents/tools/hvigor/hvigor/src/base/log/hvigor-log.js:1:5087)
    at HmosSdkLoader.getHmsSdkComponents (/Applications/DevEco-Studio.app/Contents/tools/hvigor/hvigor-ohos-plugin/src/sdk/hmos-sdk-loader.js:1:2991)
    at HosSdkInfo.setup (/Applications/DevEco-Studio.app/Contents/tools/hvigor/hvigor-ohos-plugin/src/sdk/info/hos-sdk-info.js:1:1629)
    at process.processTicksAndRejections (node:internal/process/task_queues:95:5)
    at async ProjectTaskService.setup (/Applications/DevEco-Studio.app/Contents/tools/hvigor/hvigor-ohos-plugin/src/tasks/service/project-task-service.js:1:2505)
    at async ProjectImpl.<anonymous> (/Applications/DevEco-Studio.app/Contents/tools/hvigor/hvigor-ohos-plugin/src/plugin/builder/app-plugin-builder.js:1:2304)
    at async ProjectImpl.executeAfterBindSystemPluginsHook (/Applications/DevEco-Studio.app/Contents/tools/hvigor/hvigor/src/base/internal/lifecycle/hvigor-node-impl/default-node-impl.js:1:5559)
    at async evaluateNodeVigorFile (/Applications/DevEco-Studio.app/Contents/tools/hvigor/hvigor/src/base/internal/lifecycle/configuration.js:1:9213)
    at async evalProject (/Applications/DevEco-Studio.app/Contents/tools/hvigor/hvigor/src/base/internal/lifecycle/configuration.js:1:3544)
    at async configuration (/Applications/DevEco-Studio.app/Contents/tools/hvigor/hvigor/src/base/internal/lifecycle/configuration.js:1:2288)
[2026-05-28T20:47:06.420] [ERROR] debug-file - AdaptorError: [31m00303168 Configuration Error
Error Message: SDK component missing.

* Try the following:
  > Please verify the integrity of your SDK.
  > Please update the SDK at the download link below.
  > More info: https://developer.huawei.com/consumer/en/download
[39m
    at OhosLogger.printErrorExit (/Applications/DevEco-Studio.app/Contents/tools/hvigor/hvigor/src/base/log/hvigor-log.js:1:5087)
    at HmosSdkLoader.getHmsSdkComponents (/Applications/DevEco-Studio.app/Contents/tools/hvigor/hvigor-ohos-plugin/src/sdk/hmos-sdk-loader.js:1:2991)
    at HosSdkInfo.setup (/Applications/DevEco-Studio.app/Contents/tools/hvigor/hvigor-ohos-plugin/src/sdk/info/hos-sdk-info.js:1:1629)
    at process.processTicksAndRejections (node:internal/process/task_queues:95:5)
    at async ProjectTaskService.setup (/Applications/DevEco-Studio.app/Contents/tools/hvigor/hvigor-ohos-plugin/src/tasks/service/project-task-service.js:1:2505)
    at async ProjectImpl.<anonymous> (/Applications/DevEco-Studio.app/Contents/tools/hvigor/hvigor-ohos-plugin/src/plugin/builder/app-plugin-builder.js:1:2304)
    at async ProjectImpl.executeAfterBindSystemPluginsHook (/Applications/DevEco-Studio.app/Contents/tools/hvigor/hvigor/src/base/internal/lifecycle/hvigor-node-impl/default-node-impl.js:1:5559)
    at async evaluateNodeVigorFile (/Applications/DevEco-Studio.app/Contents/tools/hvigor/hvigor/src/base/internal/lifecycle/configuration.js:1:9213)
    at async evalProject (/Applications/DevEco-Studio.app/Contents/tools/hvigor/hvigor/src/base/internal/lifecycle/configuration.js:1:3544)
    at async configuration (/Applications/DevEco-Studio.app/Contents/tools/hvigor/hvigor/src/base/internal/lifecycle/configuration.js:1:2288)
[2026-05-28T20:47:06.421] [ERROR] debug-file - BUILD FAILED in 925 ms 
[2026-05-28T20:47:06.423] [DEBUG] debug-file - Cleanup worker 0.
[2026-05-28T20:47:06.423] [DEBUG] debug-file - Worker 0 has been cleaned up.
[2026-05-28T20:47:06.423] [DEBUG] debug-file - Current idle worker size: 1.
[2026-05-28T20:47:06.423] [DEBUG] debug-file - Current resident worker size: 2.
[2026-05-28T20:47:06.423] [DEBUG] debug-file - Cleanup worker 1.
[2026-05-28T20:47:06.423] [DEBUG] debug-file - Worker 1 has been cleaned up.
[2026-05-28T20:47:06.423] [DEBUG] debug-file - Current idle worker size: 0.
[2026-05-28T20:47:06.423] [DEBUG] debug-file - Current resident worker size: 2.
[2026-05-28T20:47:06.426] [DEBUG] debug-file - hvigor build process will be closed.
[2026-05-28T20:47:06.427] [DEBUG] debug-file - session manager: send message to worker process.
[2026-05-28T20:47:06.427] [DEBUG] debug-file - session manager: send message to worker process.
[2026-05-28T20:47:06.427] [DEBUG] debug-file - watch worker: worker id should be larger than 0. Nothing will be sent to any worker thread.
[2026-05-28T20:47:06.428] [DEBUG] debug-file - watch worker: worker id should be larger than 0. Nothing will be sent to any worker thread.
[2026-05-28T20:47:06.429] [DEBUG] debug-file - worker[1] exits with exit code 1.
[2026-05-28T20:47:06.429] [DEBUG] debug-file - worker[0] exits with exit code 1.
[2026-05-29T16:01:29.569] [DEBUG] debug-file - env: nodejsVersion=v18.20.1
[2026-05-29T16:01:29.579] [DEBUG] debug-file - env: daemon=true
[2026-05-29T16:01:29.570] [DEBUG] debug-file - env: hvigor-config.json5 content = { modelVersion: '6.1.0', dependencies: {} }
[2026-05-29T16:01:29.767] [DEBUG] debug-file - session manager: set active socket. socketId=hNqshbp3ME6lFAhtAAAB
[2026-05-29T16:01:29.806] [DEBUG] debug-file - java daemon tryConnect success
[2026-05-29T16:01:29.966] [DEBUG] debug-file - watch worker: worker id should be larger than 0. Nothing will be sent to any worker thread.
[2026-05-29T16:01:29.967] [DEBUG] debug-file - Since there is no instance or instance is terminated, create a new worker pool.
[2026-05-29T16:01:29.968] [DEBUG] debug-file - Worker pool is initialized with config:  {
  minPoolNum: 2,
  maxPoolNum: undefined,
  maxCoreSize: undefined,
  cacheCapacity: undefined,
  cacheTtl: undefined
}
[2026-05-29T16:01:29.968] [DEBUG] debug-file - Create  resident worker with id: 0.
[2026-05-29T16:01:29.969] [DEBUG] debug-file - Create  resident worker with id: 1.
[2026-05-29T16:01:29.969] [DEBUG] debug-file - Workers' log level updated to INFO
[2026-05-29T16:01:29.972] [DEBUG] debug-file - Hvigor init with startParameters:{
  hvigorfileTypeCheck: false,
  parallelExecution: true,
  incrementalExecution: true,
  printStackTrace: false,
  daemon: true,
  analyze: 0,
  logLevel: Level { level: 20000, levelStr: 'INFO', colour: 'green' },
  optimizationStrategy: 'memory',
  hotCompile: undefined,
  hotReloadBuild: undefined,
  customizedParam: undefined
}
[2026-05-29T16:01:29.973] [DEBUG] debug-file - Since current hvigor version 6.23.5 differs from last hvigor version 
      undefined, delete file-cache.json and task-cache.json.
[2026-05-29T16:01:29.975] [DEBUG] debug-file - Cache service initialization finished in 3 ms 
[2026-05-29T16:01:29.975] [DEBUG] debug-file - hvigorfile, resolving /Users/vita/Vitemis/Outposts/Kikaria-HarmonyOS/hvigorfile.ts
[2026-05-29T16:01:30.575] [DEBUG] debug-file - hvigorfile, require result:  { default: { plugins: [] } }
[2026-05-29T16:01:30.575] [DEBUG] debug-file - hvigorfile, binding system plugins null
[2026-05-29T16:01:30.575] [DEBUG] debug-file - Starting plugin build process
[2026-05-29T16:01:30.575] [DEBUG] debug-file - App plugin prepare start...
[2026-05-29T16:01:30.575] [DEBUG] debug-file - App plugin prepare end...
[2026-05-29T16:01:30.575] [DEBUG] debug-file - App plugin creating...
[2026-05-29T16:01:30.650] [DEBUG] debug-file - App plugin register hook start...
[2026-05-29T16:01:30.650] [DEBUG] debug-file - App plugin register hook end...
[2026-05-29T16:01:30.650] [DEBUG] debug-file - Plugin build process completed
[2026-05-29T16:01:30.650] [DEBUG] debug-file - Start initialize project's product build option map with build mode debug.
[2026-05-29T16:01:30.650] [DEBUG] debug-file - Picking option from product 'default' with build mode 'debug'.
[2026-05-29T16:01:30.650] [DEBUG] debug-file - Product 'default' build option initialized
[2026-05-29T16:01:30.650] [DEBUG] debug-file - End initialize project's product build option map with build mode 'debug'.
[2026-05-29T16:01:30.651] [DEBUG] debug-file - Obtain build option for product 'default'in this build.
[2026-05-29T16:01:30.652] [DEBUG] debug-file - No signingConfig found, initRemoteHspCache failed.
[2026-05-29T16:01:30.652] [DEBUG] debug-file - Local scan or download HarmonyOS sdk components toolchains,ets,js,native,previewer
[2026-05-29T16:01:30.653] [DEBUG] debug-file - Local scan or download hmscore sdk components toolchains,ets,native
[2026-05-29T16:01:30.653] [DEBUG] debug-file - Start recording SDK configuration permission data.
[2026-05-29T16:01:30.668] [DEBUG] debug-file - Sdk init in 16 ms 
[2026-05-29T16:01:30.670] [DEBUG] debug-file - Project task initialization takes 2 ms 
[2026-05-29T16:01:30.670] [DEBUG] debug-file - hvigorfile, begin to bind custom plugins...
[2026-05-29T16:01:30.670] [DEBUG] debug-file - hvigorfile, no custom plugins were found in /Users/vita/Vitemis/Outposts/Kikaria-HarmonyOS/hvigorfile.ts
[2026-05-29T16:01:30.670] [DEBUG] debug-file - hvigorfile, resolve finished /Users/vita/Vitemis/Outposts/Kikaria-HarmonyOS/hvigorfile.ts
[2026-05-29T16:01:30.670] [DEBUG] debug-file - hvigorfile, resolving /Users/vita/Vitemis/Outposts/Kikaria-HarmonyOS/entry/hvigorfile.ts
[2026-05-29T16:01:30.672] [DEBUG] debug-file - hvigorfile, require result:  { default: { plugins: [] } }
[2026-05-29T16:01:30.673] [DEBUG] debug-file - hvigorfile, binding system plugins null
[2026-05-29T16:01:30.673] [DEBUG] debug-file - Starting plugin build process
[2026-05-29T16:01:30.673] [DEBUG] debug-file - Hap plugin creating...
[2026-05-29T16:01:30.673] [DEBUG] debug-file - failed to load cangjie to dynamically generate schemas: Error: Cannot find module '@ohos/cangjie-build-support/index'
Require stack:
- /Applications/DevEco-Studio.app/Contents/tools/hvigor/hvigor-ohos-plugin/src/plugin/hooks/cangjie-register.js
- /Applications/DevEco-Studio.app/Contents/tools/hvigor/hvigor-ohos-plugin/src/plugin/strategy/stage-init-strategy.js
- /Applications/DevEco-Studio.app/Contents/tools/hvigor/hvigor-ohos-plugin/src/plugin/builder/abstract-plugin-builder.js
- /Applications/DevEco-Studio.app/Contents/tools/hvigor/hvigor-ohos-plugin/src/plugin/builder/app-plugin-builder.js
- /Applications/DevEco-Studio.app/Contents/tools/hvigor/hvigor-ohos-plugin/src/plugin/factory/plugin-factory.js
- /Applications/DevEco-Studio.app/Contents/tools/hvigor/hvigor-ohos-plugin/index.js
- /Users/vita/Vitemis/Outposts/Kikaria-HarmonyOS/hvigorfile.ts
- /Applications/DevEco-Studio.app/Contents/tools/hvigor/hvigor/src/base/internal/lifecycle/configuration.js
- /Applications/DevEco-Studio.app/Contents/tools/hvigor/hvigor/src/base/boot/index.js
- /Applications/DevEco-Studio.app/Contents/tools/hvigor/hvigor/src/base/daemon/cluster/worker-process-lifecycle.js
- /Applications/DevEco-Studio.app/Contents/tools/hvigor/hvigor/src/base/daemon/process/daemon-process-boot-script.js
[2026-05-29T16:01:30.681] [DEBUG] debug-file - Start initialize module-target build option map, moduleName=entry, buildMode=debug
[2026-05-29T16:01:30.681] [DEBUG] debug-file - Target 'default' config initialized
[2026-05-29T16:01:30.681] [DEBUG] debug-file - Module 'entry' target 'default' build option initialized
[2026-05-29T16:01:30.681] [DEBUG] debug-file - End initialize module-target build option map, moduleName=entry
[2026-05-29T16:01:30.681] [DEBUG] debug-file - Start initialize module-target build option map, moduleName=entry, buildMode=release
[2026-05-29T16:01:30.681] [DEBUG] debug-file - Target 'default' config initialized
[2026-05-29T16:01:30.681] [DEBUG] debug-file - Module 'entry' target 'default' build option initialized
[2026-05-29T16:01:30.681] [DEBUG] debug-file - End initialize module-target build option map, moduleName=entry
[2026-05-29T16:01:30.681] [DEBUG] debug-file - Start initialize module-target build option map, moduleName=entry, buildMode=debug
[2026-05-29T16:01:30.681] [DEBUG] debug-file - Target 'default' config initialized
[2026-05-29T16:01:30.681] [DEBUG] debug-file - Module 'entry' target 'default' build option initialized
[2026-05-29T16:01:30.681] [DEBUG] debug-file - End initialize module-target build option map, moduleName=entry
[2026-05-29T16:01:30.682] [DEBUG] debug-file - Obtain build option for module 'entry' target 'default'in this build.
[2026-05-29T16:01:30.683] [DEBUG] debug-file - Module entry task initialization takes 2 ms 
[2026-05-29T16:01:30.684] [DEBUG] debug-file - Hap plugin register hook start...
[2026-05-29T16:01:30.684] [DEBUG] debug-file - Hap plugin register hook end...
[2026-05-29T16:01:30.684] [DEBUG] debug-file - Plugin build process completed
[2026-05-29T16:01:30.684] [DEBUG] debug-file - hvigorfile, begin to bind custom plugins...
[2026-05-29T16:01:30.684] [DEBUG] debug-file - hvigorfile, no custom plugins were found in /Users/vita/Vitemis/Outposts/Kikaria-HarmonyOS/entry/hvigorfile.ts
[2026-05-29T16:01:30.684] [DEBUG] debug-file - hvigorfile, resolve finished /Users/vita/Vitemis/Outposts/Kikaria-HarmonyOS/entry/hvigorfile.ts
[2026-05-29T16:01:30.716] [DEBUG] debug-file - hvigorfile, resolve hvigorfile dependencies in 33 ms 
[2026-05-29T16:01:30.716] [DEBUG] debug-file - project has submodules:entry
[2026-05-29T16:01:30.717] [DEBUG] debug-file - start to load updatedOhPackageInfo to the disk
[2026-05-29T16:01:30.717] [DEBUG] debug-file - load to the disk finished
[2026-05-29T16:01:30.718] [DEBUG] debug-file - Start to initialize dependency information.
[2026-05-29T16:01:30.718] [DEBUG] debug-file - Module Kikaria-HarmonyOS Collected Dependency: 
[2026-05-29T16:01:30.718] [DEBUG] debug-file - Module Kikaria-HarmonyOS's total dependency: 0
[2026-05-29T16:01:30.719] [DEBUG] debug-file - Start to initialize dependency information.
[2026-05-29T16:01:30.719] [DEBUG] debug-file - Module entry Collected Dependency: 
[2026-05-29T16:01:30.719] [DEBUG] debug-file - Module entry's total dependency: 0
[2026-05-29T16:01:30.720] [DEBUG] debug-file - Configuration phase cost:746 ms 
[2026-05-29T16:01:30.721] [DEBUG] debug-file - Configuration task cost before running: 752 ms 
[2026-05-29T16:01:30.722] [DEBUG] debug-file - Executing task :entry:clean
[2026-05-29T16:01:30.722] [DEBUG] debug-file - clean: Worker pool is inactive.
[2026-05-29T16:01:30.722] [DEBUG] debug-file - entry : clean cost memory 0.081207275390625
[2026-05-29T16:01:30.722] [DEBUG] debug-file - runTaskFromQueue task cost before running: 753 ms 
[2026-05-29T16:01:30.722] [INFO] debug-file - Finished :entry:clean... after 1 ms 
[2026-05-29T16:01:30.722] [DEBUG] debug-file - Executing task ::clean
[2026-05-29T16:01:30.722] [DEBUG] debug-file - clean: Worker pool is inactive.
[2026-05-29T16:01:30.722] [DEBUG] debug-file - Kikaria-HarmonyOS : clean cost memory 0.0257720947265625
[2026-05-29T16:01:30.722] [DEBUG] debug-file - runTaskFromQueue task cost before running: 753 ms 
[2026-05-29T16:01:30.722] [INFO] debug-file - Finished ::clean... after 1 ms 
[2026-05-29T16:01:30.722] [DEBUG] debug-file - Executing task :entry:init
[2026-05-29T16:01:30.722] [DEBUG] debug-file - entry : init cost memory 0.014923095703125
[2026-05-29T16:01:30.723] [DEBUG] debug-file - runTaskFromQueue task cost before running: 754 ms 
[2026-05-29T16:01:30.723] [INFO] debug-file - Finished :entry:init... after 1 ms 
[2026-05-29T16:01:30.723] [DEBUG] debug-file - Executing task ::init
[2026-05-29T16:01:30.723] [DEBUG] debug-file - Kikaria-HarmonyOS : init cost memory 0.01416015625
[2026-05-29T16:01:30.723] [DEBUG] debug-file - runTaskFromQueue task cost before running: 754 ms 
[2026-05-29T16:01:30.723] [INFO] debug-file - Finished ::init... after 1 ms 
[2026-05-29T16:01:30.724] [DEBUG] debug-file - Obtain build option for module 'entry' target 'default'in this build.
[2026-05-29T16:01:30.725] [DEBUG] debug-file - Cleanup worker 0.
[2026-05-29T16:01:30.725] [DEBUG] debug-file - Worker 0 has been cleaned up.
[2026-05-29T16:01:30.725] [DEBUG] debug-file - Current idle worker size: 1.
[2026-05-29T16:01:30.725] [DEBUG] debug-file - Current resident worker size: 2.
[2026-05-29T16:01:30.725] [DEBUG] debug-file - Cleanup worker 1.
[2026-05-29T16:01:30.725] [DEBUG] debug-file - Worker 1 has been cleaned up.
[2026-05-29T16:01:30.725] [DEBUG] debug-file - Current idle worker size: 0.
[2026-05-29T16:01:30.725] [DEBUG] debug-file - Current resident worker size: 2.
[2026-05-29T16:01:30.725] [DEBUG] debug-file - hvigor build process will be closed.
[2026-05-29T16:01:30.780] [DEBUG] debug-file - worker[0] exits with exit code 1.
[2026-05-29T16:01:30.780] [DEBUG] debug-file - worker[1] exits with exit code 1.
[2026-05-29T16:01:30.789] [DEBUG] debug-file - session manager: send message to worker process.
[2026-05-29T16:01:30.789] [DEBUG] debug-file - session manager: send message to worker process.
[2026-05-29T16:01:30.790] [DEBUG] debug-file - watch worker: worker id should be larger than 0. Nothing will be sent to any worker thread.
[2026-05-29T16:01:30.790] [DEBUG] debug-file - watch worker: worker id should be larger than 0. Nothing will be sent to any worker thread.
[2026-05-29T16:01:55.366] [DEBUG] debug-file - session manager: set active socket. socketId=iWS-NhA-2_JPQDgeAAAD
[2026-05-29T16:01:55.367] [DEBUG] debug-file - watch worker: worker id should be larger than 0. Nothing will be sent to any worker thread.
[2026-05-29T16:01:55.368] [DEBUG] debug-file - Workers' log level updated to INFO
[2026-05-29T16:01:55.369] [DEBUG] debug-file - Hvigor init with startParameters:{
  hvigorfileTypeCheck: false,
  parallelExecution: true,
  incrementalExecution: true,
  printStackTrace: false,
  daemon: true,
  analyze: 0,
  logLevel: Level { level: 20000, levelStr: 'INFO', colour: 'green' },
  optimizationStrategy: 'memory',
  hotCompile: undefined,
  hotReloadBuild: undefined,
  customizedParam: undefined
}
[2026-05-29T16:01:55.369] [DEBUG] debug-file - Cache service initialization finished in 1 ms 
[2026-05-29T16:01:55.370] [DEBUG] debug-file - hvigorfile, resolving /Users/vita/Vitemis/Outposts/Kikaria-HarmonyOS/hvigorfile.ts
[2026-05-29T16:01:55.373] [DEBUG] debug-file - hvigorfile, require result:  { default: { plugins: [] } }
[2026-05-29T16:01:55.373] [DEBUG] debug-file - hvigorfile, binding system plugins null
[2026-05-29T16:01:55.373] [DEBUG] debug-file - Starting plugin build process
[2026-05-29T16:01:55.373] [DEBUG] debug-file - App plugin prepare start...
[2026-05-29T16:01:55.373] [DEBUG] debug-file - App plugin prepare end...
[2026-05-29T16:01:55.373] [DEBUG] debug-file - App plugin creating...
[2026-05-29T16:01:55.376] [DEBUG] debug-file - App plugin register hook start...
[2026-05-29T16:01:55.376] [DEBUG] debug-file - App plugin register hook end...
[2026-05-29T16:01:55.376] [DEBUG] debug-file - Plugin build process completed
[2026-05-29T16:01:55.376] [DEBUG] debug-file - Start initialize project's product build option map with build mode debug.
[2026-05-29T16:01:55.376] [DEBUG] debug-file - Picking option from product 'default' with build mode 'debug'.
[2026-05-29T16:01:55.376] [DEBUG] debug-file - Product 'default' build option initialized
[2026-05-29T16:01:55.376] [DEBUG] debug-file - End initialize project's product build option map with build mode 'debug'.
[2026-05-29T16:01:55.376] [DEBUG] debug-file - Obtain build option for product 'default'in this build.
[2026-05-29T16:01:55.377] [DEBUG] debug-file - No signingConfig found, initRemoteHspCache failed.
[2026-05-29T16:01:55.378] [DEBUG] debug-file - Start recording SDK configuration permission data.
[2026-05-29T16:01:55.388] [DEBUG] debug-file - Sdk init in 12 ms 
[2026-05-29T16:01:55.389] [DEBUG] debug-file - Project task initialization takes 1 ms 
[2026-05-29T16:01:55.389] [DEBUG] debug-file - hvigorfile, begin to bind custom plugins...
[2026-05-29T16:01:55.390] [DEBUG] debug-file - hvigorfile, no custom plugins were found in /Users/vita/Vitemis/Outposts/Kikaria-HarmonyOS/hvigorfile.ts
[2026-05-29T16:01:55.390] [DEBUG] debug-file - hvigorfile, resolve finished /Users/vita/Vitemis/Outposts/Kikaria-HarmonyOS/hvigorfile.ts
[2026-05-29T16:01:55.390] [DEBUG] debug-file - hvigorfile, resolving /Users/vita/Vitemis/Outposts/Kikaria-HarmonyOS/entry/hvigorfile.ts
[2026-05-29T16:01:55.391] [DEBUG] debug-file - hvigorfile, require result:  { default: { plugins: [] } }
[2026-05-29T16:01:55.391] [DEBUG] debug-file - hvigorfile, binding system plugins null
[2026-05-29T16:01:55.391] [DEBUG] debug-file - Starting plugin build process
[2026-05-29T16:01:55.391] [DEBUG] debug-file - Hap plugin creating...
[2026-05-29T16:01:55.392] [DEBUG] debug-file - failed to load cangjie to dynamically generate schemas: Error: Cannot find module '@ohos/cangjie-build-support/index'
Require stack:
- /Applications/DevEco-Studio.app/Contents/tools/hvigor/hvigor-ohos-plugin/src/plugin/hooks/cangjie-register.js
- /Applications/DevEco-Studio.app/Contents/tools/hvigor/hvigor-ohos-plugin/src/plugin/strategy/stage-init-strategy.js
- /Applications/DevEco-Studio.app/Contents/tools/hvigor/hvigor-ohos-plugin/src/plugin/builder/abstract-plugin-builder.js
- /Applications/DevEco-Studio.app/Contents/tools/hvigor/hvigor-ohos-plugin/src/plugin/builder/app-plugin-builder.js
- /Applications/DevEco-Studio.app/Contents/tools/hvigor/hvigor-ohos-plugin/src/plugin/factory/plugin-factory.js
- /Applications/DevEco-Studio.app/Contents/tools/hvigor/hvigor-ohos-plugin/index.js
- /Users/vita/Vitemis/Outposts/Kikaria-HarmonyOS/hvigorfile.ts
- /Applications/DevEco-Studio.app/Contents/tools/hvigor/hvigor/src/base/internal/lifecycle/configuration.js
- /Applications/DevEco-Studio.app/Contents/tools/hvigor/hvigor/src/base/boot/index.js
- /Applications/DevEco-Studio.app/Contents/tools/hvigor/hvigor/src/base/daemon/cluster/worker-process-lifecycle.js
- /Applications/DevEco-Studio.app/Contents/tools/hvigor/hvigor/src/base/daemon/process/daemon-process-boot-script.js
[2026-05-29T16:01:55.392] [DEBUG] debug-file - Start initialize module-target build option map, moduleName=entry, buildMode=debug
[2026-05-29T16:01:55.392] [DEBUG] debug-file - Target 'default' config initialized
[2026-05-29T16:01:55.392] [DEBUG] debug-file - Module 'entry' target 'default' build option initialized
[2026-05-29T16:01:55.392] [DEBUG] debug-file - End initialize module-target build option map, moduleName=entry
[2026-05-29T16:01:55.392] [DEBUG] debug-file - Start initialize module-target build option map, moduleName=entry, buildMode=release
[2026-05-29T16:01:55.392] [DEBUG] debug-file - Target 'default' config initialized
[2026-05-29T16:01:55.392] [DEBUG] debug-file - Module 'entry' target 'default' build option initialized
[2026-05-29T16:01:55.392] [DEBUG] debug-file - End initialize module-target build option map, moduleName=entry
[2026-05-29T16:01:55.392] [DEBUG] debug-file - Start initialize module-target build option map, moduleName=entry, buildMode=debug
[2026-05-29T16:01:55.392] [DEBUG] debug-file - Target 'default' config initialized
[2026-05-29T16:01:55.393] [DEBUG] debug-file - Module 'entry' target 'default' build option initialized
[2026-05-29T16:01:55.393] [DEBUG] debug-file - End initialize module-target build option map, moduleName=entry
[2026-05-29T16:01:55.393] [DEBUG] debug-file - Obtain build option for module 'entry' target 'default'in this build.
[2026-05-29T16:01:55.393] [DEBUG] debug-file - Module entry task initialization takes 1 ms 
[2026-05-29T16:01:55.393] [DEBUG] debug-file - Hap plugin register hook start...
[2026-05-29T16:01:55.393] [DEBUG] debug-file - Hap plugin register hook end...
[2026-05-29T16:01:55.393] [DEBUG] debug-file - Plugin build process completed
[2026-05-29T16:01:55.393] [DEBUG] debug-file - hvigorfile, begin to bind custom plugins...
[2026-05-29T16:01:55.393] [DEBUG] debug-file - hvigorfile, no custom plugins were found in /Users/vita/Vitemis/Outposts/Kikaria-HarmonyOS/entry/hvigorfile.ts
[2026-05-29T16:01:55.393] [DEBUG] debug-file - hvigorfile, resolve finished /Users/vita/Vitemis/Outposts/Kikaria-HarmonyOS/entry/hvigorfile.ts
[2026-05-29T16:01:55.422] [DEBUG] debug-file - hvigorfile, resolve hvigorfile dependencies in 29 ms 
[2026-05-29T16:01:55.422] [DEBUG] debug-file - project has submodules:entry
[2026-05-29T16:01:55.422] [DEBUG] debug-file - start to load updatedOhPackageInfo to the disk
[2026-05-29T16:01:55.423] [DEBUG] debug-file - load to the disk finished
[2026-05-29T16:01:55.423] [DEBUG] debug-file - Start to initialize dependency information.
[2026-05-29T16:01:55.423] [DEBUG] debug-file - Module Kikaria-HarmonyOS Collected Dependency: 
[2026-05-29T16:01:55.423] [DEBUG] debug-file - Module Kikaria-HarmonyOS's total dependency: 0
[2026-05-29T16:01:55.423] [DEBUG] debug-file - Start to initialize dependency information.
[2026-05-29T16:01:55.424] [DEBUG] debug-file - Module entry Collected Dependency: 
[2026-05-29T16:01:55.424] [DEBUG] debug-file - Module entry's total dependency: 0
[2026-05-29T16:01:55.424] [DEBUG] debug-file - Configuration phase cost:55 ms 
[2026-05-29T16:01:55.424] [DEBUG] debug-file - Configuration task cost before running: 57 ms 
[2026-05-29T16:01:55.426] [DEBUG] debug-file - Executing task :entry:default@PreBuild
[2026-05-29T16:01:55.426] [DEBUG] debug-file - Task 'entry:default@PreBuild' cost while wrapping incremental declarations: 1 ms 
[2026-05-29T16:01:55.514] [DEBUG] debug-file - current product is not Atomic service.
[2026-05-29T16:01:55.515] [DEBUG] debug-file - Use tool [darwin: JAVA_HOME, CLASSPATH]
 [
  {
    JAVA_HOME: '/Applications/DevEco-Studio.app/Contents/jbr/Contents/Home'
  },
  { CLASSPATH: undefined }
]
[2026-05-29T16:01:55.515] [DEBUG] debug-file - Use tool [darwin: NODE_HOME]
 [
  {
    NODE_HOME: '/Applications/DevEco-Studio.app/Contents/tools/node/bin'
  }
]
[2026-05-29T16:01:55.515] [DEBUG] debug-file - entry : default@PreBuild cost memory 9.171455383300781
[2026-05-29T16:01:55.515] [DEBUG] debug-file - runTaskFromQueue task cost before running: 147 ms 
[2026-05-29T16:01:55.515] [INFO] debug-file - Finished :entry:default@PreBuild... after 90 ms 
[2026-05-29T16:01:55.515] [DEBUG] debug-file - Executing task :entry:default@CreateModuleInfo
[2026-05-29T16:01:55.516] [DEBUG] debug-file - Task 'entry:default@CreateModuleInfo' cost while wrapping incremental declarations: 1 ms 
[2026-05-29T16:01:55.516] [DEBUG] debug-file - entry : default@CreateModuleInfo cost memory 0.04840087890625
[2026-05-29T16:01:55.516] [DEBUG] debug-file - runTaskFromQueue task cost before running: 148 ms 
[2026-05-29T16:01:55.516] [INFO] debug-file - Finished :entry:default@CreateModuleInfo... after 1 ms 
[2026-05-29T16:01:55.516] [DEBUG] debug-file - Executing task :entry:default@MergeProfile
[2026-05-29T16:01:55.516] [DEBUG] debug-file - Task 'entry:default@MergeProfile' cost while wrapping incremental declarations: 1 ms 
[2026-05-29T16:01:55.517] [DEBUG] debug-file - Change app api release type with 'Release'
[2026-05-29T16:01:55.517] [DEBUG] debug-file - Change app compile API version with '6.1.0.105'
[2026-05-29T16:01:55.517] [DEBUG] debug-file - Change app target API version with '60100023'
[2026-05-29T16:01:55.517] [DEBUG] debug-file - Change app minimum API version with '50000012'
[2026-05-29T16:01:55.517] [DEBUG] debug-file - Use cli appEnvironment
[2026-05-29T16:01:55.518] [DEBUG] debug-file - entry : default@MergeProfile cost memory 0.21799468994140625
[2026-05-29T16:01:55.518] [DEBUG] debug-file - runTaskFromQueue task cost before running: 151 ms 
[2026-05-29T16:01:55.518] [INFO] debug-file - Finished :entry:default@MergeProfile... after 3 ms 
[2026-05-29T16:01:55.519] [DEBUG] debug-file - Executing task :entry:default@CreateBuildProfile
[2026-05-29T16:01:55.519] [DEBUG] debug-file - Task 'entry:default@CreateBuildProfile' cost while wrapping incremental declarations: 1 ms 
[2026-05-29T16:01:55.519] [DEBUG] debug-file - entry : default@CreateBuildProfile cost memory 0.0750885009765625
[2026-05-29T16:01:55.519] [DEBUG] debug-file - runTaskFromQueue task cost before running: 152 ms 
[2026-05-29T16:01:55.519] [INFO] debug-file - Finished :entry:default@CreateBuildProfile... after 1 ms 
[2026-05-29T16:01:55.520] [DEBUG] debug-file - Executing task :entry:default@PreCheckSyscap
[2026-05-29T16:01:55.520] [DEBUG] debug-file - entry : default@PreCheckSyscap cost memory 0.02135467529296875
[2026-05-29T16:01:55.520] [DEBUG] debug-file - runTaskFromQueue task cost before running: 152 ms 
[2026-05-29T16:01:55.520] [INFO] debug-file - Finished :entry:default@PreCheckSyscap... after 1 ms 
[2026-05-29T16:01:55.520] [DEBUG] debug-file - Executing task :entry:default@GeneratePkgContextInfo
[2026-05-29T16:01:55.523] [DEBUG] debug-file - Task 'entry:default@GeneratePkgContextInfo' cost while wrapping incremental declarations: 1 ms 
[2026-05-29T16:01:55.523] [DEBUG] debug-file - entry : default@GeneratePkgContextInfo cost memory 0.40091705322265625
[2026-05-29T16:01:55.523] [DEBUG] debug-file - runTaskFromQueue task cost before running: 156 ms 
[2026-05-29T16:01:55.523] [INFO] debug-file - Finished :entry:default@GeneratePkgContextInfo... after 4 ms 
[2026-05-29T16:01:55.524] [DEBUG] debug-file - Executing task :entry:default@ProcessProfile
[2026-05-29T16:01:55.524] [DEBUG] debug-file - Task 'entry:default@ProcessProfile' cost while wrapping incremental declarations: 1 ms 
[2026-05-29T16:01:55.524] [DEBUG] debug-file - [
  '/Applications/DevEco-Studio.app/Contents/tools/node/bin/node',
  '/Applications/DevEco-Studio.app/Contents/sdk/default/openharmony/ets/build-tools/ets-loader/bin/ark/ts2abc.js',
  '--target-api-version',
  '12',
  '--target-api-sub-version',
  'beta1'
]
[2026-05-29T16:01:55.566] [DEBUG] debug-file - 12.0.2.0
[2026-05-29T16:01:55.566] [DEBUG] debug-file - No need to add fake ui ability because of abilityPath does not exist.
[2026-05-29T16:01:55.566] [DEBUG] debug-file - entry : default@ProcessProfile cost memory 0.32024383544921875
[2026-05-29T16:01:55.566] [DEBUG] debug-file - runTaskFromQueue task cost before running: 199 ms 
[2026-05-29T16:01:55.566] [INFO] debug-file - Finished :entry:default@ProcessProfile... after 43 ms 
[2026-05-29T16:01:55.567] [DEBUG] debug-file - Executing task :entry:default@ProcessRouterMap
[2026-05-29T16:01:55.567] [DEBUG] debug-file - entry : default@ProcessRouterMap cost memory 0.0618743896484375
[2026-05-29T16:01:55.567] [DEBUG] debug-file - runTaskFromQueue task cost before running: 200 ms 
[2026-05-29T16:01:55.567] [INFO] debug-file - Finished :entry:default@ProcessRouterMap... after 1 ms 
[2026-05-29T16:01:55.568] [DEBUG] debug-file - Executing task :entry:default@ProcessShareConfig
[2026-05-29T16:01:55.568] [DEBUG] debug-file - entry : default@ProcessShareConfig cost memory 0.0540924072265625
[2026-05-29T16:01:55.568] [DEBUG] debug-file - runTaskFromQueue task cost before running: 201 ms 
[2026-05-29T16:01:55.568] [INFO] debug-file - Finished :entry:default@ProcessShareConfig... after 1 ms 
[2026-05-29T16:01:55.569] [DEBUG] debug-file - Executing task :entry:default@ProcessStartupConfig
[2026-05-29T16:01:55.569] [DEBUG] debug-file - Task 'entry:default@ProcessStartupConfig' cost while wrapping incremental declarations: 1 ms 
[2026-05-29T16:01:55.569] [DEBUG] debug-file - entry : default@ProcessStartupConfig cost memory 0.06728363037109375
[2026-05-29T16:01:55.569] [DEBUG] debug-file - runTaskFromQueue task cost before running: 201 ms 
[2026-05-29T16:01:55.569] [INFO] debug-file - Finished :entry:default@ProcessStartupConfig... after 1 ms 
[2026-05-29T16:01:55.569] [DEBUG] debug-file - restool module names: entry; moduleName=entry, taskName=default@PreviewProcessResource
[2026-05-29T16:01:55.570] [DEBUG] debug-file - Executing task :entry:default@PreviewProcessResource
[2026-05-29T16:01:55.570] [DEBUG] debug-file - Task 'entry:default@PreviewProcessResource' cost while wrapping incremental declarations: 1 ms 
[2026-05-29T16:01:55.570] [DEBUG] debug-file - entry : default@PreviewProcessResource cost memory 0.06793975830078125
[2026-05-29T16:01:55.570] [DEBUG] debug-file - runTaskFromQueue task cost before running: 202 ms 
[2026-05-29T16:01:55.570] [INFO] debug-file - Finished :entry:default@PreviewProcessResource... after 1 ms 
[2026-05-29T16:01:55.570] [DEBUG] debug-file - Executing task :entry:default@GenerateLoaderJson
[2026-05-29T16:01:55.571] [DEBUG] debug-file - Task 'entry:default@GenerateLoaderJson' cost while wrapping incremental declarations: 1 ms 
[2026-05-29T16:01:55.573] [DEBUG] debug-file - entry : default@GenerateLoaderJson cost memory 0.5867462158203125
[2026-05-29T16:01:55.573] [DEBUG] debug-file - runTaskFromQueue task cost before running: 205 ms 
[2026-05-29T16:01:55.574] [INFO] debug-file - Finished :entry:default@GenerateLoaderJson... after 3 ms 
[2026-05-29T16:01:55.574] [DEBUG] debug-file - restool module names: entry; moduleName=entry, taskName=default@PreviewCompileResource
[2026-05-29T16:01:55.574] [DEBUG] debug-file - Executing task :entry:default@PreviewCompileResource
[2026-05-29T16:01:55.593] [DEBUG] debug-file - Use tool [/Applications/DevEco-Studio.app/Contents/sdk/default/openharmony/toolchains/restool]
 [
  '/Applications/DevEco-Studio.app/Contents/sdk/default/openharmony/toolchains/restool',
  '-x',
  '/Users/vita/Vitemis/Outposts/Kikaria-HarmonyOS/AppScope/resources',
  '-o',
  '/Users/vita/Vitemis/Outposts/Kikaria-HarmonyOS/entry/.preview/default/intermediates/res/default/app_compiled'
]
[2026-05-29T16:01:55.594] [DEBUG] debug-file - current process  memoryUsage: {
  rss: 278626304,
  heapTotal: 177537024,
  heapUsed: 137991224,
  external: 3465014,
  arrayBuffers: 532918
} os memoryUsage :23.812286376953125
[2026-05-29T16:01:55.606] [DEBUG] debug-file - Info: restool resources compile success.

[2026-05-29T16:01:55.608] [DEBUG] debug-file - Use tool [/Applications/DevEco-Studio.app/Contents/sdk/default/openharmony/toolchains/restool]
 [
  '/Applications/DevEco-Studio.app/Contents/sdk/default/openharmony/toolchains/restool',
  '-x',
  '/Users/vita/Vitemis/Outposts/Kikaria-HarmonyOS/entry/src/main/resources',
  '-o',
  '/Users/vita/Vitemis/Outposts/Kikaria-HarmonyOS/entry/.preview/default/intermediates/res/default/module_compiled'
]
[2026-05-29T16:01:55.608] [DEBUG] debug-file - current process  memoryUsage: {
  rss: 278626304,
  heapTotal: 177537024,
  heapUsed: 138144696,
  external: 3465062,
  arrayBuffers: 532966
} os memoryUsage :23.815414428710938
[2026-05-29T16:01:55.618] [DEBUG] debug-file - Info: restool resources compile success.

[2026-05-29T16:01:55.619] [DEBUG] debug-file - Use tool [/Applications/DevEco-Studio.app/Contents/sdk/default/openharmony/toolchains/restool]
 [
  '/Applications/DevEco-Studio.app/Contents/sdk/default/openharmony/toolchains/restool',
  '-m',
  'entry',
  '-f',
  '-j',
  '/Users/vita/Vitemis/Outposts/Kikaria-HarmonyOS/entry/.preview/default/intermediates/process_profile/default/module.json',
  '-p',
  'c***a',
  '-r',
  '/Users/vita/Vitemis/Outposts/Kikaria-HarmonyOS/entry/.preview/default/generated/r/default/ResourceTable.h',
  '-z',
  '--ids',
  '/Users/vita/Vitemis/Outposts/Kikaria-HarmonyOS/entry/.preview/default/intermediates/res/default/ids_map',
  '--defined-ids',
  '/Users/vita/Vitemis/Outposts/Kikaria-HarmonyOS/entry/.preview/default/intermediates/res/default/ids_map/id_defined.json',
  '-i',
  '/Users/vita/Vitemis/Outposts/Kikaria-HarmonyOS/entry/.preview/default/intermediates/res/default/app_compiled',
  '-i',
  '/Users/vita/Vitemis/Outposts/Kikaria-HarmonyOS/entry/.preview/default/intermediates/res/default/module_compiled',
  '-o',
  '/Users/vita/Vitemis/Outposts/Kikaria-HarmonyOS/entry/.preview/default/intermediates/res/default',
  '--defined-sysids',
  '/Applications/DevEco-Studio.app/Contents/sdk/default/hms/toolchains/id_defined.json'
]
[2026-05-29T16:01:55.619] [DEBUG] debug-file - current process  memoryUsage: {
  rss: 278626304,
  heapTotal: 177537024,
  heapUsed: 138281512,
  external: 3465110,
  arrayBuffers: 533014
} os memoryUsage :23.820205688476562
[2026-05-29T16:01:55.651] [DEBUG] debug-file - Info: hardware concurrency count is : 10
Info: thread count is : 10

[2026-05-29T16:01:55.651] [DEBUG] debug-file - Info: thread pool is started

[2026-05-29T16:01:55.652] [DEBUG] debug-file - Info: restool resources compile success.

[2026-05-29T16:01:55.652] [DEBUG] debug-file - Info: thread pool is stopped

[2026-05-29T16:01:55.654] [DEBUG] debug-file - entry : default@PreviewCompileResource cost memory -3.8311843872070312
[2026-05-29T16:01:55.654] [DEBUG] debug-file - runTaskFromQueue task cost before running: 287 ms 
[2026-05-29T16:01:55.654] [INFO] debug-file - Finished :entry:default@PreviewCompileResource... after 81 ms 
[2026-05-29T16:01:55.655] [DEBUG] debug-file - Executing task :entry:default@PreviewHookCompileResource
[2026-05-29T16:01:55.655] [DEBUG] debug-file - entry : default@PreviewHookCompileResource cost memory 0.01509857177734375
[2026-05-29T16:01:55.655] [DEBUG] debug-file - runTaskFromQueue task cost before running: 288 ms 
[2026-05-29T16:01:55.655] [INFO] debug-file - Finished :entry:default@PreviewHookCompileResource... after 1 ms 
[2026-05-29T16:01:55.656] [DEBUG] debug-file - Executing task :entry:default@CopyPreviewProfile
[2026-05-29T16:01:55.658] [DEBUG] debug-file - entry : default@CopyPreviewProfile cost memory 0.1218414306640625
[2026-05-29T16:01:55.658] [DEBUG] debug-file - runTaskFromQueue task cost before running: 290 ms 
[2026-05-29T16:01:55.658] [INFO] debug-file - Finished :entry:default@CopyPreviewProfile... after 3 ms 
[2026-05-29T16:01:55.658] [DEBUG] debug-file - Executing task :entry:default@ReplacePreviewerPage
[2026-05-29T16:01:55.658] [DEBUG] debug-file - entry : default@ReplacePreviewerPage cost memory 0.0152130126953125
[2026-05-29T16:01:55.658] [DEBUG] debug-file - runTaskFromQueue task cost before running: 291 ms 
[2026-05-29T16:01:55.659] [INFO] debug-file - Finished :entry:default@ReplacePreviewerPage... after 1 ms 
[2026-05-29T16:01:55.659] [DEBUG] debug-file - Executing task :entry:buildPreviewerResource
[2026-05-29T16:01:55.659] [DEBUG] debug-file - entry : buildPreviewerResource cost memory 0.01280975341796875
[2026-05-29T16:01:55.659] [DEBUG] debug-file - runTaskFromQueue task cost before running: 291 ms 
[2026-05-29T16:01:55.659] [INFO] debug-file - Finished :entry:buildPreviewerResource... after 1 ms 
[2026-05-29T16:01:55.659] [DEBUG] debug-file - Executing task :entry:default@PreviewUpdateAssets
[2026-05-29T16:01:55.659] [DEBUG] debug-file - entry : default@PreviewUpdateAssets cost memory 0.0625762939453125
[2026-05-29T16:01:55.659] [DEBUG] debug-file - runTaskFromQueue task cost before running: 292 ms 
[2026-05-29T16:01:55.659] [INFO] debug-file - Finished :entry:default@PreviewUpdateAssets... after 1 ms 
[2026-05-29T16:01:55.660] [DEBUG] debug-file - Executing task :entry:default@PreviewArkTS
[2026-05-29T16:01:55.660] [DEBUG] debug-file - obfuscationOptions: undefined
[2026-05-29T16:01:55.661] [DEBUG] debug-file - Task 'entry:default@PreviewArkTS' cost while wrapping incremental declarations: 1 ms 
[2026-05-29T16:01:55.664] [DEBUG] debug-file - No watchWorker available for preview
[2026-05-29T16:01:55.664] [DEBUG] debug-file - Can not reuse worker, create new worker for preview
[2026-05-29T16:01:55.665] [DEBUG] debug-file - session manager: binding session. socketId=iWS-NhA-2_JPQDgeAAAD, threadId=1@1.
[2026-05-29T16:01:55.665] [DEBUG] debug-file - entry : default@PreviewArkTS cost memory 1.753082275390625
[2026-05-29T16:01:56.469] [DEBUG] debug-file - watch worker: send response to session manager. Response type: WatchStart
[2026-05-29T16:01:56.469] [DEBUG] debug-file - session manager: watch message received from worker 1. Type: WatchStart
[2026-05-29T16:01:57.522] [DEBUG] debug-file - watch worker: send response to session manager. Response type: WatchLog
[2026-05-29T16:01:57.522] [DEBUG] debug-file - session manager: watch message received from worker 1. Type: WatchLog
[2026-05-29T16:01:57.522] [DEBUG] debug-file - watch worker: send response to session manager. Response type: WatchLog
[2026-05-29T16:01:57.522] [DEBUG] debug-file - session manager: watch message received from worker 1. Type: WatchLog
[2026-05-29T16:01:59.025] [DEBUG] debug-file - watch worker: send response to session manager. Response type: WatchResult
[2026-05-29T16:01:59.025] [DEBUG] debug-file - Ark compile finished.
[2026-05-29T16:01:59.025] [DEBUG] debug-file - session manager: watch message received from worker 1. Type: WatchResult
[2026-05-29T16:01:59.026] [INFO] debug-file - Finished :entry:default@PreviewArkTS... after 3 s 366 ms 
[2026-05-29T16:01:59.026] [DEBUG] debug-file - Executing task :entry:PreviewBuild
[2026-05-29T16:01:59.026] [DEBUG] debug-file - entry : PreviewBuild cost memory 0.01258087158203125
[2026-05-29T16:01:59.026] [DEBUG] debug-file - runTaskFromQueue task cost before running: 3 s 658 ms 
[2026-05-29T16:01:59.026] [INFO] debug-file - Finished :entry:PreviewBuild... after 1 ms 
[2026-05-29T16:01:59.026] [INFO] debug-file - BUILD SUCCESSFUL in 3 s 659 ms 
[2026-05-29T16:01:59.026] [DEBUG] debug-file - Update task entry:default@PreBuild input file:/Users/vita/Vitemis/Outposts/Kikaria-HarmonyOS/AppScope/app.json5 cache by regenerate.
[2026-05-29T16:01:59.027] [DEBUG] debug-file - Update task entry:default@PreBuild input file:/Users/vita/Vitemis/Outposts/Kikaria-HarmonyOS/entry/src/main/module.json5 cache by regenerate.
[2026-05-29T16:01:59.027] [DEBUG] debug-file - Update task entry:default@PreBuild input file:/Users/vita/Vitemis/Outposts/Kikaria-HarmonyOS/build-profile.json5 cache by regenerate.
[2026-05-29T16:01:59.027] [DEBUG] debug-file - Update task entry:default@PreBuild input file:/Users/vita/Vitemis/Outposts/Kikaria-HarmonyOS/entry/build-profile.json5 cache by regenerate.
[2026-05-29T16:01:59.027] [DEBUG] debug-file - Update task entry:default@PreBuild input file:/Users/vita/Vitemis/Outposts/Kikaria-HarmonyOS/entry/src/main/resources/base/profile/main_pages.json cache by regenerate.
[2026-05-29T16:01:59.027] [DEBUG] debug-file - Update task entry:default@PreBuild input file:/Users/vita/Vitemis/Outposts/Kikaria-HarmonyOS/hvigor/hvigor-config.json5 cache by regenerate.
[2026-05-29T16:01:59.027] [DEBUG] debug-file - Update task entry:default@PreBuild input file:/Users/vita/Vitemis/Outposts/Kikaria-HarmonyOS/entry/oh-package.json5 cache by regenerate.
[2026-05-29T16:01:59.027] [DEBUG] debug-file - Update task entry:default@PreBuild input file:/Users/vita/Vitemis/Outposts/Kikaria-HarmonyOS/oh-package.json5 cache by regenerate.
[2026-05-29T16:01:59.027] [DEBUG] debug-file - Incremental task entry:default@PreBuild post-execution cost:1 ms .
[2026-05-29T16:01:59.027] [DEBUG] debug-file - Update task entry:default@CreateModuleInfo output file:/Users/vita/Vitemis/Outposts/Kikaria-HarmonyOS/entry/.preview/default/generated/profile/default/ModuleInfo.ts cache.
[2026-05-29T16:01:59.027] [DEBUG] debug-file - Incremental task entry:default@CreateModuleInfo post-execution cost:1 ms .
[2026-05-29T16:01:59.027] [DEBUG] debug-file - Update task entry:default@MergeProfile input file:/Users/vita/Vitemis/Outposts/Kikaria-HarmonyOS/AppScope/app.json5 cache by regenerate.
[2026-05-29T16:01:59.027] [DEBUG] debug-file - Update task entry:default@MergeProfile input file:/Users/vita/Vitemis/Outposts/Kikaria-HarmonyOS/build-profile.json5 cache by regenerate.
[2026-05-29T16:01:59.027] [DEBUG] debug-file - Update task entry:default@MergeProfile input file:/Users/vita/Vitemis/Outposts/Kikaria-HarmonyOS/entry/src/main/module.json5 cache by regenerate.
[2026-05-29T16:01:59.028] [DEBUG] debug-file - Update task entry:default@MergeProfile output file:/Users/vita/Vitemis/Outposts/Kikaria-HarmonyOS/entry/.preview/default/intermediates/merge_profile/default/module.json cache.
[2026-05-29T16:01:59.028] [DEBUG] debug-file - Incremental task entry:default@MergeProfile post-execution cost:1 ms .
[2026-05-29T16:01:59.028] [DEBUG] debug-file - Update task entry:default@CreateBuildProfile input file:/Users/vita/Vitemis/Outposts/Kikaria-HarmonyOS/AppScope/app.json5 cache by regenerate.
[2026-05-29T16:01:59.028] [DEBUG] debug-file - Update task entry:default@CreateBuildProfile input file:/Users/vita/Vitemis/Outposts/Kikaria-HarmonyOS/build-profile.json5 cache by regenerate.
[2026-05-29T16:01:59.028] [DEBUG] debug-file - Update task entry:default@CreateBuildProfile output file:/Users/vita/Vitemis/Outposts/Kikaria-HarmonyOS/entry/.preview/default/generated/profile/default/BuildProfile.ets cache.
[2026-05-29T16:01:59.028] [DEBUG] debug-file - Incremental task entry:default@CreateBuildProfile post-execution cost:1 ms .
[2026-05-29T16:01:59.028] [DEBUG] debug-file - Update task entry:default@GeneratePkgContextInfo output file:/Users/vita/Vitemis/Outposts/Kikaria-HarmonyOS/entry/.preview/default/intermediates/loader/default/pkgContextInfo.json cache.
[2026-05-29T16:01:59.028] [DEBUG] debug-file - Incremental task entry:default@GeneratePkgContextInfo post-execution cost:1 ms .
[2026-05-29T16:01:59.028] [DEBUG] debug-file - Update task entry:default@ProcessProfile input file:/Users/vita/Vitemis/Outposts/Kikaria-HarmonyOS/entry/.preview/default/intermediates/merge_profile/default/module.json cache by regenerate.
[2026-05-29T16:01:59.028] [DEBUG] debug-file - Update task entry:default@ProcessProfile output file:/Users/vita/Vitemis/Outposts/Kikaria-HarmonyOS/entry/.preview/default/intermediates/process_profile/default/module.json cache.
[2026-05-29T16:01:59.028] [DEBUG] debug-file - Incremental task entry:default@ProcessProfile post-execution cost:1 ms .
[2026-05-29T16:01:59.028] [DEBUG] debug-file - Update task entry:default@ProcessRouterMap input file:/Users/vita/Vitemis/Outposts/Kikaria-HarmonyOS/entry/oh-package.json5 cache by regenerate.
[2026-05-29T16:01:59.028] [DEBUG] debug-file - Update task entry:default@ProcessRouterMap input file:/Users/vita/Vitemis/Outposts/Kikaria-HarmonyOS/oh-package.json5 cache by regenerate.
[2026-05-29T16:01:59.028] [DEBUG] debug-file - Update task entry:default@ProcessRouterMap input file:/Users/vita/Vitemis/Outposts/Kikaria-HarmonyOS/entry/src/main/module.json5 cache by regenerate.
[2026-05-29T16:01:59.028] [DEBUG] debug-file - Update task entry:default@ProcessRouterMap output file:/Users/vita/Vitemis/Outposts/Kikaria-HarmonyOS/entry/.preview/default/intermediates/router_map/default/temp-router-map.json cache.
[2026-05-29T16:01:59.028] [DEBUG] debug-file - Update task entry:default@ProcessRouterMap output file:/Users/vita/Vitemis/Outposts/Kikaria-HarmonyOS/entry/.preview/default/intermediates/router_map/default/loader-router-map.json cache.
[2026-05-29T16:01:59.028] [DEBUG] debug-file - Incremental task entry:default@ProcessRouterMap post-execution cost:1 ms .
[2026-05-29T16:01:59.028] [DEBUG] debug-file - Update task entry:default@ProcessShareConfig input file:/Users/vita/Vitemis/Outposts/Kikaria-HarmonyOS/entry/oh-package.json5 cache by regenerate.
[2026-05-29T16:01:59.028] [DEBUG] debug-file - Update task entry:default@ProcessShareConfig input file:/Users/vita/Vitemis/Outposts/Kikaria-HarmonyOS/oh-package.json5 cache by regenerate.
[2026-05-29T16:01:59.028] [DEBUG] debug-file - Update task entry:default@ProcessShareConfig input file:/Users/vita/Vitemis/Outposts/Kikaria-HarmonyOS/entry/src/main/module.json5 cache by regenerate.
[2026-05-29T16:01:59.028] [DEBUG] debug-file - Update task entry:default@ProcessShareConfig output file:/Users/vita/Vitemis/Outposts/Kikaria-HarmonyOS/entry/.preview/default/intermediates/share_config/default/temp-share-config.json cache.
[2026-05-29T16:01:59.028] [DEBUG] debug-file - Incremental task entry:default@ProcessShareConfig post-execution cost:1 ms .
[2026-05-29T16:01:59.028] [DEBUG] debug-file - Update task entry:default@ProcessStartupConfig output file:/Users/vita/Vitemis/Outposts/Kikaria-HarmonyOS/entry/.preview/default/intermediates/startup/default/startup_config.json cache.
[2026-05-29T16:01:59.028] [DEBUG] debug-file - Incremental task entry:default@ProcessStartupConfig post-execution cost:1 ms .
[2026-05-29T16:01:59.029] [DEBUG] debug-file - Update task entry:default@GenerateLoaderJson input file:/Users/vita/Vitemis/Outposts/Kikaria-HarmonyOS/entry/.preview/default/intermediates/router_map/default/temp-router-map.json cache by regenerate.
[2026-05-29T16:01:59.029] [DEBUG] debug-file - Update task entry:default@GenerateLoaderJson output file:/Users/vita/Vitemis/Outposts/Kikaria-HarmonyOS/entry/.preview/default/intermediates/loader/default/loader.json cache.
[2026-05-29T16:01:59.029] [DEBUG] debug-file - Incremental task entry:default@GenerateLoaderJson post-execution cost:1 ms .
[2026-05-29T16:01:59.029] [DEBUG] debug-file - Update task entry:default@PreviewCompileResource input file:/Users/vita/Vitemis/Outposts/Kikaria-HarmonyOS/entry/src/main/resources cache by regenerate.
[2026-05-29T16:01:59.030] [DEBUG] debug-file - Update task entry:default@PreviewCompileResource input file:/Users/vita/Vitemis/Outposts/Kikaria-HarmonyOS/entry/.preview/default/intermediates/merge_profile/default/module.json cache by regenerate.
[2026-05-29T16:01:59.030] [DEBUG] debug-file - Update task entry:default@PreviewCompileResource output file:/Users/vita/Vitemis/Outposts/Kikaria-HarmonyOS/entry/.preview/default/intermediates/res/default cache.
[2026-05-29T16:01:59.031] [DEBUG] debug-file - Update task entry:default@PreviewCompileResource output file:/Users/vita/Vitemis/Outposts/Kikaria-HarmonyOS/entry/.preview/default/generated/r/default cache.
[2026-05-29T16:01:59.031] [DEBUG] debug-file - Incremental task entry:default@PreviewCompileResource post-execution cost:3 ms .
[2026-05-29T16:01:59.031] [DEBUG] debug-file - Update task entry:default@CopyPreviewProfile input file:/Users/vita/Vitemis/Outposts/Kikaria-HarmonyOS/entry/src/main/resources/base/profile cache by regenerate.
[2026-05-29T16:01:59.031] [DEBUG] debug-file - Update task entry:default@CopyPreviewProfile output file:/Users/vita/Vitemis/Outposts/Kikaria-HarmonyOS/entry/.preview/default/intermediates/res/default/resources/base/profile cache.
[2026-05-29T16:01:59.031] [DEBUG] debug-file - Incremental task entry:default@CopyPreviewProfile post-execution cost:1 ms .
[2026-05-29T16:01:59.031] [DEBUG] debug-file - Update task entry:default@PreviewUpdateAssets output file:/Users/vita/Vitemis/Outposts/Kikaria-HarmonyOS/entry/.preview/default/intermediates/res/default/module.json cache.
[2026-05-29T16:01:59.031] [DEBUG] debug-file - Update task entry:default@PreviewUpdateAssets output file:/Users/vita/Vitemis/Outposts/Kikaria-HarmonyOS/entry/.preview/default/intermediates/res/default/resources/base/profile/main_pages.json cache.
[2026-05-29T16:01:59.031] [DEBUG] debug-file - Incremental task entry:default@PreviewUpdateAssets post-execution cost:1 ms .
[2026-05-29T16:01:59.031] [DEBUG] debug-file - Update task entry:default@PreviewArkTS input file:/Users/vita/Vitemis/Outposts/Kikaria-HarmonyOS/entry/.preview/default/intermediates/loader/default cache by regenerate.
[2026-05-29T16:01:59.031] [DEBUG] debug-file - Update task entry:default@PreviewArkTS input file:/Users/vita/Vitemis/Outposts/Kikaria-HarmonyOS/entry/.preview/default/intermediates/res/default/ResourceTable.txt cache by regenerate.
[2026-05-29T16:01:59.031] [DEBUG] debug-file - Update task entry:default@PreviewArkTS input file:/Users/vita/Vitemis/Outposts/Kikaria-HarmonyOS/entry/.preview/default/intermediates/process_profile/default/module.json cache by regenerate.
[2026-05-29T16:01:59.031] [DEBUG] debug-file - Update task entry:default@PreviewArkTS input file:/Users/vita/Vitemis/Outposts/Kikaria-HarmonyOS/entry/.preview/default/intermediates/res/default/resources/base/profile cache by regenerate.
[2026-05-29T16:01:59.032] [DEBUG] debug-file - Update task entry:default@PreviewArkTS input file:/Users/vita/Vitemis/Outposts/Kikaria-HarmonyOS/entry/src/main/ets cache by regenerate.
[2026-05-29T16:01:59.032] [DEBUG] debug-file - Update task entry:default@PreviewArkTS input file:/Users/vita/Vitemis/Outposts/Kikaria-HarmonyOS/entry/src/main/ets/entryability/EntryAbility.ets cache by regenerate.
[2026-05-29T16:01:59.032] [DEBUG] debug-file - Update task entry:default@PreviewArkTS input file:/Users/vita/Vitemis/Outposts/Kikaria-HarmonyOS/entry/.preview/default/generated/profile/default/BuildProfile.ets cache by regenerate.
[2026-05-29T16:01:59.032] [DEBUG] debug-file - Update task entry:default@PreviewArkTS output file:/Users/vita/Vitemis/Outposts/Kikaria-HarmonyOS/entry/.preview/default/intermediates/loader_out/default/ets cache.
[2026-05-29T16:01:59.032] [DEBUG] debug-file - Incremental task entry:default@PreviewArkTS post-execution cost:1 ms .
[2026-05-29T16:01:59.035] [DEBUG] debug-file - There's no busy workers and idle workers need cleanup.
[2026-05-29T16:01:59.036] [DEBUG] debug-file - hvigor build process will be closed.
[2026-05-29T16:15:09.231] [DEBUG] debug-file - env: nodejsVersion=v18.20.1
[2026-05-29T16:15:09.389] [DEBUG] debug-file - Hvigor init with startParameters:{
  hvigorfileTypeCheck: false,
  parallelExecution: true,
  incrementalExecution: true,
  printStackTrace: false,
  daemon: false,
  analyze: 0,
  logLevel: Level { level: 20000, levelStr: 'INFO', colour: 'green' },
  optimizationStrategy: 'memory',
  hotCompile: undefined,
  hotReloadBuild: undefined,
  customizedParam: undefined
}
[2026-05-29T16:15:10.072] [DEBUG] debug-file - hvigorfile, require result:  { default: { system: [Function: appTasks], plugins: [] } }
[2026-05-29T16:15:10.073] [DEBUG] debug-file - Starting plugin build process
[2026-05-29T16:15:10.161] [DEBUG] debug-file - App plugin register hook start...
[2026-05-29T16:15:10.162] [DEBUG] debug-file - Start initialize project's product build option map with build mode debug.
[2026-05-29T16:15:09.232] [DEBUG] debug-file - env: hvigor-config.json5 content = { modelVersion: '6.1.0', dependencies: {} }
[2026-05-29T16:15:10.164] [DEBUG] debug-file - hvigor build process will be closed with an error.
[2026-05-29T16:15:10.180] [DEBUG] debug-file - Create  resident worker with id: 0.
[2026-05-29T16:15:09.391] [DEBUG] debug-file - Cache service initialization finished in 2 ms 
[2026-05-29T16:15:10.073] [DEBUG] debug-file - App plugin prepare start...
[2026-05-29T16:15:10.161] [DEBUG] debug-file - App plugin register hook end...
[2026-05-29T16:15:10.162] [DEBUG] debug-file - Picking option from product 'default' with build mode 'debug'.
[2026-05-29T16:15:10.072] [DEBUG] debug-file - hvigorfile, binding system plugins [Function: appTasks]
[2026-05-29T16:15:09.233] [DEBUG] debug-file - env: daemon=false
[2026-05-29T16:15:10.173] [ERROR] debug-file - [31m00303217 Configuration Error
Error Message: Invalid value of 'DEVECO_SDK_HOME' in the system environment path.

* Try the following:
  > Correct the value, run hvigorw --stop-daemon to stop the daemon process, and then try again.
[39m

[31m* Try:
> Run with --stacktrace option to get the stack trace.
> Run with --debug option to get more log output.

[2026-05-29T16:15:10.180] [DEBUG] debug-file - Create  resident worker with id: 1.
[2026-05-29T16:15:09.392] [DEBUG] debug-file - hvigorfile, resolving /Users/vita/Vitemis/Outposts/Kikaria-HarmonyOS/hvigorfile.ts
[2026-05-29T16:15:10.073] [DEBUG] debug-file - App plugin prepare end...
[2026-05-29T16:15:10.161] [DEBUG] debug-file - Plugin build process completed
[2026-05-29T16:15:10.162] [DEBUG] debug-file - Product 'default' build option initialized
[2026-05-29T16:15:09.233] [DEBUG] debug-file - no-daemon, use the default node options
[2026-05-29T16:15:10.173] [DEBUG] debug-file - ERROR: stacktrace = AdaptorError: [31m00303217 Configuration Error
Error Message: Invalid value of 'DEVECO_SDK_HOME' in the system environment path.

* Try the following:
  > Correct the value, run hvigorw --stop-daemon to stop the daemon process, and then try again.
[39m
    at OhosLogger.printErrorExit (/Applications/DevEco-Studio.app/Contents/tools/hvigor/hvigor/src/base/log/hvigor-log.js:1:5087)
    at Property.validatePath (/Applications/DevEco-Studio.app/Contents/tools/hvigor/hvigor-ohos-plugin/src/sdk/lib/property-get.js:1:2027)
    at Property.getHosSdkDir (/Applications/DevEco-Studio.app/Contents/tools/hvigor/hvigor-ohos-plugin/src/sdk/lib/property-get.js:1:1395)
    at SdkLoader.getSdkInfo (/Applications/DevEco-Studio.app/Contents/tools/hvigor/hvigor-ohos-plugin/src/sdk/sdk-loader.js:1:668)
    at new ProjectTaskService (/Applications/DevEco-Studio.app/Contents/tools/hvigor/hvigor-ohos-plugin/src/tasks/service/project-task-service.js:1:2057)
    at AppPlugin.initTaskService (/Applications/DevEco-Studio.app/Contents/tools/hvigor/hvigor-ohos-plugin/src/plugin/app-plugin.js:1:715)
    at ProjectImpl.<anonymous> (/Applications/DevEco-Studio.app/Contents/tools/hvigor/hvigor-ohos-plugin/src/plugin/builder/app-plugin-builder.js:1:2286)
    at ProjectImpl.executeAfterBindSystemPluginsHook (/Applications/DevEco-Studio.app/Contents/tools/hvigor/hvigor/src/base/internal/lifecycle/hvigor-node-impl/default-node-impl.js:1:5577)
    at evaluateNodeVigorFile (/Applications/DevEco-Studio.app/Contents/tools/hvigor/hvigor/src/base/internal/lifecycle/configuration.js:1:9221)
    at process.processTicksAndRejections (node:internal/process/task_queues:95:5)
[2026-05-29T16:15:10.181] [DEBUG] debug-file - Current worker pool is stopped or closed.
[2026-05-29T16:15:10.073] [DEBUG] debug-file - App plugin creating...
[2026-05-29T16:15:10.162] [DEBUG] debug-file - End initialize project's product build option map with build mode 'debug'.
[2026-05-29T16:15:10.173] [ERROR] debug-file - AdaptorError: [31m00303217 Configuration Error
Error Message: Invalid value of 'DEVECO_SDK_HOME' in the system environment path.

* Try the following:
  > Correct the value, run hvigorw --stop-daemon to stop the daemon process, and then try again.
[39m
    at OhosLogger.printErrorExit (/Applications/DevEco-Studio.app/Contents/tools/hvigor/hvigor/src/base/log/hvigor-log.js:1:5087)
    at Property.validatePath (/Applications/DevEco-Studio.app/Contents/tools/hvigor/hvigor-ohos-plugin/src/sdk/lib/property-get.js:1:2027)
    at Property.getHosSdkDir (/Applications/DevEco-Studio.app/Contents/tools/hvigor/hvigor-ohos-plugin/src/sdk/lib/property-get.js:1:1395)
    at SdkLoader.getSdkInfo (/Applications/DevEco-Studio.app/Contents/tools/hvigor/hvigor-ohos-plugin/src/sdk/sdk-loader.js:1:668)
    at new ProjectTaskService (/Applications/DevEco-Studio.app/Contents/tools/hvigor/hvigor-ohos-plugin/src/tasks/service/project-task-service.js:1:2057)
    at AppPlugin.initTaskService (/Applications/DevEco-Studio.app/Contents/tools/hvigor/hvigor-ohos-plugin/src/plugin/app-plugin.js:1:715)
    at ProjectImpl.<anonymous> (/Applications/DevEco-Studio.app/Contents/tools/hvigor/hvigor-ohos-plugin/src/plugin/builder/app-plugin-builder.js:1:2286)
    at ProjectImpl.executeAfterBindSystemPluginsHook (/Applications/DevEco-Studio.app/Contents/tools/hvigor/hvigor/src/base/internal/lifecycle/hvigor-node-impl/default-node-impl.js:1:5577)
    at evaluateNodeVigorFile (/Applications/DevEco-Studio.app/Contents/tools/hvigor/hvigor/src/base/internal/lifecycle/configuration.js:1:9221)
    at process.processTicksAndRejections (node:internal/process/task_queues:95:5)
[2026-05-29T16:15:10.181] [DEBUG] debug-file - Clear worker 0.
[2026-05-29T16:15:10.174] [ERROR] debug-file - BUILD FAILED in 789 ms 
[2026-05-29T16:15:10.181] [DEBUG] debug-file - Worker 0 has been cleared.
[2026-05-29T16:15:10.179] [DEBUG] debug-file - Since there is no instance or instance is terminated, create a new worker pool.
[2026-05-29T16:15:10.181] [DEBUG] debug-file - Current idle worker size: 1.
[2026-05-29T16:15:10.179] [DEBUG] debug-file - Worker pool is initialized with config:  {
  minPoolNum: 2,
  maxPoolNum: undefined,
  maxCoreSize: undefined,
  cacheCapacity: undefined,
  cacheTtl: undefined
}
[2026-05-29T16:15:10.181] [DEBUG] debug-file - Current busy worker size: 0.
[2026-05-29T16:15:10.181] [DEBUG] debug-file - Clear worker 1.
[2026-05-29T16:15:10.181] [DEBUG] debug-file - Worker 1 has been cleared.
[2026-05-29T16:15:10.181] [DEBUG] debug-file - Current idle worker size: 0.
[2026-05-29T16:15:10.181] [DEBUG] debug-file - Current busy worker size: 0.
[2026-05-29T16:15:10.185] [DEBUG] debug-file - hvigor build process will be closed.
[2026-05-29T16:15:10.189] [DEBUG] debug-file - worker[0] exits with exit code 0.
[2026-05-29T16:15:10.189] [DEBUG] debug-file - worker[1] exits with exit code 0.
[2026-05-29T16:15:10.189] [DEBUG] debug-file - Current worker pool is terminated.
[2026-05-29T16:15:22.175] [DEBUG] debug-file - env: nodejsVersion=v18.20.1
[2026-05-29T16:15:22.324] [DEBUG] debug-file - Hvigor init with startParameters:{
  hvigorfileTypeCheck: false,
  parallelExecution: true,
  incrementalExecution: true,
  printStackTrace: false,
  daemon: false,
  analyze: 0,
  logLevel: Level { level: 20000, levelStr: 'INFO', colour: 'green' },
  optimizationStrategy: 'memory',
  hotCompile: undefined,
  hotReloadBuild: undefined,
  customizedParam: undefined
}
[2026-05-29T16:15:22.976] [DEBUG] debug-file - Starting plugin build process
[2026-05-29T16:15:23.056] [DEBUG] debug-file - App plugin register hook start...
[2026-05-29T16:15:22.975] [DEBUG] debug-file - hvigorfile, require result:  { default: { system: [Function: appTasks], plugins: [] } }
[2026-05-29T16:15:23.059] [DEBUG] debug-file - Obtain build option for product 'default'in this build.
[2026-05-29T16:15:22.175] [DEBUG] debug-file - env: hvigor-config.json5 content = { modelVersion: '6.1.0', dependencies: {} }
[2026-05-29T16:15:23.058] [DEBUG] debug-file - Start initialize project's product build option map with build mode debug.
[2026-05-29T16:15:23.128] [DEBUG] debug-file - Create  resident worker with id: 0.
[2026-05-29T16:15:22.326] [DEBUG] debug-file - Cache service initialization finished in 2 ms 
[2026-05-29T16:15:22.976] [DEBUG] debug-file - App plugin prepare start...
[2026-05-29T16:15:23.056] [DEBUG] debug-file - App plugin register hook end...
[2026-05-29T16:15:22.975] [DEBUG] debug-file - hvigorfile, binding system plugins [Function: appTasks]
[2026-05-29T16:15:23.060] [DEBUG] debug-file - No signingConfig found, initRemoteHspCache failed.
[2026-05-29T16:15:22.176] [DEBUG] debug-file - env: daemon=false
[2026-05-29T16:15:23.058] [DEBUG] debug-file - Picking option from product 'default' with build mode 'debug'.
[2026-05-29T16:15:23.129] [DEBUG] debug-file - Create  resident worker with id: 1.
[2026-05-29T16:15:22.326] [DEBUG] debug-file - hvigorfile, resolving /Users/vita/Vitemis/Outposts/Kikaria-HarmonyOS/hvigorfile.ts
[2026-05-29T16:15:22.976] [DEBUG] debug-file - App plugin prepare end...
[2026-05-29T16:15:23.056] [DEBUG] debug-file - Plugin build process completed
[2026-05-29T16:15:23.061] [DEBUG] debug-file - Local scan or download HarmonyOS sdk components toolchains,ets,js,native,previewer
[2026-05-29T16:15:22.176] [DEBUG] debug-file - no-daemon, use the default node options
[2026-05-29T16:15:23.058] [DEBUG] debug-file - Product 'default' build option initialized
[2026-05-29T16:15:23.130] [DEBUG] debug-file - Current worker pool is stopped or closed.
[2026-05-29T16:15:22.976] [DEBUG] debug-file - App plugin creating...
[2026-05-29T16:15:23.121] [DEBUG] debug-file - hvigor build process will be closed with an error.
[2026-05-29T16:15:23.130] [DEBUG] debug-file - Clear worker 0.
[2026-05-29T16:15:23.058] [DEBUG] debug-file - End initialize project's product build option map with build mode 'debug'.
[2026-05-29T16:15:23.123] [ERROR] debug-file - [31m00303168 Configuration Error
Error Message: SDK component missing.

* Try the following:
  > Please verify the integrity of your SDK.
  > Please update the SDK at the download link below.
  > More info: https://developer.huawei.com/consumer/en/download
[39m

[31m* Try:
> Run with --stacktrace option to get the stack trace.
> Run with --debug option to get more log output.

[2026-05-29T16:15:23.130] [DEBUG] debug-file - Worker 0 has been cleared.
[2026-05-29T16:15:23.123] [DEBUG] debug-file - ERROR: stacktrace = AdaptorError: [31m00303168 Configuration Error
Error Message: SDK component missing.

* Try the following:
  > Please verify the integrity of your SDK.
  > Please update the SDK at the download link below.
  > More info: https://developer.huawei.com/consumer/en/download
[39m
    at OhosLogger.printErrorExit (/Applications/DevEco-Studio.app/Contents/tools/hvigor/hvigor/src/base/log/hvigor-log.js:1:5087)
    at HmosSdkLoader.getHmosSdkComponents (/Applications/DevEco-Studio.app/Contents/tools/hvigor/hvigor-ohos-plugin/src/sdk/hmos-sdk-loader.js:1:1895)
    at HosSdkInfo.setup (/Applications/DevEco-Studio.app/Contents/tools/hvigor/hvigor-ohos-plugin/src/sdk/info/hos-sdk-info.js:1:1537)
    at ProjectTaskService.setup (/Applications/DevEco-Studio.app/Contents/tools/hvigor/hvigor-ohos-plugin/src/tasks/service/project-task-service.js:1:2525)
    at ProjectImpl.<anonymous> (/Applications/DevEco-Studio.app/Contents/tools/hvigor/hvigor-ohos-plugin/src/plugin/builder/app-plugin-builder.js:1:2361)
    at ProjectImpl.executeAfterBindSystemPluginsHook (/Applications/DevEco-Studio.app/Contents/tools/hvigor/hvigor/src/base/internal/lifecycle/hvigor-node-impl/default-node-impl.js:1:5577)
    at evaluateNodeVigorFile (/Applications/DevEco-Studio.app/Contents/tools/hvigor/hvigor/src/base/internal/lifecycle/configuration.js:1:9221)
    at process.processTicksAndRejections (node:internal/process/task_queues:95:5)
    at async evalProject (/Applications/DevEco-Studio.app/Contents/tools/hvigor/hvigor/src/base/internal/lifecycle/configuration.js:1:3544)
    at async configuration (/Applications/DevEco-Studio.app/Contents/tools/hvigor/hvigor/src/base/internal/lifecycle/configuration.js:1:2288)
[2026-05-29T16:15:23.130] [DEBUG] debug-file - Current idle worker size: 1.
[2026-05-29T16:15:23.123] [ERROR] debug-file - AdaptorError: [31m00303168 Configuration Error
Error Message: SDK component missing.

* Try the following:
  > Please verify the integrity of your SDK.
  > Please update the SDK at the download link below.
  > More info: https://developer.huawei.com/consumer/en/download
[39m
    at OhosLogger.printErrorExit (/Applications/DevEco-Studio.app/Contents/tools/hvigor/hvigor/src/base/log/hvigor-log.js:1:5087)
    at HmosSdkLoader.getHmosSdkComponents (/Applications/DevEco-Studio.app/Contents/tools/hvigor/hvigor-ohos-plugin/src/sdk/hmos-sdk-loader.js:1:1895)
    at HosSdkInfo.setup (/Applications/DevEco-Studio.app/Contents/tools/hvigor/hvigor-ohos-plugin/src/sdk/info/hos-sdk-info.js:1:1537)
    at ProjectTaskService.setup (/Applications/DevEco-Studio.app/Contents/tools/hvigor/hvigor-ohos-plugin/src/tasks/service/project-task-service.js:1:2525)
    at ProjectImpl.<anonymous> (/Applications/DevEco-Studio.app/Contents/tools/hvigor/hvigor-ohos-plugin/src/plugin/builder/app-plugin-builder.js:1:2361)
    at ProjectImpl.executeAfterBindSystemPluginsHook (/Applications/DevEco-Studio.app/Contents/tools/hvigor/hvigor/src/base/internal/lifecycle/hvigor-node-impl/default-node-impl.js:1:5577)
    at evaluateNodeVigorFile (/Applications/DevEco-Studio.app/Contents/tools/hvigor/hvigor/src/base/internal/lifecycle/configuration.js:1:9221)
    at process.processTicksAndRejections (node:internal/process/task_queues:95:5)
    at async evalProject (/Applications/DevEco-Studio.app/Contents/tools/hvigor/hvigor/src/base/internal/lifecycle/configuration.js:1:3544)
    at async configuration (/Applications/DevEco-Studio.app/Contents/tools/hvigor/hvigor/src/base/internal/lifecycle/configuration.js:1:2288)
[2026-05-29T16:15:23.130] [DEBUG] debug-file - Current busy worker size: 0.
[2026-05-29T16:15:23.124] [ERROR] debug-file - BUILD FAILED in 803 ms 
[2026-05-29T16:15:23.128] [DEBUG] debug-file - Since there is no instance or instance is terminated, create a new worker pool.
[2026-05-29T16:15:23.130] [DEBUG] debug-file - Clear worker 1.
[2026-05-29T16:15:23.128] [DEBUG] debug-file - Worker pool is initialized with config:  {
  minPoolNum: 2,
  maxPoolNum: undefined,
  maxCoreSize: undefined,
  cacheCapacity: undefined,
  cacheTtl: undefined
}
[2026-05-29T16:15:23.130] [DEBUG] debug-file - Worker 1 has been cleared.
[2026-05-29T16:15:23.130] [DEBUG] debug-file - Current idle worker size: 0.
[2026-05-29T16:15:23.130] [DEBUG] debug-file - Current busy worker size: 0.
[2026-05-29T16:15:23.134] [DEBUG] debug-file - hvigor build process will be closed.
[2026-05-29T16:15:23.136] [DEBUG] debug-file - worker[0] exits with exit code 0.
[2026-05-29T16:15:23.136] [DEBUG] debug-file - worker[1] exits with exit code 0.
[2026-05-29T16:15:23.136] [DEBUG] debug-file - Current worker pool is terminated.
[2026-05-29T16:15:48.510] [DEBUG] debug-file - env: nodejsVersion=v18.20.1
[2026-05-29T16:15:48.660] [DEBUG] debug-file - Hvigor init with startParameters:{
  hvigorfileTypeCheck: false,
  parallelExecution: true,
  incrementalExecution: true,
  printStackTrace: false,
  daemon: false,
  analyze: 0,
  logLevel: Level { level: 10000, levelStr: 'DEBUG', colour: 'cyan' },
  optimizationStrategy: 'memory',
  hotCompile: undefined,
  hotReloadBuild: undefined,
  customizedParam: undefined
}
[2026-05-29T16:15:49.310] [DEBUG] debug-file - hvigorfile, require result:  { default: { system: [Function: appTasks], plugins: [] } }
[2026-05-29T16:15:49.311] [DEBUG] debug-file - Starting plugin build process
[2026-05-29T16:15:49.399] [DEBUG] debug-file - App plugin register hook start...
[2026-05-29T16:15:49.400] [DEBUG] debug-file - Start initialize project's product build option map with build mode debug.
[2026-05-29T16:15:49.401] [DEBUG] debug-file - Obtain build option for product 'default'in this build.
[2026-05-29T16:15:48.510] [DEBUG] debug-file - env: hvigor-config.json5 content = { modelVersion: '6.1.0', dependencies: {} }
[2026-05-29T16:15:49.433] [DEBUG] debug-file - Create  resident worker with id: 0.
[2026-05-29T16:15:48.662] [DEBUG] debug-file - Cache service initialization finished in 2 ms 
[2026-05-29T16:15:49.310] [DEBUG] debug-file - hvigorfile, binding system plugins [Function: appTasks]
[2026-05-29T16:15:49.311] [DEBUG] debug-file - App plugin prepare start...
[2026-05-29T16:15:49.399] [DEBUG] debug-file - App plugin register hook end...
[2026-05-29T16:15:49.400] [DEBUG] debug-file - Picking option from product 'default' with build mode 'debug'.
[2026-05-29T16:15:49.402] [DEBUG] debug-file - No signingConfig found, initRemoteHspCache failed.
[2026-05-29T16:15:48.511] [DEBUG] debug-file - env: daemon=false
[2026-05-29T16:15:49.434] [DEBUG] debug-file - Create  resident worker with id: 1.
[2026-05-29T16:15:48.662] [DEBUG] debug-file - hvigorfile, resolving /Users/vita/Vitemis/Outposts/Kikaria-HarmonyOS/hvigorfile.ts
[2026-05-29T16:15:49.311] [DEBUG] debug-file - App plugin prepare end...
[2026-05-29T16:15:49.399] [DEBUG] debug-file - Plugin build process completed
[2026-05-29T16:15:49.400] [DEBUG] debug-file - Product 'default' build option initialized
[2026-05-29T16:15:49.403] [DEBUG] debug-file - Local scan or download HarmonyOS sdk components toolchains,ets,js,native,previewer
[2026-05-29T16:15:48.511] [DEBUG] debug-file - no-daemon, use the default node options
[2026-05-29T16:15:49.436] [DEBUG] debug-file - Current worker pool is stopped or closed.
[2026-05-29T16:15:49.311] [DEBUG] debug-file - App plugin creating...
[2026-05-29T16:15:49.400] [DEBUG] debug-file - End initialize project's product build option map with build mode 'debug'.
[2026-05-29T16:15:49.427] [DEBUG] debug-file - hvigor build process will be closed with an error.
[2026-05-29T16:15:49.436] [DEBUG] debug-file - Clear worker 0.
[2026-05-29T16:15:49.429] [ERROR] debug-file - [31m00303168 Configuration Error
Error Message: SDK component missing.

* Try the following:
  > Please verify the integrity of your SDK.
  > Please update the SDK at the download link below.
  > More info: https://developer.huawei.com/consumer/en/download
[39m

[31m* Try:
> Run with --stacktrace option to get the stack trace.

[2026-05-29T16:15:49.436] [DEBUG] debug-file - Worker 0 has been cleared.
[2026-05-29T16:15:49.429] [DEBUG] debug-file - ERROR: stacktrace = AdaptorError: [31m00303168 Configuration Error
Error Message: SDK component missing.

* Try the following:
  > Please verify the integrity of your SDK.
  > Please update the SDK at the download link below.
  > More info: https://developer.huawei.com/consumer/en/download
[39m
    at OhosLogger.printErrorExit (/Applications/DevEco-Studio.app/Contents/tools/hvigor/hvigor/src/base/log/hvigor-log.js:1:5087)
    at HmosSdkLoader.getHmosSdkComponents (/Applications/DevEco-Studio.app/Contents/tools/hvigor/hvigor-ohos-plugin/src/sdk/hmos-sdk-loader.js:1:1895)
    at HosSdkInfo.setup (/Applications/DevEco-Studio.app/Contents/tools/hvigor/hvigor-ohos-plugin/src/sdk/info/hos-sdk-info.js:1:1537)
    at ProjectTaskService.setup (/Applications/DevEco-Studio.app/Contents/tools/hvigor/hvigor-ohos-plugin/src/tasks/service/project-task-service.js:1:2525)
    at ProjectImpl.<anonymous> (/Applications/DevEco-Studio.app/Contents/tools/hvigor/hvigor-ohos-plugin/src/plugin/builder/app-plugin-builder.js:1:2361)
    at ProjectImpl.executeAfterBindSystemPluginsHook (/Applications/DevEco-Studio.app/Contents/tools/hvigor/hvigor/src/base/internal/lifecycle/hvigor-node-impl/default-node-impl.js:1:5577)
    at evaluateNodeVigorFile (/Applications/DevEco-Studio.app/Contents/tools/hvigor/hvigor/src/base/internal/lifecycle/configuration.js:1:9221)
    at process.processTicksAndRejections (node:internal/process/task_queues:95:5)
    at async evalProject (/Applications/DevEco-Studio.app/Contents/tools/hvigor/hvigor/src/base/internal/lifecycle/configuration.js:1:3544)
    at async configuration (/Applications/DevEco-Studio.app/Contents/tools/hvigor/hvigor/src/base/internal/lifecycle/configuration.js:1:2288)
[2026-05-29T16:15:49.436] [DEBUG] debug-file - Current idle worker size: 1.
[2026-05-29T16:15:49.429] [ERROR] debug-file - AdaptorError: [31m00303168 Configuration Error
Error Message: SDK component missing.

* Try the following:
  > Please verify the integrity of your SDK.
  > Please update the SDK at the download link below.
  > More info: https://developer.huawei.com/consumer/en/download
[39m
    at OhosLogger.printErrorExit (/Applications/DevEco-Studio.app/Contents/tools/hvigor/hvigor/src/base/log/hvigor-log.js:1:5087)
    at HmosSdkLoader.getHmosSdkComponents (/Applications/DevEco-Studio.app/Contents/tools/hvigor/hvigor-ohos-plugin/src/sdk/hmos-sdk-loader.js:1:1895)
    at HosSdkInfo.setup (/Applications/DevEco-Studio.app/Contents/tools/hvigor/hvigor-ohos-plugin/src/sdk/info/hos-sdk-info.js:1:1537)
    at ProjectTaskService.setup (/Applications/DevEco-Studio.app/Contents/tools/hvigor/hvigor-ohos-plugin/src/tasks/service/project-task-service.js:1:2525)
    at ProjectImpl.<anonymous> (/Applications/DevEco-Studio.app/Contents/tools/hvigor/hvigor-ohos-plugin/src/plugin/builder/app-plugin-builder.js:1:2361)
    at ProjectImpl.executeAfterBindSystemPluginsHook (/Applications/DevEco-Studio.app/Contents/tools/hvigor/hvigor/src/base/internal/lifecycle/hvigor-node-impl/default-node-impl.js:1:5577)
    at evaluateNodeVigorFile (/Applications/DevEco-Studio.app/Contents/tools/hvigor/hvigor/src/base/internal/lifecycle/configuration.js:1:9221)
    at process.processTicksAndRejections (node:internal/process/task_queues:95:5)
    at async evalProject (/Applications/DevEco-Studio.app/Contents/tools/hvigor/hvigor/src/base/internal/lifecycle/configuration.js:1:3544)
    at async configuration (/Applications/DevEco-Studio.app/Contents/tools/hvigor/hvigor/src/base/internal/lifecycle/configuration.js:1:2288)
[2026-05-29T16:15:49.436] [DEBUG] debug-file - Current busy worker size: 0.
[2026-05-29T16:15:49.429] [ERROR] debug-file - BUILD FAILED in 772 ms 
[2026-05-29T16:15:49.436] [DEBUG] debug-file - Clear worker 1.
[2026-05-29T16:15:49.433] [DEBUG] debug-file - Since there is no instance or instance is terminated, create a new worker pool.
[2026-05-29T16:15:49.436] [DEBUG] debug-file - Worker 1 has been cleared.
[2026-05-29T16:15:49.433] [DEBUG] debug-file - Worker pool is initialized with config:  {
  minPoolNum: 2,
  maxPoolNum: undefined,
  maxCoreSize: undefined,
  cacheCapacity: undefined,
  cacheTtl: undefined
}
[2026-05-29T16:15:49.436] [DEBUG] debug-file - Current idle worker size: 0.
[2026-05-29T16:15:49.436] [DEBUG] debug-file - Current busy worker size: 0.
[2026-05-29T16:15:49.443] [DEBUG] debug-file - hvigor build process will be closed.
[2026-05-29T16:15:49.444] [DEBUG] debug-file - worker[0] exits with exit code 0.
[2026-05-29T16:15:49.445] [DEBUG] debug-file - worker[1] exits with exit code 0.
[2026-05-29T16:15:49.445] [DEBUG] debug-file - Current worker pool is terminated.
[2026-05-29T16:16:25.760] [DEBUG] debug-file - env: nodejsVersion=v18.20.1
[2026-05-29T16:16:25.916] [DEBUG] debug-file - Hvigor init with startParameters:{
  hvigorfileTypeCheck: false,
  parallelExecution: true,
  incrementalExecution: true,
  printStackTrace: false,
  daemon: false,
  analyze: 0,
  logLevel: Level { level: 20000, levelStr: 'INFO', colour: 'green' },
  optimizationStrategy: 'memory',
  hotCompile: undefined,
  hotReloadBuild: undefined,
  customizedParam: undefined
}
[2026-05-29T16:16:26.460] [DEBUG] debug-file - hvigorfile, require result:  { default: { system: [Function: appTasks], plugins: [] } }
[2026-05-29T16:16:26.461] [DEBUG] debug-file - Starting plugin build process
[2026-05-29T16:16:26.570] [DEBUG] debug-file - Start initialize project's product build option map with build mode debug.
[2026-05-29T16:16:26.573] [DEBUG] debug-file - Obtain build option for product 'default'in this build.
[2026-05-29T16:16:25.762] [DEBUG] debug-file - env: hvigor-config.json5 content = { modelVersion: '6.1.0', dependencies: {} }
[2026-05-29T16:16:26.567] [DEBUG] debug-file - App plugin register hook start...
[2026-05-29T16:16:26.619] [DEBUG] debug-file - Create  resident worker with id: 0.
[2026-05-29T16:16:25.918] [DEBUG] debug-file - Cache service initialization finished in 2 ms 
[2026-05-29T16:16:26.461] [DEBUG] debug-file - App plugin prepare start...
[2026-05-29T16:16:26.460] [DEBUG] debug-file - hvigorfile, binding system plugins [Function: appTasks]
[2026-05-29T16:16:26.570] [DEBUG] debug-file - Picking option from product 'default' with build mode 'debug'.
[2026-05-29T16:16:26.574] [DEBUG] debug-file - No signingConfig found, initRemoteHspCache failed.
[2026-05-29T16:16:25.762] [DEBUG] debug-file - env: daemon=false
[2026-05-29T16:16:26.568] [DEBUG] debug-file - App plugin register hook end...
[2026-05-29T16:16:26.622] [DEBUG] debug-file - Create  resident worker with id: 1.
[2026-05-29T16:16:25.919] [DEBUG] debug-file - hvigorfile, resolving /Users/vita/Vitemis/Outposts/Kikaria-HarmonyOS/hvigorfile.ts
[2026-05-29T16:16:26.461] [DEBUG] debug-file - App plugin prepare end...
[2026-05-29T16:16:26.570] [DEBUG] debug-file - Product 'default' build option initialized
[2026-05-29T16:16:26.575] [DEBUG] debug-file - Local scan or download HarmonyOS sdk components toolchains,ets,js,native,previewer
[2026-05-29T16:16:25.762] [DEBUG] debug-file - no-daemon, use the default node options
[2026-05-29T16:16:26.568] [DEBUG] debug-file - Plugin build process completed
[2026-05-29T16:16:26.623] [DEBUG] debug-file - Current worker pool is stopped or closed.
[2026-05-29T16:16:26.461] [DEBUG] debug-file - App plugin creating...
[2026-05-29T16:16:26.570] [DEBUG] debug-file - End initialize project's product build option map with build mode 'debug'.
[2026-05-29T16:16:26.611] [DEBUG] debug-file - hvigor build process will be closed with an error.
[2026-05-29T16:16:26.623] [DEBUG] debug-file - Clear worker 0.
[2026-05-29T16:16:26.613] [ERROR] debug-file - [31m00303168 Configuration Error
Error Message: SDK component missing.

* Try the following:
  > Please verify the integrity of your SDK.
  > Please update the SDK at the download link below.
  > More info: https://developer.huawei.com/consumer/en/download
[39m

[31m* Try:
> Run with --stacktrace option to get the stack trace.
> Run with --debug option to get more log output.

[2026-05-29T16:16:26.623] [DEBUG] debug-file - Worker 0 has been cleared.
[2026-05-29T16:16:26.613] [DEBUG] debug-file - ERROR: stacktrace = AdaptorError: [31m00303168 Configuration Error
Error Message: SDK component missing.

* Try the following:
  > Please verify the integrity of your SDK.
  > Please update the SDK at the download link below.
  > More info: https://developer.huawei.com/consumer/en/download
[39m
    at OhosLogger.printErrorExit (/Applications/DevEco-Studio.app/Contents/tools/hvigor/hvigor/src/base/log/hvigor-log.js:1:5087)
    at HmosSdkLoader.getHmosSdkComponents (/Applications/DevEco-Studio.app/Contents/tools/hvigor/hvigor-ohos-plugin/src/sdk/hmos-sdk-loader.js:1:1895)
    at HosSdkInfo.setup (/Applications/DevEco-Studio.app/Contents/tools/hvigor/hvigor-ohos-plugin/src/sdk/info/hos-sdk-info.js:1:1537)
    at ProjectTaskService.setup (/Applications/DevEco-Studio.app/Contents/tools/hvigor/hvigor-ohos-plugin/src/tasks/service/project-task-service.js:1:2525)
    at ProjectImpl.<anonymous> (/Applications/DevEco-Studio.app/Contents/tools/hvigor/hvigor-ohos-plugin/src/plugin/builder/app-plugin-builder.js:1:2361)
    at ProjectImpl.executeAfterBindSystemPluginsHook (/Applications/DevEco-Studio.app/Contents/tools/hvigor/hvigor/src/base/internal/lifecycle/hvigor-node-impl/default-node-impl.js:1:5577)
    at evaluateNodeVigorFile (/Applications/DevEco-Studio.app/Contents/tools/hvigor/hvigor/src/base/internal/lifecycle/configuration.js:1:9221)
    at process.processTicksAndRejections (node:internal/process/task_queues:95:5)
    at async evalProject (/Applications/DevEco-Studio.app/Contents/tools/hvigor/hvigor/src/base/internal/lifecycle/configuration.js:1:3544)
    at async configuration (/Applications/DevEco-Studio.app/Contents/tools/hvigor/hvigor/src/base/internal/lifecycle/configuration.js:1:2288)
[2026-05-29T16:16:26.623] [DEBUG] debug-file - Current idle worker size: 1.
[2026-05-29T16:16:26.613] [ERROR] debug-file - AdaptorError: [31m00303168 Configuration Error
Error Message: SDK component missing.

* Try the following:
  > Please verify the integrity of your SDK.
  > Please update the SDK at the download link below.
  > More info: https://developer.huawei.com/consumer/en/download
[39m
    at OhosLogger.printErrorExit (/Applications/DevEco-Studio.app/Contents/tools/hvigor/hvigor/src/base/log/hvigor-log.js:1:5087)
    at HmosSdkLoader.getHmosSdkComponents (/Applications/DevEco-Studio.app/Contents/tools/hvigor/hvigor-ohos-plugin/src/sdk/hmos-sdk-loader.js:1:1895)
    at HosSdkInfo.setup (/Applications/DevEco-Studio.app/Contents/tools/hvigor/hvigor-ohos-plugin/src/sdk/info/hos-sdk-info.js:1:1537)
    at ProjectTaskService.setup (/Applications/DevEco-Studio.app/Contents/tools/hvigor/hvigor-ohos-plugin/src/tasks/service/project-task-service.js:1:2525)
    at ProjectImpl.<anonymous> (/Applications/DevEco-Studio.app/Contents/tools/hvigor/hvigor-ohos-plugin/src/plugin/builder/app-plugin-builder.js:1:2361)
    at ProjectImpl.executeAfterBindSystemPluginsHook (/Applications/DevEco-Studio.app/Contents/tools/hvigor/hvigor/src/base/internal/lifecycle/hvigor-node-impl/default-node-impl.js:1:5577)
    at evaluateNodeVigorFile (/Applications/DevEco-Studio.app/Contents/tools/hvigor/hvigor/src/base/internal/lifecycle/configuration.js:1:9221)
    at process.processTicksAndRejections (node:internal/process/task_queues:95:5)
    at async evalProject (/Applications/DevEco-Studio.app/Contents/tools/hvigor/hvigor/src/base/internal/lifecycle/configuration.js:1:3544)
    at async configuration (/Applications/DevEco-Studio.app/Contents/tools/hvigor/hvigor/src/base/internal/lifecycle/configuration.js:1:2288)
[2026-05-29T16:16:26.623] [DEBUG] debug-file - Current busy worker size: 0.
[2026-05-29T16:16:26.614] [ERROR] debug-file - BUILD FAILED in 700 ms 
[2026-05-29T16:16:26.624] [DEBUG] debug-file - Clear worker 1.
[2026-05-29T16:16:26.619] [DEBUG] debug-file - Since there is no instance or instance is terminated, create a new worker pool.
[2026-05-29T16:16:26.624] [DEBUG] debug-file - Worker 1 has been cleared.
[2026-05-29T16:16:26.619] [DEBUG] debug-file - Worker pool is initialized with config:  {
  minPoolNum: 2,
  maxPoolNum: undefined,
  maxCoreSize: undefined,
  cacheCapacity: undefined,
  cacheTtl: undefined
}
[2026-05-29T16:16:26.624] [DEBUG] debug-file - Current idle worker size: 0.
[2026-05-29T16:16:26.624] [DEBUG] debug-file - Current busy worker size: 0.
[2026-05-29T16:16:26.628] [DEBUG] debug-file - hvigor build process will be closed.
[2026-05-29T16:16:26.629] [DEBUG] debug-file - worker[0] exits with exit code 0.
[2026-05-29T16:16:26.630] [DEBUG] debug-file - worker[1] exits with exit code 0.
[2026-05-29T16:16:26.630] [DEBUG] debug-file - Current worker pool is terminated.
[2026-05-29T16:16:55.610] [DEBUG] debug-file - env: nodejsVersion=v18.20.1
[2026-05-29T16:16:55.744] [DEBUG] debug-file - Hvigor init with startParameters:{
  hvigorfileTypeCheck: false,
  parallelExecution: true,
  incrementalExecution: true,
  printStackTrace: true,
  daemon: false,
  analyze: 0,
  logLevel: Level { level: 20000, levelStr: 'INFO', colour: 'green' },
  optimizationStrategy: 'memory',
  hotCompile: undefined,
  hotReloadBuild: undefined,
  customizedParam: undefined
}
[2026-05-29T16:16:56.324] [DEBUG] debug-file - hvigorfile, require result:  { default: { system: [Function: appTasks], plugins: [] } }
[2026-05-29T16:16:56.408] [DEBUG] debug-file - Start initialize project's product build option map with build mode debug.
[2026-05-29T16:16:56.407] [DEBUG] debug-file - App plugin register hook start...
[2026-05-29T16:16:56.324] [DEBUG] debug-file - Starting plugin build process
[2026-05-29T16:16:56.409] [DEBUG] debug-file - Obtain build option for product 'default'in this build.
[2026-05-29T16:16:55.611] [DEBUG] debug-file - env: hvigor-config.json5 content = { modelVersion: '6.1.0', dependencies: {} }
[2026-05-29T16:16:56.442] [DEBUG] debug-file - Create  resident worker with id: 0.
[2026-05-29T16:16:55.746] [DEBUG] debug-file - Cache service initialization finished in 2 ms 
[2026-05-29T16:16:56.324] [DEBUG] debug-file - hvigorfile, binding system plugins [Function: appTasks]
[2026-05-29T16:16:56.408] [DEBUG] debug-file - Picking option from product 'default' with build mode 'debug'.
[2026-05-29T16:16:56.407] [DEBUG] debug-file - App plugin register hook end...
[2026-05-29T16:16:56.324] [DEBUG] debug-file - App plugin prepare start...
[2026-05-29T16:16:56.410] [DEBUG] debug-file - No signingConfig found, initRemoteHspCache failed.
[2026-05-29T16:16:55.611] [DEBUG] debug-file - env: daemon=false
[2026-05-29T16:16:56.443] [DEBUG] debug-file - Create  resident worker with id: 1.
[2026-05-29T16:16:55.747] [DEBUG] debug-file - hvigorfile, resolving /Users/vita/Vitemis/Outposts/Kikaria-HarmonyOS/hvigorfile.ts
[2026-05-29T16:16:56.408] [DEBUG] debug-file - Product 'default' build option initialized
[2026-05-29T16:16:56.407] [DEBUG] debug-file - Plugin build process completed
[2026-05-29T16:16:56.324] [DEBUG] debug-file - App plugin prepare end...
[2026-05-29T16:16:56.411] [DEBUG] debug-file - Local scan or download HarmonyOS sdk components toolchains,ets,js,native,previewer
[2026-05-29T16:16:55.611] [DEBUG] debug-file - no-daemon, use the default node options
[2026-05-29T16:16:56.443] [DEBUG] debug-file - Current worker pool is stopped or closed.
[2026-05-29T16:16:56.408] [DEBUG] debug-file - End initialize project's product build option map with build mode 'debug'.
[2026-05-29T16:16:56.325] [DEBUG] debug-file - App plugin creating...
[2026-05-29T16:16:56.433] [DEBUG] debug-file - hvigor build process will be closed with an error.
[2026-05-29T16:16:56.444] [DEBUG] debug-file - Clear worker 0.
[2026-05-29T16:16:56.435] [ERROR] debug-file - [31m00303168 Configuration Error
Error Message: SDK component missing.

* Try the following:
  > Please verify the integrity of your SDK.
  > Please update the SDK at the download link below.
  > More info: https://developer.huawei.com/consumer/en/download
[39m

[31m* Try:
> Run with --debug option to get more log output.

[2026-05-29T16:16:56.444] [DEBUG] debug-file - Worker 0 has been cleared.
[2026-05-29T16:16:56.435] [ERROR] debug-file - AdaptorError: [31m00303168 Configuration Error
Error Message: SDK component missing.

* Try the following:
  > Please verify the integrity of your SDK.
  > Please update the SDK at the download link below.
  > More info: https://developer.huawei.com/consumer/en/download
[39m
    at OhosLogger.printErrorExit (/Applications/DevEco-Studio.app/Contents/tools/hvigor/hvigor/src/base/log/hvigor-log.js:1:5087)
    at HmosSdkLoader.getHmosSdkComponents (/Applications/DevEco-Studio.app/Contents/tools/hvigor/hvigor-ohos-plugin/src/sdk/hmos-sdk-loader.js:1:1895)
    at HosSdkInfo.setup (/Applications/DevEco-Studio.app/Contents/tools/hvigor/hvigor-ohos-plugin/src/sdk/info/hos-sdk-info.js:1:1537)
    at ProjectTaskService.setup (/Applications/DevEco-Studio.app/Contents/tools/hvigor/hvigor-ohos-plugin/src/tasks/service/project-task-service.js:1:2525)
    at ProjectImpl.<anonymous> (/Applications/DevEco-Studio.app/Contents/tools/hvigor/hvigor-ohos-plugin/src/plugin/builder/app-plugin-builder.js:1:2361)
    at ProjectImpl.executeAfterBindSystemPluginsHook (/Applications/DevEco-Studio.app/Contents/tools/hvigor/hvigor/src/base/internal/lifecycle/hvigor-node-impl/default-node-impl.js:1:5577)
    at evaluateNodeVigorFile (/Applications/DevEco-Studio.app/Contents/tools/hvigor/hvigor/src/base/internal/lifecycle/configuration.js:1:9221)
    at process.processTicksAndRejections (node:internal/process/task_queues:95:5)
    at async evalProject (/Applications/DevEco-Studio.app/Contents/tools/hvigor/hvigor/src/base/internal/lifecycle/configuration.js:1:3544)
    at async configuration (/Applications/DevEco-Studio.app/Contents/tools/hvigor/hvigor/src/base/internal/lifecycle/configuration.js:1:2288)
[2026-05-29T16:16:56.444] [DEBUG] debug-file - Current idle worker size: 1.
[2026-05-29T16:16:56.436] [ERROR] debug-file - BUILD FAILED in 695 ms 
[2026-05-29T16:16:56.444] [DEBUG] debug-file - Current busy worker size: 0.
[2026-05-29T16:16:56.441] [DEBUG] debug-file - Since there is no instance or instance is terminated, create a new worker pool.
[2026-05-29T16:16:56.444] [DEBUG] debug-file - Clear worker 1.
[2026-05-29T16:16:56.441] [DEBUG] debug-file - Worker pool is initialized with config:  {
  minPoolNum: 2,
  maxPoolNum: undefined,
  maxCoreSize: undefined,
  cacheCapacity: undefined,
  cacheTtl: undefined
}
[2026-05-29T16:16:56.444] [DEBUG] debug-file - Worker 1 has been cleared.
[2026-05-29T16:16:56.444] [DEBUG] debug-file - Current idle worker size: 0.
[2026-05-29T16:16:56.444] [DEBUG] debug-file - Current busy worker size: 0.
[2026-05-29T16:16:56.447] [DEBUG] debug-file - hvigor build process will be closed.
[2026-05-29T16:16:56.449] [DEBUG] debug-file - worker[0] exits with exit code 0.
[2026-05-29T16:16:56.449] [DEBUG] debug-file - worker[1] exits with exit code 0.
[2026-05-29T16:16:56.449] [DEBUG] debug-file - Current worker pool is terminated.
[2026-05-29T16:24:41.621] [DEBUG] debug-file - env: nodejsVersion=v18.20.1
[2026-05-29T16:24:41.766] [DEBUG] debug-file - Hvigor init with startParameters:{
  hvigorfileTypeCheck: false,
  parallelExecution: true,
  incrementalExecution: true,
  printStackTrace: false,
  daemon: false,
  analyze: 0,
  logLevel: Level { level: 10000, levelStr: 'DEBUG', colour: 'cyan' },
  optimizationStrategy: 'memory',
  hotCompile: undefined,
  hotReloadBuild: undefined,
  customizedParam: undefined
}
[2026-05-29T16:24:42.333] [DEBUG] debug-file - Starting plugin build process
[2026-05-29T16:24:42.427] [DEBUG] debug-file - App plugin register hook start...
[2026-05-29T16:24:42.427] [DEBUG] debug-file - Start initialize project's product build option map with build mode debug.
[2026-05-29T16:24:42.332] [DEBUG] debug-file - hvigorfile, require result:  { default: { system: [Function: appTasks], plugins: [] } }
[2026-05-29T16:24:41.622] [DEBUG] debug-file - env: hvigor-config.json5 content = { modelVersion: '6.1.0', dependencies: {} }
[2026-05-29T16:24:42.429] [DEBUG] debug-file - Obtain build option for product 'default'in this build.
[2026-05-29T16:24:42.476] [DEBUG] debug-file - Create  resident worker with id: 0.
[2026-05-29T16:24:41.767] [DEBUG] debug-file - Cache service initialization finished in 2 ms 
[2026-05-29T16:24:42.333] [DEBUG] debug-file - App plugin prepare start...
[2026-05-29T16:24:42.427] [DEBUG] debug-file - App plugin register hook end...
[2026-05-29T16:24:42.428] [DEBUG] debug-file - Picking option from product 'default' with build mode 'debug'.
[2026-05-29T16:24:42.332] [DEBUG] debug-file - hvigorfile, binding system plugins [Function: appTasks]
[2026-05-29T16:24:41.623] [DEBUG] debug-file - env: daemon=false
[2026-05-29T16:24:42.430] [DEBUG] debug-file - No signingConfig found, initRemoteHspCache failed.
[2026-05-29T16:24:42.476] [DEBUG] debug-file - Create  resident worker with id: 1.
[2026-05-29T16:24:41.768] [DEBUG] debug-file - hvigorfile, resolving /Users/vita/Vitemis/Outposts/Kikaria-HarmonyOS/hvigorfile.ts
[2026-05-29T16:24:42.333] [DEBUG] debug-file - App plugin prepare end...
[2026-05-29T16:24:42.427] [DEBUG] debug-file - Plugin build process completed
[2026-05-29T16:24:42.428] [DEBUG] debug-file - Product 'default' build option initialized
[2026-05-29T16:24:41.623] [DEBUG] debug-file - no-daemon, use the default node options
[2026-05-29T16:24:42.430] [DEBUG] debug-file - Local scan or download HarmonyOS sdk components toolchains,ets,js,native,previewer
[2026-05-29T16:24:42.477] [DEBUG] debug-file - Current worker pool is stopped or closed.
[2026-05-29T16:24:42.333] [DEBUG] debug-file - App plugin creating...
[2026-05-29T16:24:42.428] [DEBUG] debug-file - End initialize project's product build option map with build mode 'debug'.
[2026-05-29T16:24:42.467] [DEBUG] debug-file - hvigor build process will be closed with an error.
[2026-05-29T16:24:42.478] [DEBUG] debug-file - Clear worker 0.
[2026-05-29T16:24:42.469] [ERROR] debug-file - [31m00303168 Configuration Error
Error Message: SDK component missing.

* Try the following:
  > Please verify the integrity of your SDK.
  > Please update the SDK at the download link below.
  > More info: https://developer.huawei.com/consumer/en/download
[39m

[31m* Try:
> Run with --stacktrace option to get the stack trace.

[2026-05-29T16:24:42.478] [DEBUG] debug-file - Worker 0 has been cleared.
[2026-05-29T16:24:42.469] [DEBUG] debug-file - ERROR: stacktrace = AdaptorError: [31m00303168 Configuration Error
Error Message: SDK component missing.

* Try the following:
  > Please verify the integrity of your SDK.
  > Please update the SDK at the download link below.
  > More info: https://developer.huawei.com/consumer/en/download
[39m
    at OhosLogger.printErrorExit (/Applications/DevEco-Studio.app/Contents/tools/hvigor/hvigor/src/base/log/hvigor-log.js:1:5087)
    at HmosSdkLoader.getHmosSdkComponents (/Applications/DevEco-Studio.app/Contents/tools/hvigor/hvigor-ohos-plugin/src/sdk/hmos-sdk-loader.js:1:1895)
    at HosSdkInfo.setup (/Applications/DevEco-Studio.app/Contents/tools/hvigor/hvigor-ohos-plugin/src/sdk/info/hos-sdk-info.js:1:1537)
    at ProjectTaskService.setup (/Applications/DevEco-Studio.app/Contents/tools/hvigor/hvigor-ohos-plugin/src/tasks/service/project-task-service.js:1:2525)
    at ProjectImpl.<anonymous> (/Applications/DevEco-Studio.app/Contents/tools/hvigor/hvigor-ohos-plugin/src/plugin/builder/app-plugin-builder.js:1:2361)
    at ProjectImpl.executeAfterBindSystemPluginsHook (/Applications/DevEco-Studio.app/Contents/tools/hvigor/hvigor/src/base/internal/lifecycle/hvigor-node-impl/default-node-impl.js:1:5577)
    at evaluateNodeVigorFile (/Applications/DevEco-Studio.app/Contents/tools/hvigor/hvigor/src/base/internal/lifecycle/configuration.js:1:9221)
    at process.processTicksAndRejections (node:internal/process/task_queues:95:5)
    at async evalProject (/Applications/DevEco-Studio.app/Contents/tools/hvigor/hvigor/src/base/internal/lifecycle/configuration.js:1:3544)
    at async configuration (/Applications/DevEco-Studio.app/Contents/tools/hvigor/hvigor/src/base/internal/lifecycle/configuration.js:1:2288)
[2026-05-29T16:24:42.478] [DEBUG] debug-file - Current idle worker size: 1.
[2026-05-29T16:24:42.469] [ERROR] debug-file - AdaptorError: [31m00303168 Configuration Error
Error Message: SDK component missing.

* Try the following:
  > Please verify the integrity of your SDK.
  > Please update the SDK at the download link below.
  > More info: https://developer.huawei.com/consumer/en/download
[39m
    at OhosLogger.printErrorExit (/Applications/DevEco-Studio.app/Contents/tools/hvigor/hvigor/src/base/log/hvigor-log.js:1:5087)
    at HmosSdkLoader.getHmosSdkComponents (/Applications/DevEco-Studio.app/Contents/tools/hvigor/hvigor-ohos-plugin/src/sdk/hmos-sdk-loader.js:1:1895)
    at HosSdkInfo.setup (/Applications/DevEco-Studio.app/Contents/tools/hvigor/hvigor-ohos-plugin/src/sdk/info/hos-sdk-info.js:1:1537)
    at ProjectTaskService.setup (/Applications/DevEco-Studio.app/Contents/tools/hvigor/hvigor-ohos-plugin/src/tasks/service/project-task-service.js:1:2525)
    at ProjectImpl.<anonymous> (/Applications/DevEco-Studio.app/Contents/tools/hvigor/hvigor-ohos-plugin/src/plugin/builder/app-plugin-builder.js:1:2361)
    at ProjectImpl.executeAfterBindSystemPluginsHook (/Applications/DevEco-Studio.app/Contents/tools/hvigor/hvigor/src/base/internal/lifecycle/hvigor-node-impl/default-node-impl.js:1:5577)
    at evaluateNodeVigorFile (/Applications/DevEco-Studio.app/Contents/tools/hvigor/hvigor/src/base/internal/lifecycle/configuration.js:1:9221)
    at process.processTicksAndRejections (node:internal/process/task_queues:95:5)
    at async evalProject (/Applications/DevEco-Studio.app/Contents/tools/hvigor/hvigor/src/base/internal/lifecycle/configuration.js:1:3544)
    at async configuration (/Applications/DevEco-Studio.app/Contents/tools/hvigor/hvigor/src/base/internal/lifecycle/configuration.js:1:2288)
[2026-05-29T16:24:42.478] [DEBUG] debug-file - Current busy worker size: 0.
[2026-05-29T16:24:42.470] [ERROR] debug-file - BUILD FAILED in 706 ms 
[2026-05-29T16:24:42.478] [DEBUG] debug-file - Clear worker 1.
[2026-05-29T16:24:42.475] [DEBUG] debug-file - Since there is no instance or instance is terminated, create a new worker pool.
[2026-05-29T16:24:42.478] [DEBUG] debug-file - Worker 1 has been cleared.
[2026-05-29T16:24:42.475] [DEBUG] debug-file - Worker pool is initialized with config:  {
  minPoolNum: 2,
  maxPoolNum: undefined,
  maxCoreSize: undefined,
  cacheCapacity: undefined,
  cacheTtl: undefined
}
[2026-05-29T16:24:42.478] [DEBUG] debug-file - Current idle worker size: 0.
[2026-05-29T16:24:42.478] [DEBUG] debug-file - Current busy worker size: 0.
[2026-05-29T16:24:42.482] [DEBUG] debug-file - hvigor build process will be closed.
[2026-05-29T16:24:42.483] [DEBUG] debug-file - worker[1] exits with exit code 0.
[2026-05-29T16:24:42.483] [DEBUG] debug-file - worker[0] exits with exit code 0.
[2026-05-29T16:24:42.484] [DEBUG] debug-file - Current worker pool is terminated.
[2026-05-29T16:29:41.787] [DEBUG] debug-file - env: nodejsVersion=v18.20.1
[2026-05-29T16:29:41.919] [DEBUG] debug-file - Hvigor init with startParameters:{
  hvigorfileTypeCheck: false,
  parallelExecution: true,
  incrementalExecution: true,
  printStackTrace: false,
  daemon: false,
  analyze: 0,
  logLevel: Level { level: 20000, levelStr: 'INFO', colour: 'green' },
  optimizationStrategy: 'memory',
  hotCompile: undefined,
  hotReloadBuild: undefined,
  customizedParam: undefined
}
[2026-05-29T16:29:42.349] [DEBUG] debug-file - hvigorfile, require result:  { default: { system: [Function: appTasks], plugins: [] } }
[2026-05-29T16:29:42.349] [DEBUG] debug-file - Starting plugin build process
[2026-05-29T16:29:42.422] [DEBUG] debug-file - Start initialize project's product build option map with build mode debug.
[2026-05-29T16:29:41.788] [DEBUG] debug-file - env: hvigor-config.json5 content = { modelVersion: '6.1.0', dependencies: {} }
[2026-05-29T16:29:42.421] [DEBUG] debug-file - App plugin register hook start...
[2026-05-29T16:29:42.423] [DEBUG] debug-file - Obtain build option for product 'default'in this build.
[2026-05-29T16:29:42.442] [DEBUG] debug-file - Create  resident worker with id: 0.
[2026-05-29T16:29:41.921] [DEBUG] debug-file - Cache service initialization finished in 2 ms 
[2026-05-29T16:29:42.349] [DEBUG] debug-file - hvigorfile, binding system plugins [Function: appTasks]
[2026-05-29T16:29:42.349] [DEBUG] debug-file - App plugin prepare start...
[2026-05-29T16:29:42.422] [DEBUG] debug-file - Picking option from product 'default' with build mode 'debug'.
[2026-05-29T16:29:41.789] [DEBUG] debug-file - env: daemon=false
[2026-05-29T16:29:42.422] [DEBUG] debug-file - App plugin register hook end...
[2026-05-29T16:29:42.424] [DEBUG] debug-file - No signingConfig found, initRemoteHspCache failed.
[2026-05-29T16:29:42.443] [DEBUG] debug-file - Create  resident worker with id: 1.
[2026-05-29T16:29:41.921] [DEBUG] debug-file - hvigorfile, resolving /Users/vita/Vitemis/Outposts/Kikaria-HarmonyOS/hvigorfile.ts
[2026-05-29T16:29:42.349] [DEBUG] debug-file - App plugin prepare end...
[2026-05-29T16:29:42.423] [DEBUG] debug-file - Product 'default' build option initialized
[2026-05-29T16:29:41.789] [DEBUG] debug-file - no-daemon, use the default node options
[2026-05-29T16:29:42.422] [DEBUG] debug-file - Plugin build process completed
[2026-05-29T16:29:42.425] [DEBUG] debug-file - Local scan or download HarmonyOS sdk components toolchains,ets,js,native,previewer
[2026-05-29T16:29:42.443] [DEBUG] debug-file - Current worker pool is stopped or closed.
[2026-05-29T16:29:42.349] [DEBUG] debug-file - App plugin creating...
[2026-05-29T16:29:42.423] [DEBUG] debug-file - End initialize project's product build option map with build mode 'debug'.
[2026-05-29T16:29:42.434] [DEBUG] debug-file - hvigor build process will be closed with an error.
[2026-05-29T16:29:42.443] [DEBUG] debug-file - Clear worker 0.
[2026-05-29T16:29:42.436] [ERROR] debug-file - [31m00303168 Configuration Error
Error Message: SDK component missing.

* Try the following:
  > Please verify the integrity of your SDK.
  > Please update the SDK at the download link below.
  > More info: https://developer.huawei.com/consumer/en/download
[39m

[31m* Try:
> Run with --stacktrace option to get the stack trace.
> Run with --debug option to get more log output.

[2026-05-29T16:29:42.443] [DEBUG] debug-file - Worker 0 has been cleared.
[2026-05-29T16:29:42.436] [DEBUG] debug-file - ERROR: stacktrace = AdaptorError: [31m00303168 Configuration Error
Error Message: SDK component missing.

* Try the following:
  > Please verify the integrity of your SDK.
  > Please update the SDK at the download link below.
  > More info: https://developer.huawei.com/consumer/en/download
[39m
    at OhosLogger.printErrorExit (/Applications/DevEco-Studio.app/Contents/tools/hvigor/hvigor/src/base/log/hvigor-log.js:1:5087)
    at HmosSdkLoader.getHmosSdkComponents (/Applications/DevEco-Studio.app/Contents/tools/hvigor/hvigor-ohos-plugin/src/sdk/hmos-sdk-loader.js:1:1895)
    at HosSdkInfo.setup (/Applications/DevEco-Studio.app/Contents/tools/hvigor/hvigor-ohos-plugin/src/sdk/info/hos-sdk-info.js:1:1537)
    at ProjectTaskService.setup (/Applications/DevEco-Studio.app/Contents/tools/hvigor/hvigor-ohos-plugin/src/tasks/service/project-task-service.js:1:2525)
    at ProjectImpl.<anonymous> (/Applications/DevEco-Studio.app/Contents/tools/hvigor/hvigor-ohos-plugin/src/plugin/builder/app-plugin-builder.js:1:2361)
    at ProjectImpl.executeAfterBindSystemPluginsHook (/Applications/DevEco-Studio.app/Contents/tools/hvigor/hvigor/src/base/internal/lifecycle/hvigor-node-impl/default-node-impl.js:1:5577)
    at evaluateNodeVigorFile (/Applications/DevEco-Studio.app/Contents/tools/hvigor/hvigor/src/base/internal/lifecycle/configuration.js:1:9221)
    at process.processTicksAndRejections (node:internal/process/task_queues:95:5)
    at async evalProject (/Applications/DevEco-Studio.app/Contents/tools/hvigor/hvigor/src/base/internal/lifecycle/configuration.js:1:3544)
    at async configuration (/Applications/DevEco-Studio.app/Contents/tools/hvigor/hvigor/src/base/internal/lifecycle/configuration.js:1:2288)
[2026-05-29T16:29:42.443] [DEBUG] debug-file - Current idle worker size: 1.
[2026-05-29T16:29:42.436] [ERROR] debug-file - AdaptorError: [31m00303168 Configuration Error
Error Message: SDK component missing.

* Try the following:
  > Please verify the integrity of your SDK.
  > Please update the SDK at the download link below.
  > More info: https://developer.huawei.com/consumer/en/download
[39m
    at OhosLogger.printErrorExit (/Applications/DevEco-Studio.app/Contents/tools/hvigor/hvigor/src/base/log/hvigor-log.js:1:5087)
    at HmosSdkLoader.getHmosSdkComponents (/Applications/DevEco-Studio.app/Contents/tools/hvigor/hvigor-ohos-plugin/src/sdk/hmos-sdk-loader.js:1:1895)
    at HosSdkInfo.setup (/Applications/DevEco-Studio.app/Contents/tools/hvigor/hvigor-ohos-plugin/src/sdk/info/hos-sdk-info.js:1:1537)
    at ProjectTaskService.setup (/Applications/DevEco-Studio.app/Contents/tools/hvigor/hvigor-ohos-plugin/src/tasks/service/project-task-service.js:1:2525)
    at ProjectImpl.<anonymous> (/Applications/DevEco-Studio.app/Contents/tools/hvigor/hvigor-ohos-plugin/src/plugin/builder/app-plugin-builder.js:1:2361)
    at ProjectImpl.executeAfterBindSystemPluginsHook (/Applications/DevEco-Studio.app/Contents/tools/hvigor/hvigor/src/base/internal/lifecycle/hvigor-node-impl/default-node-impl.js:1:5577)
    at evaluateNodeVigorFile (/Applications/DevEco-Studio.app/Contents/tools/hvigor/hvigor/src/base/internal/lifecycle/configuration.js:1:9221)
    at process.processTicksAndRejections (node:internal/process/task_queues:95:5)
    at async evalProject (/Applications/DevEco-Studio.app/Contents/tools/hvigor/hvigor/src/base/internal/lifecycle/configuration.js:1:3544)
    at async configuration (/Applications/DevEco-Studio.app/Contents/tools/hvigor/hvigor/src/base/internal/lifecycle/configuration.js:1:2288)
[2026-05-29T16:29:42.443] [DEBUG] debug-file - Current busy worker size: 0.
[2026-05-29T16:29:42.436] [ERROR] debug-file - BUILD FAILED in 520 ms 
[2026-05-29T16:29:42.443] [DEBUG] debug-file - Clear worker 1.
[2026-05-29T16:29:42.442] [DEBUG] debug-file - Since there is no instance or instance is terminated, create a new worker pool.
[2026-05-29T16:29:42.443] [DEBUG] debug-file - Worker 1 has been cleared.
[2026-05-29T16:29:42.442] [DEBUG] debug-file - Worker pool is initialized with config:  {
  minPoolNum: 2,
  maxPoolNum: undefined,
  maxCoreSize: undefined,
  cacheCapacity: undefined,
  cacheTtl: undefined
}
[2026-05-29T16:29:42.443] [DEBUG] debug-file - Current idle worker size: 0.
[2026-05-29T16:29:42.444] [DEBUG] debug-file - Current busy worker size: 0.
[2026-05-29T16:29:42.447] [DEBUG] debug-file - hvigor build process will be closed.
[2026-05-29T16:29:42.448] [DEBUG] debug-file - worker[0] exits with exit code 0.
[2026-05-29T16:29:42.449] [DEBUG] debug-file - worker[1] exits with exit code 0.
[2026-05-29T16:29:42.449] [DEBUG] debug-file - Current worker pool is terminated.
[2026-05-29T19:44:52.266] [DEBUG] debug-file - env: nodejsVersion=v18.20.1
[2026-05-29T19:44:52.392] [DEBUG] debug-file - Hvigor init with startParameters:{
  hvigorfileTypeCheck: false,
  parallelExecution: true,
  incrementalExecution: true,
  printStackTrace: false,
  daemon: false,
  analyze: 0,
  logLevel: Level { level: 20000, levelStr: 'INFO', colour: 'green' },
  optimizationStrategy: 'memory',
  hotCompile: undefined,
  hotReloadBuild: undefined,
  customizedParam: undefined
}
[2026-05-29T19:44:52.938] [DEBUG] debug-file - hvigorfile, require result:  { default: { system: [Function: appTasks], plugins: [] } }
[2026-05-29T19:44:53.010] [DEBUG] debug-file - App plugin register hook start...
[2026-05-29T19:44:53.011] [DEBUG] debug-file - Start initialize project's product build option map with build mode debug.
[2026-05-29T19:44:52.939] [DEBUG] debug-file - Starting plugin build process
[2026-05-29T19:44:52.267] [DEBUG] debug-file - env: hvigor-config.json5 content = { modelVersion: '6.1.0', dependencies: {} }
[2026-05-29T19:44:53.014] [DEBUG] debug-file - hvigor build process will be closed with an error.
[2026-05-29T19:44:52.394] [DEBUG] debug-file - Cache service initialization finished in 2 ms 
[2026-05-29T19:44:53.029] [DEBUG] debug-file - Create  resident worker with id: 0.
[2026-05-29T19:44:52.938] [DEBUG] debug-file - hvigorfile, binding system plugins [Function: appTasks]
[2026-05-29T19:44:53.011] [DEBUG] debug-file - App plugin register hook end...
[2026-05-29T19:44:53.011] [DEBUG] debug-file - Picking option from product 'default' with build mode 'debug'.
[2026-05-29T19:44:52.939] [DEBUG] debug-file - App plugin prepare start...
[2026-05-29T19:44:52.267] [DEBUG] debug-file - env: daemon=false
[2026-05-29T19:44:53.023] [ERROR] debug-file - [31m00303217 Configuration Error
Error Message: Invalid value of 'DEVECO_SDK_HOME' in the system environment path.

* Try the following:
  > Correct the value, run hvigorw --stop-daemon to stop the daemon process, and then try again.
[39m

[31m* Try:
> Run with --stacktrace option to get the stack trace.
> Run with --debug option to get more log output.

[2026-05-29T19:44:52.394] [DEBUG] debug-file - hvigorfile, resolving /Users/vita/Vitemis/Outposts/Kikaria-HarmonyOS/hvigorfile.ts
[2026-05-29T19:44:53.030] [DEBUG] debug-file - Create  resident worker with id: 1.
[2026-05-29T19:44:53.011] [DEBUG] debug-file - Plugin build process completed
[2026-05-29T19:44:53.011] [DEBUG] debug-file - Product 'default' build option initialized
[2026-05-29T19:44:52.939] [DEBUG] debug-file - App plugin prepare end...
[2026-05-29T19:44:52.267] [DEBUG] debug-file - no-daemon, use the parent process.execArgv --max-old-space-size=8192,--max-semi-space-size=16,--expose-gc
[2026-05-29T19:44:53.023] [DEBUG] debug-file - ERROR: stacktrace = AdaptorError: [31m00303217 Configuration Error
Error Message: Invalid value of 'DEVECO_SDK_HOME' in the system environment path.

* Try the following:
  > Correct the value, run hvigorw --stop-daemon to stop the daemon process, and then try again.
[39m
    at OhosLogger.printErrorExit (/Applications/DevEco-Studio.app/Contents/tools/hvigor/hvigor/src/base/log/hvigor-log.js:1:5087)
    at Property.validatePath (/Applications/DevEco-Studio.app/Contents/tools/hvigor/hvigor-ohos-plugin/src/sdk/lib/property-get.js:1:2027)
    at Property.getHosSdkDir (/Applications/DevEco-Studio.app/Contents/tools/hvigor/hvigor-ohos-plugin/src/sdk/lib/property-get.js:1:1395)
    at SdkLoader.getSdkInfo (/Applications/DevEco-Studio.app/Contents/tools/hvigor/hvigor-ohos-plugin/src/sdk/sdk-loader.js:1:668)
    at new ProjectTaskService (/Applications/DevEco-Studio.app/Contents/tools/hvigor/hvigor-ohos-plugin/src/tasks/service/project-task-service.js:1:2057)
    at AppPlugin.initTaskService (/Applications/DevEco-Studio.app/Contents/tools/hvigor/hvigor-ohos-plugin/src/plugin/app-plugin.js:1:715)
    at ProjectImpl.<anonymous> (/Applications/DevEco-Studio.app/Contents/tools/hvigor/hvigor-ohos-plugin/src/plugin/builder/app-plugin-builder.js:1:2286)
    at ProjectImpl.executeAfterBindSystemPluginsHook (/Applications/DevEco-Studio.app/Contents/tools/hvigor/hvigor/src/base/internal/lifecycle/hvigor-node-impl/default-node-impl.js:1:5577)
    at evaluateNodeVigorFile (/Applications/DevEco-Studio.app/Contents/tools/hvigor/hvigor/src/base/internal/lifecycle/configuration.js:1:9221)
    at process.processTicksAndRejections (node:internal/process/task_queues:95:5)
[2026-05-29T19:44:53.031] [DEBUG] debug-file - Current worker pool is stopped or closed.
[2026-05-29T19:44:53.011] [DEBUG] debug-file - End initialize project's product build option map with build mode 'debug'.
[2026-05-29T19:44:52.939] [DEBUG] debug-file - App plugin creating...
[2026-05-29T19:44:53.023] [ERROR] debug-file - AdaptorError: [31m00303217 Configuration Error
Error Message: Invalid value of 'DEVECO_SDK_HOME' in the system environment path.

* Try the following:
  > Correct the value, run hvigorw --stop-daemon to stop the daemon process, and then try again.
[39m
    at OhosLogger.printErrorExit (/Applications/DevEco-Studio.app/Contents/tools/hvigor/hvigor/src/base/log/hvigor-log.js:1:5087)
    at Property.validatePath (/Applications/DevEco-Studio.app/Contents/tools/hvigor/hvigor-ohos-plugin/src/sdk/lib/property-get.js:1:2027)
    at Property.getHosSdkDir (/Applications/DevEco-Studio.app/Contents/tools/hvigor/hvigor-ohos-plugin/src/sdk/lib/property-get.js:1:1395)
    at SdkLoader.getSdkInfo (/Applications/DevEco-Studio.app/Contents/tools/hvigor/hvigor-ohos-plugin/src/sdk/sdk-loader.js:1:668)
    at new ProjectTaskService (/Applications/DevEco-Studio.app/Contents/tools/hvigor/hvigor-ohos-plugin/src/tasks/service/project-task-service.js:1:2057)
    at AppPlugin.initTaskService (/Applications/DevEco-Studio.app/Contents/tools/hvigor/hvigor-ohos-plugin/src/plugin/app-plugin.js:1:715)
    at ProjectImpl.<anonymous> (/Applications/DevEco-Studio.app/Contents/tools/hvigor/hvigor-ohos-plugin/src/plugin/builder/app-plugin-builder.js:1:2286)
    at ProjectImpl.executeAfterBindSystemPluginsHook (/Applications/DevEco-Studio.app/Contents/tools/hvigor/hvigor/src/base/internal/lifecycle/hvigor-node-impl/default-node-impl.js:1:5577)
    at evaluateNodeVigorFile (/Applications/DevEco-Studio.app/Contents/tools/hvigor/hvigor/src/base/internal/lifecycle/configuration.js:1:9221)
    at process.processTicksAndRejections (node:internal/process/task_queues:95:5)
[2026-05-29T19:44:53.031] [DEBUG] debug-file - Clear worker 0.
[2026-05-29T19:44:53.023] [ERROR] debug-file - BUILD FAILED in 633 ms 
[2026-05-29T19:44:53.031] [DEBUG] debug-file - Worker 0 has been cleared.
[2026-05-29T19:44:53.029] [DEBUG] debug-file - Since there is no instance or instance is terminated, create a new worker pool.
[2026-05-29T19:44:53.031] [DEBUG] debug-file - Current idle worker size: 1.
[2026-05-29T19:44:53.029] [DEBUG] debug-file - Worker pool is initialized with config:  {
  minPoolNum: 2,
  maxPoolNum: undefined,
  maxCoreSize: undefined,
  cacheCapacity: undefined,
  cacheTtl: undefined
}
[2026-05-29T19:44:53.031] [DEBUG] debug-file - Current busy worker size: 0.
[2026-05-29T19:44:53.031] [DEBUG] debug-file - Clear worker 1.
[2026-05-29T19:44:53.031] [DEBUG] debug-file - Worker 1 has been cleared.
[2026-05-29T19:44:53.031] [DEBUG] debug-file - Current idle worker size: 0.
[2026-05-29T19:44:53.031] [DEBUG] debug-file - Current busy worker size: 0.
[2026-05-29T19:44:53.035] [DEBUG] debug-file - hvigor build process will be closed.
[2026-05-29T19:44:53.036] [DEBUG] debug-file - worker[0] exits with exit code 0.
[2026-05-29T19:44:53.036] [DEBUG] debug-file - worker[1] exits with exit code 0.
[2026-05-29T19:44:53.037] [DEBUG] debug-file - Current worker pool is terminated.
[2026-05-29T19:45:04.935] [DEBUG] debug-file - env: nodejsVersion=v18.20.1
[2026-05-29T19:45:05.051] [DEBUG] debug-file - Hvigor init with startParameters:{
  hvigorfileTypeCheck: false,
  parallelExecution: true,
  incrementalExecution: true,
  printStackTrace: false,
  daemon: false,
  analyze: 0,
  logLevel: Level { level: 20000, levelStr: 'INFO', colour: 'green' },
  optimizationStrategy: 'memory',
  hotCompile: undefined,
  hotReloadBuild: undefined,
  customizedParam: undefined
}
[2026-05-29T19:45:05.552] [DEBUG] debug-file - Starting plugin build process
[2026-05-29T19:45:05.551] [DEBUG] debug-file - hvigorfile, require result:  { default: { system: [Function: appTasks], plugins: [] } }
[2026-05-29T19:45:05.634] [DEBUG] debug-file - App plugin register hook start...
[2026-05-29T19:45:05.635] [DEBUG] debug-file - Start initialize project's product build option map with build mode debug.
[2026-05-29T19:45:05.636] [DEBUG] debug-file - Obtain build option for product 'default'in this build.
[2026-05-29T19:45:04.936] [DEBUG] debug-file - env: hvigor-config.json5 content = { modelVersion: '6.1.0', dependencies: {} }
[2026-05-29T19:45:05.052] [DEBUG] debug-file - Cache service initialization finished in 2 ms 
[2026-05-29T19:45:05.656] [DEBUG] debug-file - Create  resident worker with id: 0.
[2026-05-29T19:45:05.552] [DEBUG] debug-file - App plugin prepare start...
[2026-05-29T19:45:05.551] [DEBUG] debug-file - hvigorfile, binding system plugins [Function: appTasks]
[2026-05-29T19:45:05.634] [DEBUG] debug-file - App plugin register hook end...
[2026-05-29T19:45:05.635] [DEBUG] debug-file - Picking option from product 'default' with build mode 'debug'.
[2026-05-29T19:45:05.637] [DEBUG] debug-file - No signingConfig found, initRemoteHspCache failed.
[2026-05-29T19:45:04.937] [DEBUG] debug-file - env: daemon=false
[2026-05-29T19:45:05.053] [DEBUG] debug-file - hvigorfile, resolving /Users/vita/Vitemis/Outposts/Kikaria-HarmonyOS/hvigorfile.ts
[2026-05-29T19:45:05.657] [DEBUG] debug-file - Create  resident worker with id: 1.
[2026-05-29T19:45:05.552] [DEBUG] debug-file - App plugin prepare end...
[2026-05-29T19:45:05.634] [DEBUG] debug-file - Plugin build process completed
[2026-05-29T19:45:05.635] [DEBUG] debug-file - Product 'default' build option initialized
[2026-05-29T19:45:05.638] [DEBUG] debug-file - Local scan or download HarmonyOS sdk components toolchains,ets,js,native,previewer
[2026-05-29T19:45:04.937] [DEBUG] debug-file - no-daemon, use the parent process.execArgv --max-old-space-size=8192,--max-semi-space-size=16,--expose-gc
[2026-05-29T19:45:05.658] [DEBUG] debug-file - Current worker pool is stopped or closed.
[2026-05-29T19:45:05.552] [DEBUG] debug-file - App plugin creating...
[2026-05-29T19:45:05.635] [DEBUG] debug-file - End initialize project's product build option map with build mode 'debug'.
[2026-05-29T19:45:05.647] [DEBUG] debug-file - hvigor build process will be closed with an error.
[2026-05-29T19:45:05.658] [DEBUG] debug-file - Clear worker 0.
[2026-05-29T19:45:05.649] [ERROR] debug-file - [31m00303168 Configuration Error
Error Message: SDK component missing.

* Try the following:
  > Please verify the integrity of your SDK.
  > Please update the SDK at the download link below.
  > More info: https://developer.huawei.com/consumer/en/download
[39m

[31m* Try:
> Run with --stacktrace option to get the stack trace.
> Run with --debug option to get more log output.

[2026-05-29T19:45:05.658] [DEBUG] debug-file - Worker 0 has been cleared.
[2026-05-29T19:45:05.649] [DEBUG] debug-file - ERROR: stacktrace = AdaptorError: [31m00303168 Configuration Error
Error Message: SDK component missing.

* Try the following:
  > Please verify the integrity of your SDK.
  > Please update the SDK at the download link below.
  > More info: https://developer.huawei.com/consumer/en/download
[39m
    at OhosLogger.printErrorExit (/Applications/DevEco-Studio.app/Contents/tools/hvigor/hvigor/src/base/log/hvigor-log.js:1:5087)
    at HmosSdkLoader.getHmosSdkComponents (/Applications/DevEco-Studio.app/Contents/tools/hvigor/hvigor-ohos-plugin/src/sdk/hmos-sdk-loader.js:1:1895)
    at HosSdkInfo.setup (/Applications/DevEco-Studio.app/Contents/tools/hvigor/hvigor-ohos-plugin/src/sdk/info/hos-sdk-info.js:1:1537)
    at ProjectTaskService.setup (/Applications/DevEco-Studio.app/Contents/tools/hvigor/hvigor-ohos-plugin/src/tasks/service/project-task-service.js:1:2525)
    at ProjectImpl.<anonymous> (/Applications/DevEco-Studio.app/Contents/tools/hvigor/hvigor-ohos-plugin/src/plugin/builder/app-plugin-builder.js:1:2361)
    at ProjectImpl.executeAfterBindSystemPluginsHook (/Applications/DevEco-Studio.app/Contents/tools/hvigor/hvigor/src/base/internal/lifecycle/hvigor-node-impl/default-node-impl.js:1:5577)
    at evaluateNodeVigorFile (/Applications/DevEco-Studio.app/Contents/tools/hvigor/hvigor/src/base/internal/lifecycle/configuration.js:1:9221)
    at process.processTicksAndRejections (node:internal/process/task_queues:95:5)
    at async evalProject (/Applications/DevEco-Studio.app/Contents/tools/hvigor/hvigor/src/base/internal/lifecycle/configuration.js:1:3544)
    at async configuration (/Applications/DevEco-Studio.app/Contents/tools/hvigor/hvigor/src/base/internal/lifecycle/configuration.js:1:2288)
[2026-05-29T19:45:05.658] [DEBUG] debug-file - Current idle worker size: 1.
[2026-05-29T19:45:05.649] [ERROR] debug-file - AdaptorError: [31m00303168 Configuration Error
Error Message: SDK component missing.

* Try the following:
  > Please verify the integrity of your SDK.
  > Please update the SDK at the download link below.
  > More info: https://developer.huawei.com/consumer/en/download
[39m
    at OhosLogger.printErrorExit (/Applications/DevEco-Studio.app/Contents/tools/hvigor/hvigor/src/base/log/hvigor-log.js:1:5087)
    at HmosSdkLoader.getHmosSdkComponents (/Applications/DevEco-Studio.app/Contents/tools/hvigor/hvigor-ohos-plugin/src/sdk/hmos-sdk-loader.js:1:1895)
    at HosSdkInfo.setup (/Applications/DevEco-Studio.app/Contents/tools/hvigor/hvigor-ohos-plugin/src/sdk/info/hos-sdk-info.js:1:1537)
    at ProjectTaskService.setup (/Applications/DevEco-Studio.app/Contents/tools/hvigor/hvigor-ohos-plugin/src/tasks/service/project-task-service.js:1:2525)
    at ProjectImpl.<anonymous> (/Applications/DevEco-Studio.app/Contents/tools/hvigor/hvigor-ohos-plugin/src/plugin/builder/app-plugin-builder.js:1:2361)
    at ProjectImpl.executeAfterBindSystemPluginsHook (/Applications/DevEco-Studio.app/Contents/tools/hvigor/hvigor/src/base/internal/lifecycle/hvigor-node-impl/default-node-impl.js:1:5577)
    at evaluateNodeVigorFile (/Applications/DevEco-Studio.app/Contents/tools/hvigor/hvigor/src/base/internal/lifecycle/configuration.js:1:9221)
    at process.processTicksAndRejections (node:internal/process/task_queues:95:5)
    at async evalProject (/Applications/DevEco-Studio.app/Contents/tools/hvigor/hvigor/src/base/internal/lifecycle/configuration.js:1:3544)
    at async configuration (/Applications/DevEco-Studio.app/Contents/tools/hvigor/hvigor/src/base/internal/lifecycle/configuration.js:1:2288)
[2026-05-29T19:45:05.658] [DEBUG] debug-file - Current busy worker size: 0.
[2026-05-29T19:45:05.650] [ERROR] debug-file - BUILD FAILED in 602 ms 
[2026-05-29T19:45:05.658] [DEBUG] debug-file - Clear worker 1.
[2026-05-29T19:45:05.656] [DEBUG] debug-file - Since there is no instance or instance is terminated, create a new worker pool.
[2026-05-29T19:45:05.658] [DEBUG] debug-file - Worker 1 has been cleared.
[2026-05-29T19:45:05.656] [DEBUG] debug-file - Worker pool is initialized with config:  {
  minPoolNum: 2,
  maxPoolNum: undefined,
  maxCoreSize: undefined,
  cacheCapacity: undefined,
  cacheTtl: undefined
}
[2026-05-29T19:45:05.658] [DEBUG] debug-file - Current idle worker size: 0.
[2026-05-29T19:45:05.658] [DEBUG] debug-file - Current busy worker size: 0.
[2026-05-29T19:45:05.662] [DEBUG] debug-file - hvigor build process will be closed.
[2026-05-29T19:45:05.664] [DEBUG] debug-file - worker[0] exits with exit code 0.
[2026-05-29T19:45:05.664] [DEBUG] debug-file - worker[1] exits with exit code 0.
[2026-05-29T19:45:05.664] [DEBUG] debug-file - Current worker pool is terminated.
[2026-05-29T19:45:21.382] [DEBUG] debug-file - env: nodejsVersion=v18.20.1
[2026-05-29T19:45:21.498] [DEBUG] debug-file - Hvigor init with startParameters:{
  hvigorfileTypeCheck: false,
  parallelExecution: true,
  incrementalExecution: true,
  printStackTrace: false,
  daemon: false,
  analyze: 0,
  logLevel: Level { level: 10000, levelStr: 'DEBUG', colour: 'cyan' },
  optimizationStrategy: 'memory',
  hotCompile: undefined,
  hotReloadBuild: undefined,
  customizedParam: undefined
}
[2026-05-29T19:45:21.978] [DEBUG] debug-file - hvigorfile, require result:  { default: { system: [Function: appTasks], plugins: [] } }
[2026-05-29T19:45:21.978] [DEBUG] debug-file - Starting plugin build process
[2026-05-29T19:45:22.044] [DEBUG] debug-file - Start initialize project's product build option map with build mode debug.
[2026-05-29T19:45:22.045] [DEBUG] debug-file - Obtain build option for product 'default'in this build.
[2026-05-29T19:45:22.043] [DEBUG] debug-file - App plugin register hook start...
[2026-05-29T19:45:21.382] [DEBUG] debug-file - env: hvigor-config.json5 content = { modelVersion: '6.1.0', dependencies: {} }
[2026-05-29T19:45:21.500] [DEBUG] debug-file - Cache service initialization finished in 2 ms 
[2026-05-29T19:45:22.062] [DEBUG] debug-file - Create  resident worker with id: 0.
[2026-05-29T19:45:21.978] [DEBUG] debug-file - hvigorfile, binding system plugins [Function: appTasks]
[2026-05-29T19:45:22.044] [DEBUG] debug-file - Picking option from product 'default' with build mode 'debug'.
[2026-05-29T19:45:21.978] [DEBUG] debug-file - App plugin prepare start...
[2026-05-29T19:45:22.045] [DEBUG] debug-file - No signingConfig found, initRemoteHspCache failed.
[2026-05-29T19:45:22.043] [DEBUG] debug-file - App plugin register hook end...
[2026-05-29T19:45:21.383] [DEBUG] debug-file - env: daemon=false
[2026-05-29T19:45:21.501] [DEBUG] debug-file - hvigorfile, resolving /Users/vita/Vitemis/Outposts/Kikaria-HarmonyOS/hvigorfile.ts
[2026-05-29T19:45:22.062] [DEBUG] debug-file - Create  resident worker with id: 1.
[2026-05-29T19:45:22.044] [DEBUG] debug-file - Product 'default' build option initialized
[2026-05-29T19:45:21.978] [DEBUG] debug-file - App plugin prepare end...
[2026-05-29T19:45:22.046] [DEBUG] debug-file - Local scan or download HarmonyOS sdk components toolchains,ets,js,native,previewer
[2026-05-29T19:45:22.043] [DEBUG] debug-file - Plugin build process completed
[2026-05-29T19:45:21.383] [DEBUG] debug-file - no-daemon, use the parent process.execArgv --max-old-space-size=8192,--max-semi-space-size=16,--expose-gc
[2026-05-29T19:45:22.063] [DEBUG] debug-file - Current worker pool is stopped or closed.
[2026-05-29T19:45:22.044] [DEBUG] debug-file - End initialize project's product build option map with build mode 'debug'.
[2026-05-29T19:45:21.978] [DEBUG] debug-file - App plugin creating...
[2026-05-29T19:45:22.054] [DEBUG] debug-file - hvigor build process will be closed with an error.
[2026-05-29T19:45:22.063] [DEBUG] debug-file - Clear worker 0.
[2026-05-29T19:45:22.056] [ERROR] debug-file - [31m00303168 Configuration Error
Error Message: SDK component missing.

* Try the following:
  > Please verify the integrity of your SDK.
  > Please update the SDK at the download link below.
  > More info: https://developer.huawei.com/consumer/en/download
[39m

[31m* Try:
> Run with --stacktrace option to get the stack trace.

[2026-05-29T19:45:22.063] [DEBUG] debug-file - Worker 0 has been cleared.
[2026-05-29T19:45:22.056] [DEBUG] debug-file - ERROR: stacktrace = AdaptorError: [31m00303168 Configuration Error
Error Message: SDK component missing.

* Try the following:
  > Please verify the integrity of your SDK.
  > Please update the SDK at the download link below.
  > More info: https://developer.huawei.com/consumer/en/download
[39m
    at OhosLogger.printErrorExit (/Applications/DevEco-Studio.app/Contents/tools/hvigor/hvigor/src/base/log/hvigor-log.js:1:5087)
    at HmosSdkLoader.getHmosSdkComponents (/Applications/DevEco-Studio.app/Contents/tools/hvigor/hvigor-ohos-plugin/src/sdk/hmos-sdk-loader.js:1:1895)
    at HosSdkInfo.setup (/Applications/DevEco-Studio.app/Contents/tools/hvigor/hvigor-ohos-plugin/src/sdk/info/hos-sdk-info.js:1:1537)
    at ProjectTaskService.setup (/Applications/DevEco-Studio.app/Contents/tools/hvigor/hvigor-ohos-plugin/src/tasks/service/project-task-service.js:1:2525)
    at ProjectImpl.<anonymous> (/Applications/DevEco-Studio.app/Contents/tools/hvigor/hvigor-ohos-plugin/src/plugin/builder/app-plugin-builder.js:1:2361)
    at ProjectImpl.executeAfterBindSystemPluginsHook (/Applications/DevEco-Studio.app/Contents/tools/hvigor/hvigor/src/base/internal/lifecycle/hvigor-node-impl/default-node-impl.js:1:5577)
    at evaluateNodeVigorFile (/Applications/DevEco-Studio.app/Contents/tools/hvigor/hvigor/src/base/internal/lifecycle/configuration.js:1:9221)
    at process.processTicksAndRejections (node:internal/process/task_queues:95:5)
    at async evalProject (/Applications/DevEco-Studio.app/Contents/tools/hvigor/hvigor/src/base/internal/lifecycle/configuration.js:1:3544)
    at async configuration (/Applications/DevEco-Studio.app/Contents/tools/hvigor/hvigor/src/base/internal/lifecycle/configuration.js:1:2288)
[2026-05-29T19:45:22.063] [DEBUG] debug-file - Current idle worker size: 1.
[2026-05-29T19:45:22.056] [ERROR] debug-file - AdaptorError: [31m00303168 Configuration Error
Error Message: SDK component missing.

* Try the following:
  > Please verify the integrity of your SDK.
  > Please update the SDK at the download link below.
  > More info: https://developer.huawei.com/consumer/en/download
[39m
    at OhosLogger.printErrorExit (/Applications/DevEco-Studio.app/Contents/tools/hvigor/hvigor/src/base/log/hvigor-log.js:1:5087)
    at HmosSdkLoader.getHmosSdkComponents (/Applications/DevEco-Studio.app/Contents/tools/hvigor/hvigor-ohos-plugin/src/sdk/hmos-sdk-loader.js:1:1895)
    at HosSdkInfo.setup (/Applications/DevEco-Studio.app/Contents/tools/hvigor/hvigor-ohos-plugin/src/sdk/info/hos-sdk-info.js:1:1537)
    at ProjectTaskService.setup (/Applications/DevEco-Studio.app/Contents/tools/hvigor/hvigor-ohos-plugin/src/tasks/service/project-task-service.js:1:2525)
    at ProjectImpl.<anonymous> (/Applications/DevEco-Studio.app/Contents/tools/hvigor/hvigor-ohos-plugin/src/plugin/builder/app-plugin-builder.js:1:2361)
    at ProjectImpl.executeAfterBindSystemPluginsHook (/Applications/DevEco-Studio.app/Contents/tools/hvigor/hvigor/src/base/internal/lifecycle/hvigor-node-impl/default-node-impl.js:1:5577)
    at evaluateNodeVigorFile (/Applications/DevEco-Studio.app/Contents/tools/hvigor/hvigor/src/base/internal/lifecycle/configuration.js:1:9221)
    at process.processTicksAndRejections (node:internal/process/task_queues:95:5)
    at async evalProject (/Applications/DevEco-Studio.app/Contents/tools/hvigor/hvigor/src/base/internal/lifecycle/configuration.js:1:3544)
    at async configuration (/Applications/DevEco-Studio.app/Contents/tools/hvigor/hvigor/src/base/internal/lifecycle/configuration.js:1:2288)
[2026-05-29T19:45:22.063] [DEBUG] debug-file - Current busy worker size: 0.
[2026-05-29T19:45:22.056] [ERROR] debug-file - BUILD FAILED in 560 ms 
[2026-05-29T19:45:22.063] [DEBUG] debug-file - Clear worker 1.
[2026-05-29T19:45:22.061] [DEBUG] debug-file - Since there is no instance or instance is terminated, create a new worker pool.
[2026-05-29T19:45:22.063] [DEBUG] debug-file - Worker 1 has been cleared.
[2026-05-29T19:45:22.061] [DEBUG] debug-file - Worker pool is initialized with config:  {
  minPoolNum: 2,
  maxPoolNum: undefined,
  maxCoreSize: undefined,
  cacheCapacity: undefined,
  cacheTtl: undefined
}
[2026-05-29T19:45:22.063] [DEBUG] debug-file - Current idle worker size: 0.
[2026-05-29T19:45:22.063] [DEBUG] debug-file - Current busy worker size: 0.
[2026-05-29T19:45:22.066] [DEBUG] debug-file - hvigor build process will be closed.
[2026-05-29T19:45:22.067] [DEBUG] debug-file - worker[0] exits with exit code 0.
[2026-05-29T19:45:22.068] [DEBUG] debug-file - worker[1] exits with exit code 0.
[2026-05-29T19:45:22.068] [DEBUG] debug-file - Current worker pool is terminated.
[2026-05-29T19:46:11.290] [DEBUG] debug-file - env: nodejsVersion=v18.20.1
[2026-05-29T19:46:11.464] [DEBUG] debug-file - Hvigor init with startParameters:{
  hvigorfileTypeCheck: false,
  parallelExecution: true,
  incrementalExecution: true,
  printStackTrace: false,
  daemon: false,
  analyze: 0,
  logLevel: Level { level: 20000, levelStr: 'INFO', colour: 'green' },
  optimizationStrategy: 'memory',
  hotCompile: undefined,
  hotReloadBuild: undefined,
  customizedParam: undefined
}
[2026-05-29T19:46:12.167] [DEBUG] debug-file - hvigorfile, require result:  { default: { system: [Function: appTasks], plugins: [] } }
[2026-05-29T19:46:12.262] [DEBUG] debug-file - App plugin register hook start...
[2026-05-29T19:46:12.168] [DEBUG] debug-file - Starting plugin build process
[2026-05-29T19:46:12.263] [DEBUG] debug-file - Start initialize project's product build option map with build mode debug.
[2026-05-29T19:46:11.291] [DEBUG] debug-file - env: hvigor-config.json5 content = { modelVersion: '6.1.0', dependencies: {} }
[2026-05-29T19:46:12.264] [DEBUG] debug-file - Obtain build option for product 'default'in this build.
[2026-05-29T19:46:12.344] [DEBUG] debug-file - Create  resident worker with id: 0.
[2026-05-29T19:46:11.466] [DEBUG] debug-file - Cache service initialization finished in 2 ms 
[2026-05-29T19:46:12.167] [DEBUG] debug-file - hvigorfile, binding system plugins [Function: appTasks]
[2026-05-29T19:46:12.262] [DEBUG] debug-file - App plugin register hook end...
[2026-05-29T19:46:12.168] [DEBUG] debug-file - App plugin prepare start...
[2026-05-29T19:46:12.263] [DEBUG] debug-file - Picking option from product 'default' with build mode 'debug'.
[2026-05-29T19:46:11.291] [DEBUG] debug-file - env: daemon=false
[2026-05-29T19:46:12.265] [DEBUG] debug-file - No signingConfig found, initRemoteHspCache failed.
[2026-05-29T19:46:12.345] [DEBUG] debug-file - Create  resident worker with id: 1.
[2026-05-29T19:46:11.467] [DEBUG] debug-file - hvigorfile, resolving /Users/vita/Vitemis/Outposts/Kikaria-HarmonyOS/hvigorfile.ts
[2026-05-29T19:46:12.262] [DEBUG] debug-file - Plugin build process completed
[2026-05-29T19:46:12.263] [DEBUG] debug-file - Product 'default' build option initialized
[2026-05-29T19:46:12.168] [DEBUG] debug-file - App plugin prepare end...
[2026-05-29T19:46:11.291] [DEBUG] debug-file - no-daemon, use the parent process.execArgv --max-old-space-size=8192,--max-semi-space-size=16,--expose-gc
[2026-05-29T19:46:12.266] [DEBUG] debug-file - Local scan or download HarmonyOS sdk components toolchains,ets,js,native,previewer
[2026-05-29T19:46:12.346] [DEBUG] debug-file - Current worker pool is stopped or closed.
[2026-05-29T19:46:12.263] [DEBUG] debug-file - End initialize project's product build option map with build mode 'debug'.
[2026-05-29T19:46:12.168] [DEBUG] debug-file - App plugin creating...
[2026-05-29T19:46:12.337] [DEBUG] debug-file - hvigor build process will be closed with an error.
[2026-05-29T19:46:12.346] [DEBUG] debug-file - Clear worker 0.
[2026-05-29T19:46:12.339] [ERROR] debug-file - [31m00303168 Configuration Error
Error Message: SDK component missing.

* Try the following:
  > Please verify the integrity of your SDK.
  > Please update the SDK at the download link below.
  > More info: https://developer.huawei.com/consumer/en/download
[39m

[31m* Try:
> Run with --stacktrace option to get the stack trace.
> Run with --debug option to get more log output.

[2026-05-29T19:46:12.347] [DEBUG] debug-file - Worker 0 has been cleared.
[2026-05-29T19:46:12.339] [DEBUG] debug-file - ERROR: stacktrace = AdaptorError: [31m00303168 Configuration Error
Error Message: SDK component missing.

* Try the following:
  > Please verify the integrity of your SDK.
  > Please update the SDK at the download link below.
  > More info: https://developer.huawei.com/consumer/en/download
[39m
    at OhosLogger.printErrorExit (/Applications/DevEco-Studio.app/Contents/tools/hvigor/hvigor/src/base/log/hvigor-log.js:1:5087)
    at HmosSdkLoader.getHmosSdkComponents (/Applications/DevEco-Studio.app/Contents/tools/hvigor/hvigor-ohos-plugin/src/sdk/hmos-sdk-loader.js:1:1895)
    at HosSdkInfo.setup (/Applications/DevEco-Studio.app/Contents/tools/hvigor/hvigor-ohos-plugin/src/sdk/info/hos-sdk-info.js:1:1537)
    at ProjectTaskService.setup (/Applications/DevEco-Studio.app/Contents/tools/hvigor/hvigor-ohos-plugin/src/tasks/service/project-task-service.js:1:2525)
    at ProjectImpl.<anonymous> (/Applications/DevEco-Studio.app/Contents/tools/hvigor/hvigor-ohos-plugin/src/plugin/builder/app-plugin-builder.js:1:2361)
    at ProjectImpl.executeAfterBindSystemPluginsHook (/Applications/DevEco-Studio.app/Contents/tools/hvigor/hvigor/src/base/internal/lifecycle/hvigor-node-impl/default-node-impl.js:1:5577)
    at evaluateNodeVigorFile (/Applications/DevEco-Studio.app/Contents/tools/hvigor/hvigor/src/base/internal/lifecycle/configuration.js:1:9221)
    at process.processTicksAndRejections (node:internal/process/task_queues:95:5)
    at async evalProject (/Applications/DevEco-Studio.app/Contents/tools/hvigor/hvigor/src/base/internal/lifecycle/configuration.js:1:3544)
    at async configuration (/Applications/DevEco-Studio.app/Contents/tools/hvigor/hvigor/src/base/internal/lifecycle/configuration.js:1:2288)
[2026-05-29T19:46:12.347] [DEBUG] debug-file - Current idle worker size: 1.
[2026-05-29T19:46:12.339] [ERROR] debug-file - AdaptorError: [31m00303168 Configuration Error
Error Message: SDK component missing.

* Try the following:
  > Please verify the integrity of your SDK.
  > Please update the SDK at the download link below.
  > More info: https://developer.huawei.com/consumer/en/download
[39m
    at OhosLogger.printErrorExit (/Applications/DevEco-Studio.app/Contents/tools/hvigor/hvigor/src/base/log/hvigor-log.js:1:5087)
    at HmosSdkLoader.getHmosSdkComponents (/Applications/DevEco-Studio.app/Contents/tools/hvigor/hvigor-ohos-plugin/src/sdk/hmos-sdk-loader.js:1:1895)
    at HosSdkInfo.setup (/Applications/DevEco-Studio.app/Contents/tools/hvigor/hvigor-ohos-plugin/src/sdk/info/hos-sdk-info.js:1:1537)
    at ProjectTaskService.setup (/Applications/DevEco-Studio.app/Contents/tools/hvigor/hvigor-ohos-plugin/src/tasks/service/project-task-service.js:1:2525)
    at ProjectImpl.<anonymous> (/Applications/DevEco-Studio.app/Contents/tools/hvigor/hvigor-ohos-plugin/src/plugin/builder/app-plugin-builder.js:1:2361)
    at ProjectImpl.executeAfterBindSystemPluginsHook (/Applications/DevEco-Studio.app/Contents/tools/hvigor/hvigor/src/base/internal/lifecycle/hvigor-node-impl/default-node-impl.js:1:5577)
    at evaluateNodeVigorFile (/Applications/DevEco-Studio.app/Contents/tools/hvigor/hvigor/src/base/internal/lifecycle/configuration.js:1:9221)
    at process.processTicksAndRejections (node:internal/process/task_queues:95:5)
    at async evalProject (/Applications/DevEco-Studio.app/Contents/tools/hvigor/hvigor/src/base/internal/lifecycle/configuration.js:1:3544)
    at async configuration (/Applications/DevEco-Studio.app/Contents/tools/hvigor/hvigor/src/base/internal/lifecycle/configuration.js:1:2288)
[2026-05-29T19:46:12.347] [DEBUG] debug-file - Current busy worker size: 0.
[2026-05-29T19:46:12.340] [ERROR] debug-file - BUILD FAILED in 878 ms 
[2026-05-29T19:46:12.347] [DEBUG] debug-file - Clear worker 1.
[2026-05-29T19:46:12.344] [DEBUG] debug-file - Since there is no instance or instance is terminated, create a new worker pool.
[2026-05-29T19:46:12.347] [DEBUG] debug-file - Worker 1 has been cleared.
[2026-05-29T19:46:12.344] [DEBUG] debug-file - Worker pool is initialized with config:  {
  minPoolNum: 2,
  maxPoolNum: undefined,
  maxCoreSize: undefined,
  cacheCapacity: undefined,
  cacheTtl: undefined
}
[2026-05-29T19:46:12.347] [DEBUG] debug-file - Current idle worker size: 0.
[2026-05-29T19:46:12.347] [DEBUG] debug-file - Current busy worker size: 0.
[2026-05-29T19:46:12.350] [DEBUG] debug-file - hvigor build process will be closed.
[2026-05-29T19:46:12.352] [DEBUG] debug-file - worker[0] exits with exit code 0.
[2026-05-29T19:46:12.353] [DEBUG] debug-file - worker[1] exits with exit code 0.
[2026-05-29T19:46:12.353] [DEBUG] debug-file - Current worker pool is terminated.
[2026-05-29T19:48:34.010] [DEBUG] debug-file - env: nodejsVersion=v18.20.1
[2026-05-29T19:48:34.134] [DEBUG] debug-file - Hvigor init with startParameters:{
  hvigorfileTypeCheck: false,
  parallelExecution: true,
  incrementalExecution: true,
  printStackTrace: false,
  daemon: false,
  analyze: 0,
  logLevel: Level { level: 20000, levelStr: 'INFO', colour: 'green' },
  optimizationStrategy: 'memory',
  hotCompile: undefined,
  hotReloadBuild: undefined,
  customizedParam: undefined
}
[2026-05-29T19:48:34.665] [DEBUG] debug-file - hvigorfile, require result:  { default: { system: [Function: appTasks], plugins: [] } }
[2026-05-29T19:48:34.747] [DEBUG] debug-file - App plugin register hook start...
[2026-05-29T19:48:34.748] [DEBUG] debug-file - Start initialize project's product build option map with build mode debug.
[2026-05-29T19:48:34.666] [DEBUG] debug-file - Starting plugin build process
[2026-05-29T19:48:34.749] [DEBUG] debug-file - Obtain build option for product 'default'in this build.
[2026-05-29T19:48:34.010] [DEBUG] debug-file - env: hvigor-config.json5 content = { modelVersion: '6.1.0', dependencies: {} }
[2026-05-29T19:48:34.779] [DEBUG] debug-file - Create  resident worker with id: 0.
[2026-05-29T19:48:34.136] [DEBUG] debug-file - Cache service initialization finished in 2 ms 
[2026-05-29T19:48:34.666] [DEBUG] debug-file - hvigorfile, binding system plugins [Function: appTasks]
[2026-05-29T19:48:34.748] [DEBUG] debug-file - App plugin register hook end...
[2026-05-29T19:48:34.748] [DEBUG] debug-file - Picking option from product 'default' with build mode 'debug'.
[2026-05-29T19:48:34.666] [DEBUG] debug-file - App plugin prepare start...
[2026-05-29T19:48:34.750] [DEBUG] debug-file - No signingConfig found, initRemoteHspCache failed.
[2026-05-29T19:48:34.011] [DEBUG] debug-file - env: daemon=false
[2026-05-29T19:48:34.780] [DEBUG] debug-file - Create  resident worker with id: 1.
[2026-05-29T19:48:34.137] [DEBUG] debug-file - hvigorfile, resolving /Users/vita/Vitemis/Outposts/Kikaria-HarmonyOS/hvigorfile.ts
[2026-05-29T19:48:34.748] [DEBUG] debug-file - Plugin build process completed
[2026-05-29T19:48:34.748] [DEBUG] debug-file - Product 'default' build option initialized
[2026-05-29T19:48:34.666] [DEBUG] debug-file - App plugin prepare end...
[2026-05-29T19:48:34.751] [DEBUG] debug-file - Local scan or download HarmonyOS sdk components toolchains,ets,js,native,previewer
[2026-05-29T19:48:34.011] [DEBUG] debug-file - no-daemon, use the parent process.execArgv --max-old-space-size=8192,--max-semi-space-size=16,--expose-gc
[2026-05-29T19:48:34.781] [DEBUG] debug-file - Current worker pool is stopped or closed.
[2026-05-29T19:48:34.748] [DEBUG] debug-file - End initialize project's product build option map with build mode 'debug'.
[2026-05-29T19:48:34.666] [DEBUG] debug-file - App plugin creating...
[2026-05-29T19:48:34.772] [DEBUG] debug-file - hvigor build process will be closed with an error.
[2026-05-29T19:48:34.781] [DEBUG] debug-file - Clear worker 0.
[2026-05-29T19:48:34.781] [DEBUG] debug-file - Worker 0 has been cleared.
[2026-05-29T19:48:34.774] [ERROR] debug-file - [31m00303168 Configuration Error
Error Message: SDK component missing.

* Try the following:
  > Please verify the integrity of your SDK.
  > Please update the SDK at the download link below.
  > More info: https://developer.huawei.com/consumer/en/download
[39m

[31m* Try:
> Run with --stacktrace option to get the stack trace.
> Run with --debug option to get more log output.

[2026-05-29T19:48:34.774] [DEBUG] debug-file - ERROR: stacktrace = AdaptorError: [31m00303168 Configuration Error
Error Message: SDK component missing.

* Try the following:
  > Please verify the integrity of your SDK.
  > Please update the SDK at the download link below.
  > More info: https://developer.huawei.com/consumer/en/download
[39m
    at OhosLogger.printErrorExit (/Applications/DevEco-Studio.app/Contents/tools/hvigor/hvigor/src/base/log/hvigor-log.js:1:5087)
    at HmosSdkLoader.getHmosSdkComponents (/Applications/DevEco-Studio.app/Contents/tools/hvigor/hvigor-ohos-plugin/src/sdk/hmos-sdk-loader.js:1:1895)
    at HosSdkInfo.setup (/Applications/DevEco-Studio.app/Contents/tools/hvigor/hvigor-ohos-plugin/src/sdk/info/hos-sdk-info.js:1:1537)
    at ProjectTaskService.setup (/Applications/DevEco-Studio.app/Contents/tools/hvigor/hvigor-ohos-plugin/src/tasks/service/project-task-service.js:1:2525)
    at ProjectImpl.<anonymous> (/Applications/DevEco-Studio.app/Contents/tools/hvigor/hvigor-ohos-plugin/src/plugin/builder/app-plugin-builder.js:1:2361)
    at ProjectImpl.executeAfterBindSystemPluginsHook (/Applications/DevEco-Studio.app/Contents/tools/hvigor/hvigor/src/base/internal/lifecycle/hvigor-node-impl/default-node-impl.js:1:5577)
    at evaluateNodeVigorFile (/Applications/DevEco-Studio.app/Contents/tools/hvigor/hvigor/src/base/internal/lifecycle/configuration.js:1:9221)
    at process.processTicksAndRejections (node:internal/process/task_queues:95:5)
    at async evalProject (/Applications/DevEco-Studio.app/Contents/tools/hvigor/hvigor/src/base/internal/lifecycle/configuration.js:1:3544)
    at async configuration (/Applications/DevEco-Studio.app/Contents/tools/hvigor/hvigor/src/base/internal/lifecycle/configuration.js:1:2288)
[2026-05-29T19:48:34.781] [DEBUG] debug-file - Current idle worker size: 1.
[2026-05-29T19:48:34.774] [ERROR] debug-file - AdaptorError: [31m00303168 Configuration Error
Error Message: SDK component missing.

* Try the following:
  > Please verify the integrity of your SDK.
  > Please update the SDK at the download link below.
  > More info: https://developer.huawei.com/consumer/en/download
[39m
    at OhosLogger.printErrorExit (/Applications/DevEco-Studio.app/Contents/tools/hvigor/hvigor/src/base/log/hvigor-log.js:1:5087)
    at HmosSdkLoader.getHmosSdkComponents (/Applications/DevEco-Studio.app/Contents/tools/hvigor/hvigor-ohos-plugin/src/sdk/hmos-sdk-loader.js:1:1895)
    at HosSdkInfo.setup (/Applications/DevEco-Studio.app/Contents/tools/hvigor/hvigor-ohos-plugin/src/sdk/info/hos-sdk-info.js:1:1537)
    at ProjectTaskService.setup (/Applications/DevEco-Studio.app/Contents/tools/hvigor/hvigor-ohos-plugin/src/tasks/service/project-task-service.js:1:2525)
    at ProjectImpl.<anonymous> (/Applications/DevEco-Studio.app/Contents/tools/hvigor/hvigor-ohos-plugin/src/plugin/builder/app-plugin-builder.js:1:2361)
    at ProjectImpl.executeAfterBindSystemPluginsHook (/Applications/DevEco-Studio.app/Contents/tools/hvigor/hvigor/src/base/internal/lifecycle/hvigor-node-impl/default-node-impl.js:1:5577)
    at evaluateNodeVigorFile (/Applications/DevEco-Studio.app/Contents/tools/hvigor/hvigor/src/base/internal/lifecycle/configuration.js:1:9221)
    at process.processTicksAndRejections (node:internal/process/task_queues:95:5)
    at async evalProject (/Applications/DevEco-Studio.app/Contents/tools/hvigor/hvigor/src/base/internal/lifecycle/configuration.js:1:3544)
    at async configuration (/Applications/DevEco-Studio.app/Contents/tools/hvigor/hvigor/src/base/internal/lifecycle/configuration.js:1:2288)
[2026-05-29T19:48:34.781] [DEBUG] debug-file - Current busy worker size: 0.
[2026-05-29T19:48:34.774] [ERROR] debug-file - BUILD FAILED in 644 ms 
[2026-05-29T19:48:34.781] [DEBUG] debug-file - Clear worker 1.
[2026-05-29T19:48:34.779] [DEBUG] debug-file - Since there is no instance or instance is terminated, create a new worker pool.
[2026-05-29T19:48:34.781] [DEBUG] debug-file - Worker 1 has been cleared.
[2026-05-29T19:48:34.779] [DEBUG] debug-file - Worker pool is initialized with config:  {
  minPoolNum: 2,
  maxPoolNum: undefined,
  maxCoreSize: undefined,
  cacheCapacity: undefined,
  cacheTtl: undefined
}
[2026-05-29T19:48:34.781] [DEBUG] debug-file - Current idle worker size: 0.
[2026-05-29T19:48:34.781] [DEBUG] debug-file - Current busy worker size: 0.
[2026-05-29T19:48:34.785] [DEBUG] debug-file - hvigor build process will be closed.
[2026-05-29T19:48:34.787] [DEBUG] debug-file - worker[0] exits with exit code 0.
[2026-05-29T19:48:34.787] [DEBUG] debug-file - worker[1] exits with exit code 0.
[2026-05-29T19:48:34.787] [DEBUG] debug-file - Current worker pool is terminated.
[2026-05-29T19:52:22.486] [DEBUG] debug-file - env: nodejsVersion=v18.20.1
[2026-05-29T19:52:22.611] [DEBUG] debug-file - Hvigor init with startParameters:{
  hvigorfileTypeCheck: false,
  parallelExecution: true,
  incrementalExecution: true,
  printStackTrace: true,
  daemon: false,
  analyze: 0,
  logLevel: Level { level: 20000, levelStr: 'INFO', colour: 'green' },
  optimizationStrategy: 'memory',
  hotCompile: undefined,
  hotReloadBuild: undefined,
  customizedParam: undefined
}
[2026-05-29T19:52:23.089] [DEBUG] debug-file - hvigorfile, require result:  { default: { system: [Function: appTasks], plugins: [] } }
[2026-05-29T19:52:23.090] [DEBUG] debug-file - Starting plugin build process
[2026-05-29T19:52:23.159] [DEBUG] debug-file - App plugin register hook start...
[2026-05-29T19:52:22.486] [DEBUG] debug-file - env: hvigor-config.json5 content = { modelVersion: '6.1.0', dependencies: {} }
[2026-05-29T19:52:23.161] [DEBUG] debug-file - Obtain build option for product 'default'in this build.
[2026-05-29T19:52:23.160] [DEBUG] debug-file - Start initialize project's product build option map with build mode debug.
[2026-05-29T19:52:23.179] [DEBUG] debug-file - Create  resident worker with id: 0.
[2026-05-29T19:52:22.613] [DEBUG] debug-file - Cache service initialization finished in 2 ms 
[2026-05-29T19:52:23.089] [DEBUG] debug-file - hvigorfile, binding system plugins [Function: appTasks]
[2026-05-29T19:52:23.090] [DEBUG] debug-file - App plugin prepare start...
[2026-05-29T19:52:23.159] [DEBUG] debug-file - App plugin register hook end...
[2026-05-29T19:52:22.487] [DEBUG] debug-file - env: daemon=false
[2026-05-29T19:52:23.162] [DEBUG] debug-file - No signingConfig found, initRemoteHspCache failed.
[2026-05-29T19:52:23.160] [DEBUG] debug-file - Picking option from product 'default' with build mode 'debug'.
[2026-05-29T19:52:23.180] [DEBUG] debug-file - Create  resident worker with id: 1.
[2026-05-29T19:52:22.614] [DEBUG] debug-file - hvigorfile, resolving /Users/vita/Vitemis/Outposts/Kikaria-HarmonyOS/hvigorfile.ts
[2026-05-29T19:52:23.090] [DEBUG] debug-file - App plugin prepare end...
[2026-05-29T19:52:23.160] [DEBUG] debug-file - Plugin build process completed
[2026-05-29T19:52:22.487] [DEBUG] debug-file - no-daemon, use the parent process.execArgv --max-old-space-size=8192,--max-semi-space-size=16,--expose-gc,--enable-source-maps
[2026-05-29T19:52:23.163] [DEBUG] debug-file - Local scan or download HarmonyOS sdk components toolchains,ets,js,native,previewer
[2026-05-29T19:52:23.160] [DEBUG] debug-file - Product 'default' build option initialized
[2026-05-29T19:52:23.181] [DEBUG] debug-file - Current worker pool is stopped or closed.
[2026-05-29T19:52:23.090] [DEBUG] debug-file - App plugin creating...
[2026-05-29T19:52:23.172] [DEBUG] debug-file - hvigor build process will be closed with an error.
[2026-05-29T19:52:23.181] [DEBUG] debug-file - Clear worker 0.
[2026-05-29T19:52:23.160] [DEBUG] debug-file - End initialize project's product build option map with build mode 'debug'.
[2026-05-29T19:52:23.174] [ERROR] debug-file - [31m00303168 Configuration Error
Error Message: SDK component missing.

* Try the following:
  > Please verify the integrity of your SDK.
  > Please update the SDK at the download link below.
  > More info: https://developer.huawei.com/consumer/en/download
[39m

[31m* Try:
> Run with --debug option to get more log output.

[2026-05-29T19:52:23.181] [DEBUG] debug-file - Worker 0 has been cleared.
[2026-05-29T19:52:23.174] [ERROR] debug-file - AdaptorError: [31m00303168 Configuration Error
Error Message: SDK component missing.

* Try the following:
  > Please verify the integrity of your SDK.
  > Please update the SDK at the download link below.
  > More info: https://developer.huawei.com/consumer/en/download
[39m
    at OhosLogger.printErrorExit (/Applications/DevEco-Studio.app/Contents/tools/hvigor/hvigor/src/base/log/hvigor-log.js:1:5087)
    at HmosSdkLoader.getHmosSdkComponents (/Applications/DevEco-Studio.app/Contents/tools/hvigor/hvigor-ohos-plugin/src/sdk/hmos-sdk-loader.js:1:1895)
    at HosSdkInfo.setup (/Applications/DevEco-Studio.app/Contents/tools/hvigor/hvigor-ohos-plugin/src/sdk/info/hos-sdk-info.js:1:1537)
    at ProjectTaskService.setup (/Applications/DevEco-Studio.app/Contents/tools/hvigor/hvigor-ohos-plugin/src/tasks/service/project-task-service.js:1:2525)
    at ProjectImpl.<anonymous> (/Applications/DevEco-Studio.app/Contents/tools/hvigor/hvigor-ohos-plugin/src/plugin/builder/app-plugin-builder.js:1:2361)
    at ProjectImpl.executeAfterBindSystemPluginsHook (/Applications/DevEco-Studio.app/Contents/tools/hvigor/hvigor/src/base/internal/lifecycle/hvigor-node-impl/default-node-impl.js:1:5577)
    at evaluateNodeVigorFile (/Applications/DevEco-Studio.app/Contents/tools/hvigor/hvigor/src/base/internal/lifecycle/configuration.js:1:9221)
    at process.processTicksAndRejections (node:internal/process/task_queues:95:5)
    at async evalProject (/Applications/DevEco-Studio.app/Contents/tools/hvigor/hvigor/src/base/internal/lifecycle/configuration.js:1:3544)
    at async configuration (/Applications/DevEco-Studio.app/Contents/tools/hvigor/hvigor/src/base/internal/lifecycle/configuration.js:1:2288)
[2026-05-29T19:52:23.181] [DEBUG] debug-file - Current idle worker size: 1.
[2026-05-29T19:52:23.175] [ERROR] debug-file - BUILD FAILED in 567 ms 
[2026-05-29T19:52:23.181] [DEBUG] debug-file - Current busy worker size: 0.
[2026-05-29T19:52:23.179] [DEBUG] debug-file - Since there is no instance or instance is terminated, create a new worker pool.
[2026-05-29T19:52:23.181] [DEBUG] debug-file - Clear worker 1.
[2026-05-29T19:52:23.179] [DEBUG] debug-file - Worker pool is initialized with config:  {
  minPoolNum: 2,
  maxPoolNum: undefined,
  maxCoreSize: undefined,
  cacheCapacity: undefined,
  cacheTtl: undefined
}
[2026-05-29T19:52:23.181] [DEBUG] debug-file - Worker 1 has been cleared.
[2026-05-29T19:52:23.181] [DEBUG] debug-file - Current idle worker size: 0.
[2026-05-29T19:52:23.181] [DEBUG] debug-file - Current busy worker size: 0.
[2026-05-29T19:52:23.184] [DEBUG] debug-file - hvigor build process will be closed.
[2026-05-29T19:52:23.186] [DEBUG] debug-file - worker[0] exits with exit code 0.
[2026-05-29T19:52:23.186] [DEBUG] debug-file - worker[1] exits with exit code 0.
[2026-05-29T19:52:23.186] [DEBUG] debug-file - Current worker pool is terminated.
[2026-05-29T19:53:41.334] [DEBUG] debug-file - env: nodejsVersion=v18.20.1
[2026-05-29T19:53:41.448] [DEBUG] debug-file - Hvigor init with startParameters:{
  hvigorfileTypeCheck: false,
  parallelExecution: true,
  incrementalExecution: true,
  printStackTrace: false,
  daemon: false,
  analyze: 0,
  logLevel: Level { level: 10000, levelStr: 'DEBUG', colour: 'cyan' },
  optimizationStrategy: 'memory',
  hotCompile: undefined,
  hotReloadBuild: undefined,
  customizedParam: undefined
}
[2026-05-29T19:53:41.893] [DEBUG] debug-file - hvigorfile, require result:  { default: { system: [Function: appTasks], plugins: [] } }
[2026-05-29T19:53:41.894] [DEBUG] debug-file - Starting plugin build process
[2026-05-29T19:53:41.963] [DEBUG] debug-file - App plugin register hook start...
[2026-05-29T19:53:41.964] [DEBUG] debug-file - Start initialize project's product build option map with build mode debug.
[2026-05-29T19:53:41.965] [DEBUG] debug-file - Obtain build option for product 'default'in this build.
[2026-05-29T19:53:41.334] [DEBUG] debug-file - env: hvigor-config.json5 content = { modelVersion: '6.1.0', dependencies: {} }
[2026-05-29T19:53:41.992] [DEBUG] debug-file - Create  resident worker with id: 0.
[2026-05-29T19:53:41.449] [DEBUG] debug-file - Cache service initialization finished in 2 ms 
[2026-05-29T19:53:41.894] [DEBUG] debug-file - hvigorfile, binding system plugins [Function: appTasks]
[2026-05-29T19:53:41.894] [DEBUG] debug-file - App plugin prepare start...
[2026-05-29T19:53:41.964] [DEBUG] debug-file - Picking option from product 'default' with build mode 'debug'.
[2026-05-29T19:53:41.963] [DEBUG] debug-file - App plugin register hook end...
[2026-05-29T19:53:41.966] [DEBUG] debug-file - No signingConfig found, initRemoteHspCache failed.
[2026-05-29T19:53:41.335] [DEBUG] debug-file - env: daemon=false
[2026-05-29T19:53:41.993] [DEBUG] debug-file - Create  resident worker with id: 1.
[2026-05-29T19:53:41.450] [DEBUG] debug-file - hvigorfile, resolving /Users/vita/Vitemis/Outposts/Kikaria-HarmonyOS/hvigorfile.ts
[2026-05-29T19:53:41.894] [DEBUG] debug-file - App plugin prepare end...
[2026-05-29T19:53:41.964] [DEBUG] debug-file - Product 'default' build option initialized
[2026-05-29T19:53:41.963] [DEBUG] debug-file - Plugin build process completed
[2026-05-29T19:53:41.966] [DEBUG] debug-file - Local scan or download HarmonyOS sdk components toolchains,ets,js,native,previewer
[2026-05-29T19:53:41.335] [DEBUG] debug-file - no-daemon, use the parent process.execArgv --max-old-space-size=8192,--max-semi-space-size=16,--expose-gc
[2026-05-29T19:53:41.994] [DEBUG] debug-file - Current worker pool is stopped or closed.
[2026-05-29T19:53:41.894] [DEBUG] debug-file - App plugin creating...
[2026-05-29T19:53:41.964] [DEBUG] debug-file - End initialize project's product build option map with build mode 'debug'.
[2026-05-29T19:53:41.986] [DEBUG] debug-file - hvigor build process will be closed with an error.
[2026-05-29T19:53:41.994] [DEBUG] debug-file - Clear worker 0.
[2026-05-29T19:53:41.987] [ERROR] debug-file - [31m00303168 Configuration Error
Error Message: SDK component missing.

* Try the following:
  > Please verify the integrity of your SDK.
  > Please update the SDK at the download link below.
  > More info: https://developer.huawei.com/consumer/en/download
[39m

[31m* Try:
> Run with --stacktrace option to get the stack trace.

[2026-05-29T19:53:41.994] [DEBUG] debug-file - Worker 0 has been cleared.
[2026-05-29T19:53:41.987] [DEBUG] debug-file - ERROR: stacktrace = AdaptorError: [31m00303168 Configuration Error
Error Message: SDK component missing.

* Try the following:
  > Please verify the integrity of your SDK.
  > Please update the SDK at the download link below.
  > More info: https://developer.huawei.com/consumer/en/download
[39m
    at OhosLogger.printErrorExit (/Applications/DevEco-Studio.app/Contents/tools/hvigor/hvigor/src/base/log/hvigor-log.js:1:5087)
    at HmosSdkLoader.getHmosSdkComponents (/Applications/DevEco-Studio.app/Contents/tools/hvigor/hvigor-ohos-plugin/src/sdk/hmos-sdk-loader.js:1:1895)
    at HosSdkInfo.setup (/Applications/DevEco-Studio.app/Contents/tools/hvigor/hvigor-ohos-plugin/src/sdk/info/hos-sdk-info.js:1:1537)
    at ProjectTaskService.setup (/Applications/DevEco-Studio.app/Contents/tools/hvigor/hvigor-ohos-plugin/src/tasks/service/project-task-service.js:1:2525)
    at ProjectImpl.<anonymous> (/Applications/DevEco-Studio.app/Contents/tools/hvigor/hvigor-ohos-plugin/src/plugin/builder/app-plugin-builder.js:1:2361)
    at ProjectImpl.executeAfterBindSystemPluginsHook (/Applications/DevEco-Studio.app/Contents/tools/hvigor/hvigor/src/base/internal/lifecycle/hvigor-node-impl/default-node-impl.js:1:5577)
    at evaluateNodeVigorFile (/Applications/DevEco-Studio.app/Contents/tools/hvigor/hvigor/src/base/internal/lifecycle/configuration.js:1:9221)
    at process.processTicksAndRejections (node:internal/process/task_queues:95:5)
    at async evalProject (/Applications/DevEco-Studio.app/Contents/tools/hvigor/hvigor/src/base/internal/lifecycle/configuration.js:1:3544)
    at async configuration (/Applications/DevEco-Studio.app/Contents/tools/hvigor/hvigor/src/base/internal/lifecycle/configuration.js:1:2288)
[2026-05-29T19:53:41.994] [DEBUG] debug-file - Current idle worker size: 1.
[2026-05-29T19:53:41.987] [ERROR] debug-file - AdaptorError: [31m00303168 Configuration Error
Error Message: SDK component missing.

* Try the following:
  > Please verify the integrity of your SDK.
  > Please update the SDK at the download link below.
  > More info: https://developer.huawei.com/consumer/en/download
[39m
    at OhosLogger.printErrorExit (/Applications/DevEco-Studio.app/Contents/tools/hvigor/hvigor/src/base/log/hvigor-log.js:1:5087)
    at HmosSdkLoader.getHmosSdkComponents (/Applications/DevEco-Studio.app/Contents/tools/hvigor/hvigor-ohos-plugin/src/sdk/hmos-sdk-loader.js:1:1895)
    at HosSdkInfo.setup (/Applications/DevEco-Studio.app/Contents/tools/hvigor/hvigor-ohos-plugin/src/sdk/info/hos-sdk-info.js:1:1537)
    at ProjectTaskService.setup (/Applications/DevEco-Studio.app/Contents/tools/hvigor/hvigor-ohos-plugin/src/tasks/service/project-task-service.js:1:2525)
    at ProjectImpl.<anonymous> (/Applications/DevEco-Studio.app/Contents/tools/hvigor/hvigor-ohos-plugin/src/plugin/builder/app-plugin-builder.js:1:2361)
    at ProjectImpl.executeAfterBindSystemPluginsHook (/Applications/DevEco-Studio.app/Contents/tools/hvigor/hvigor/src/base/internal/lifecycle/hvigor-node-impl/default-node-impl.js:1:5577)
    at evaluateNodeVigorFile (/Applications/DevEco-Studio.app/Contents/tools/hvigor/hvigor/src/base/internal/lifecycle/configuration.js:1:9221)
    at process.processTicksAndRejections (node:internal/process/task_queues:95:5)
    at async evalProject (/Applications/DevEco-Studio.app/Contents/tools/hvigor/hvigor/src/base/internal/lifecycle/configuration.js:1:3544)
    at async configuration (/Applications/DevEco-Studio.app/Contents/tools/hvigor/hvigor/src/base/internal/lifecycle/configuration.js:1:2288)
[2026-05-29T19:53:41.994] [DEBUG] debug-file - Current busy worker size: 0.
[2026-05-29T19:53:41.988] [ERROR] debug-file - BUILD FAILED in 543 ms 
[2026-05-29T19:53:41.994] [DEBUG] debug-file - Clear worker 1.
[2026-05-29T19:53:41.992] [DEBUG] debug-file - Since there is no instance or instance is terminated, create a new worker pool.
[2026-05-29T19:53:41.994] [DEBUG] debug-file - Worker 1 has been cleared.
[2026-05-29T19:53:41.992] [DEBUG] debug-file - Worker pool is initialized with config:  {
  minPoolNum: 2,
  maxPoolNum: undefined,
  maxCoreSize: undefined,
  cacheCapacity: undefined,
  cacheTtl: undefined
}
[2026-05-29T19:53:41.994] [DEBUG] debug-file - Current idle worker size: 0.
[2026-05-29T19:53:41.994] [DEBUG] debug-file - Current busy worker size: 0.
[2026-05-29T19:53:41.997] [DEBUG] debug-file - hvigor build process will be closed.
[2026-05-29T19:53:41.999] [DEBUG] debug-file - worker[0] exits with exit code 0.
[2026-05-29T19:53:41.999] [DEBUG] debug-file - worker[1] exits with exit code 0.
[2026-05-29T19:53:41.999] [DEBUG] debug-file - Current worker pool is terminated.
[2026-05-29T19:53:47.583] [DEBUG] debug-file - env: nodejsVersion=v18.20.1
[2026-05-29T19:53:47.686] [DEBUG] debug-file - Hvigor init with startParameters:{
  hvigorfileTypeCheck: false,
  parallelExecution: true,
  incrementalExecution: true,
  printStackTrace: false,
  daemon: false,
  analyze: 0,
  logLevel: Level { level: 10000, levelStr: 'DEBUG', colour: 'cyan' },
  optimizationStrategy: 'memory',
  hotCompile: undefined,
  hotReloadBuild: undefined,
  customizedParam: undefined
}
[2026-05-29T19:53:48.063] [DEBUG] debug-file - hvigorfile, require result:  { default: { system: [Function: appTasks], plugins: [] } }
[2026-05-29T19:53:48.063] [DEBUG] debug-file - Starting plugin build process
[2026-05-29T19:53:48.131] [DEBUG] debug-file - App plugin register hook start...
[2026-05-29T19:53:48.131] [DEBUG] debug-file - Start initialize project's product build option map with build mode debug.
[2026-05-29T19:53:48.132] [DEBUG] debug-file - Obtain build option for product 'default'in this build.
[2026-05-29T19:53:47.583] [DEBUG] debug-file - env: hvigor-config.json5 content = { modelVersion: '6.1.0', dependencies: {} }
[2026-05-29T19:53:48.161] [DEBUG] debug-file - Create  resident worker with id: 0.
[2026-05-29T19:53:47.687] [DEBUG] debug-file - Cache service initialization finished in 2 ms 
[2026-05-29T19:53:48.063] [DEBUG] debug-file - hvigorfile, binding system plugins [Function: appTasks]
[2026-05-29T19:53:48.063] [DEBUG] debug-file - App plugin prepare start...
[2026-05-29T19:53:48.131] [DEBUG] debug-file - App plugin register hook end...
[2026-05-29T19:53:48.131] [DEBUG] debug-file - Picking option from product 'default' with build mode 'debug'.
[2026-05-29T19:53:47.584] [DEBUG] debug-file - env: daemon=false
[2026-05-29T19:53:48.133] [DEBUG] debug-file - No signingConfig found, initRemoteHspCache failed.
[2026-05-29T19:53:48.161] [DEBUG] debug-file - Create  resident worker with id: 1.
[2026-05-29T19:53:47.688] [DEBUG] debug-file - hvigorfile, resolving /Users/vita/Vitemis/Outposts/Kikaria-HarmonyOS/hvigorfile.ts
[2026-05-29T19:53:48.063] [DEBUG] debug-file - App plugin prepare end...
[2026-05-29T19:53:48.131] [DEBUG] debug-file - Plugin build process completed
[2026-05-29T19:53:48.131] [DEBUG] debug-file - Product 'default' build option initialized
[2026-05-29T19:53:47.584] [DEBUG] debug-file - no-daemon, use the parent process.execArgv --max-old-space-size=8192,--max-semi-space-size=16,--expose-gc
[2026-05-29T19:53:48.133] [DEBUG] debug-file - Local scan or download HarmonyOS sdk components toolchains,ets,js,native,previewer
[2026-05-29T19:53:48.162] [DEBUG] debug-file - Current worker pool is stopped or closed.
[2026-05-29T19:53:48.063] [DEBUG] debug-file - App plugin creating...
[2026-05-29T19:53:48.131] [DEBUG] debug-file - End initialize project's product build option map with build mode 'debug'.
[2026-05-29T19:53:48.153] [DEBUG] debug-file - hvigor build process will be closed with an error.
[2026-05-29T19:53:48.162] [DEBUG] debug-file - Clear worker 0.
[2026-05-29T19:53:48.154] [ERROR] debug-file - [31m00303168 Configuration Error
Error Message: SDK component missing.

* Try the following:
  > Please verify the integrity of your SDK.
  > Please update the SDK at the download link below.
  > More info: https://developer.huawei.com/consumer/en/download
[39m

[31m* Try:
> Run with --stacktrace option to get the stack trace.

[2026-05-29T19:53:48.162] [DEBUG] debug-file - Worker 0 has been cleared.
[2026-05-29T19:53:48.154] [DEBUG] debug-file - ERROR: stacktrace = AdaptorError: [31m00303168 Configuration Error
Error Message: SDK component missing.

* Try the following:
  > Please verify the integrity of your SDK.
  > Please update the SDK at the download link below.
  > More info: https://developer.huawei.com/consumer/en/download
[39m
    at OhosLogger.printErrorExit (/Applications/DevEco-Studio.app/Contents/tools/hvigor/hvigor/src/base/log/hvigor-log.js:1:5087)
    at HmosSdkLoader.getHmosSdkComponents (/Applications/DevEco-Studio.app/Contents/tools/hvigor/hvigor-ohos-plugin/src/sdk/hmos-sdk-loader.js:1:1895)
    at HosSdkInfo.setup (/Applications/DevEco-Studio.app/Contents/tools/hvigor/hvigor-ohos-plugin/src/sdk/info/hos-sdk-info.js:1:1537)
    at ProjectTaskService.setup (/Applications/DevEco-Studio.app/Contents/tools/hvigor/hvigor-ohos-plugin/src/tasks/service/project-task-service.js:1:2525)
    at ProjectImpl.<anonymous> (/Applications/DevEco-Studio.app/Contents/tools/hvigor/hvigor-ohos-plugin/src/plugin/builder/app-plugin-builder.js:1:2361)
    at ProjectImpl.executeAfterBindSystemPluginsHook (/Applications/DevEco-Studio.app/Contents/tools/hvigor/hvigor/src/base/internal/lifecycle/hvigor-node-impl/default-node-impl.js:1:5577)
    at evaluateNodeVigorFile (/Applications/DevEco-Studio.app/Contents/tools/hvigor/hvigor/src/base/internal/lifecycle/configuration.js:1:9221)
    at process.processTicksAndRejections (node:internal/process/task_queues:95:5)
    at async evalProject (/Applications/DevEco-Studio.app/Contents/tools/hvigor/hvigor/src/base/internal/lifecycle/configuration.js:1:3544)
    at async configuration (/Applications/DevEco-Studio.app/Contents/tools/hvigor/hvigor/src/base/internal/lifecycle/configuration.js:1:2288)
[2026-05-29T19:53:48.162] [DEBUG] debug-file - Current idle worker size: 1.
[2026-05-29T19:53:48.154] [ERROR] debug-file - AdaptorError: [31m00303168 Configuration Error
Error Message: SDK component missing.

* Try the following:
  > Please verify the integrity of your SDK.
  > Please update the SDK at the download link below.
  > More info: https://developer.huawei.com/consumer/en/download
[39m
    at OhosLogger.printErrorExit (/Applications/DevEco-Studio.app/Contents/tools/hvigor/hvigor/src/base/log/hvigor-log.js:1:5087)
    at HmosSdkLoader.getHmosSdkComponents (/Applications/DevEco-Studio.app/Contents/tools/hvigor/hvigor-ohos-plugin/src/sdk/hmos-sdk-loader.js:1:1895)
    at HosSdkInfo.setup (/Applications/DevEco-Studio.app/Contents/tools/hvigor/hvigor-ohos-plugin/src/sdk/info/hos-sdk-info.js:1:1537)
    at ProjectTaskService.setup (/Applications/DevEco-Studio.app/Contents/tools/hvigor/hvigor-ohos-plugin/src/tasks/service/project-task-service.js:1:2525)
    at ProjectImpl.<anonymous> (/Applications/DevEco-Studio.app/Contents/tools/hvigor/hvigor-ohos-plugin/src/plugin/builder/app-plugin-builder.js:1:2361)
    at ProjectImpl.executeAfterBindSystemPluginsHook (/Applications/DevEco-Studio.app/Contents/tools/hvigor/hvigor/src/base/internal/lifecycle/hvigor-node-impl/default-node-impl.js:1:5577)
    at evaluateNodeVigorFile (/Applications/DevEco-Studio.app/Contents/tools/hvigor/hvigor/src/base/internal/lifecycle/configuration.js:1:9221)
    at process.processTicksAndRejections (node:internal/process/task_queues:95:5)
    at async evalProject (/Applications/DevEco-Studio.app/Contents/tools/hvigor/hvigor/src/base/internal/lifecycle/configuration.js:1:3544)
    at async configuration (/Applications/DevEco-Studio.app/Contents/tools/hvigor/hvigor/src/base/internal/lifecycle/configuration.js:1:2288)
[2026-05-29T19:53:48.162] [DEBUG] debug-file - Current busy worker size: 0.
[2026-05-29T19:53:48.155] [ERROR] debug-file - BUILD FAILED in 471 ms 
[2026-05-29T19:53:48.162] [DEBUG] debug-file - Clear worker 1.
[2026-05-29T19:53:48.160] [DEBUG] debug-file - Since there is no instance or instance is terminated, create a new worker pool.
[2026-05-29T19:53:48.162] [DEBUG] debug-file - Worker 1 has been cleared.
[2026-05-29T19:53:48.160] [DEBUG] debug-file - Worker pool is initialized with config:  {
  minPoolNum: 2,
  maxPoolNum: undefined,
  maxCoreSize: undefined,
  cacheCapacity: undefined,
  cacheTtl: undefined
}
[2026-05-29T19:53:48.162] [DEBUG] debug-file - Current idle worker size: 0.
[2026-05-29T19:53:48.162] [DEBUG] debug-file - Current busy worker size: 0.
[2026-05-29T19:53:48.165] [DEBUG] debug-file - hvigor build process will be closed.
[2026-05-29T19:53:48.166] [DEBUG] debug-file - worker[0] exits with exit code 0.
[2026-05-29T19:53:48.167] [DEBUG] debug-file - worker[1] exits with exit code 0.
[2026-05-29T19:53:48.167] [DEBUG] debug-file - Current worker pool is terminated.
[2026-05-29T20:33:05.096] [DEBUG] debug-file - session manager: send message to worker process.
[2026-05-29T20:33:05.097] [DEBUG] debug-file - session manager: send message to worker process.
[2026-05-29T20:33:05.217] [DEBUG] debug-file - bad codeSnippet [object Object]
[2026-05-29T20:33:05.241] [DEBUG] debug-file - watch worker: worker is ready to be terminated.
[2026-05-29T20:33:05.243] [DEBUG] debug-file - Server currently has 0 watch-worker
[2026-05-30T12:10:08.137] [DEBUG] debug-file - env: nodejsVersion=v18.20.1
[2026-05-30T12:10:08.144] [DEBUG] debug-file - env: daemon=true
[2026-05-30T12:10:08.137] [DEBUG] debug-file - env: hvigor-config.json5 content = { modelVersion: '6.1.0', dependencies: {} }
[2026-05-30T12:10:08.313] [DEBUG] debug-file - java daemon tryConnect failed Error: connect ECONNREFUSED 127.0.0.1:45051
[2026-05-30T12:10:08.314] [DEBUG] debug-file - java daemon started at port 45050 pid 29919
[2026-05-30T12:10:08.331] [DEBUG] debug-file - session manager: set active socket. socketId=woB9evl-FaDETuH9AAAB
[2026-05-30T12:10:08.361] [DEBUG] debug-file - javaProcess on stderr
[2026-05-30T12:10:08.362] [DEBUG] debug-file - javaProcess on stderr
[2026-05-30T12:10:08.362] [DEBUG] debug-file - java daemon started at port 45051 pid 29921
[2026-05-30T12:10:08.362] [DEBUG] debug-file - javaProcess on stderr
[2026-05-30T12:10:08.365] [DEBUG] debug-file - java daemon exit code:0 signal:null
[2026-05-30T12:10:08.491] [DEBUG] debug-file - watch worker: worker id should be larger than 0. Nothing will be sent to any worker thread.
[2026-05-30T12:10:08.492] [DEBUG] debug-file - Since there is no instance or instance is terminated, create a new worker pool.
[2026-05-30T12:10:08.492] [DEBUG] debug-file - Worker pool is initialized with config:  {
  minPoolNum: 2,
  maxPoolNum: undefined,
  maxCoreSize: undefined,
  cacheCapacity: undefined,
  cacheTtl: undefined
}
[2026-05-30T12:10:08.493] [DEBUG] debug-file - Create  resident worker with id: 0.
[2026-05-30T12:10:08.493] [DEBUG] debug-file - Create  resident worker with id: 1.
[2026-05-30T12:10:08.494] [DEBUG] debug-file - Workers' log level updated to INFO
[2026-05-30T12:10:08.496] [DEBUG] debug-file - Hvigor init with startParameters:{
  hvigorfileTypeCheck: false,
  parallelExecution: true,
  incrementalExecution: true,
  printStackTrace: false,
  daemon: true,
  analyze: 0,
  logLevel: Level { level: 20000, levelStr: 'INFO', colour: 'green' },
  optimizationStrategy: 'memory',
  hotCompile: undefined,
  hotReloadBuild: undefined,
  customizedParam: undefined
}
[2026-05-30T12:10:08.498] [DEBUG] debug-file - Cache service initialization finished in 2 ms 
[2026-05-30T12:10:08.498] [DEBUG] debug-file - hvigorfile, resolving /Users/vita/Vitemis/Outposts/Kikaria-HarmonyOS/hvigorfile.ts
[2026-05-30T12:10:09.135] [DEBUG] debug-file - hvigorfile, require result:  { default: { plugins: [] } }
[2026-05-30T12:10:09.135] [DEBUG] debug-file - hvigorfile, binding system plugins null
[2026-05-30T12:10:09.136] [DEBUG] debug-file - Starting plugin build process
[2026-05-30T12:10:09.136] [DEBUG] debug-file - App plugin prepare start...
[2026-05-30T12:10:09.136] [DEBUG] debug-file - App plugin prepare end...
[2026-05-30T12:10:09.136] [DEBUG] debug-file - App plugin creating...
[2026-05-30T12:10:09.199] [DEBUG] debug-file - App plugin register hook start...
[2026-05-30T12:10:09.199] [DEBUG] debug-file - App plugin register hook end...
[2026-05-30T12:10:09.199] [DEBUG] debug-file - Plugin build process completed
[2026-05-30T12:10:09.199] [DEBUG] debug-file - Start initialize project's product build option map with build mode debug.
[2026-05-30T12:10:09.199] [DEBUG] debug-file - Picking option from product 'default' with build mode 'debug'.
[2026-05-30T12:10:09.199] [DEBUG] debug-file - Product 'default' build option initialized
[2026-05-30T12:10:09.199] [DEBUG] debug-file - End initialize project's product build option map with build mode 'debug'.
[2026-05-30T12:10:09.200] [DEBUG] debug-file - Obtain build option for product 'default'in this build.
[2026-05-30T12:10:09.200] [DEBUG] debug-file - No signingConfig found, initRemoteHspCache failed.
[2026-05-30T12:10:09.201] [DEBUG] debug-file - Local scan or download HarmonyOS sdk components toolchains,ets,js,native,previewer
[2026-05-30T12:10:09.202] [DEBUG] debug-file - Local scan or download hmscore sdk components toolchains,ets,native
[2026-05-30T12:10:09.202] [DEBUG] debug-file - Start recording SDK configuration permission data.
[2026-05-30T12:10:09.216] [DEBUG] debug-file - Sdk init in 16 ms 
[2026-05-30T12:10:09.218] [DEBUG] debug-file - Project task initialization takes 2 ms 
[2026-05-30T12:10:09.218] [DEBUG] debug-file - hvigorfile, begin to bind custom plugins...
[2026-05-30T12:10:09.218] [DEBUG] debug-file - hvigorfile, no custom plugins were found in /Users/vita/Vitemis/Outposts/Kikaria-HarmonyOS/hvigorfile.ts
[2026-05-30T12:10:09.218] [DEBUG] debug-file - hvigorfile, resolve finished /Users/vita/Vitemis/Outposts/Kikaria-HarmonyOS/hvigorfile.ts
[2026-05-30T12:10:09.218] [DEBUG] debug-file - hvigorfile, resolving /Users/vita/Vitemis/Outposts/Kikaria-HarmonyOS/entry/hvigorfile.ts
[2026-05-30T12:10:09.221] [DEBUG] debug-file - hvigorfile, require result:  { default: { plugins: [] } }
[2026-05-30T12:10:09.221] [DEBUG] debug-file - hvigorfile, binding system plugins null
[2026-05-30T12:10:09.221] [DEBUG] debug-file - Starting plugin build process
[2026-05-30T12:10:09.221] [DEBUG] debug-file - Hap plugin creating...
[2026-05-30T12:10:09.221] [DEBUG] debug-file - failed to load cangjie to dynamically generate schemas: Error: Cannot find module '@ohos/cangjie-build-support/index'
Require stack:
- /Applications/DevEco-Studio.app/Contents/tools/hvigor/hvigor-ohos-plugin/src/plugin/hooks/cangjie-register.js
- /Applications/DevEco-Studio.app/Contents/tools/hvigor/hvigor-ohos-plugin/src/plugin/strategy/stage-init-strategy.js
- /Applications/DevEco-Studio.app/Contents/tools/hvigor/hvigor-ohos-plugin/src/plugin/builder/abstract-plugin-builder.js
- /Applications/DevEco-Studio.app/Contents/tools/hvigor/hvigor-ohos-plugin/src/plugin/builder/app-plugin-builder.js
- /Applications/DevEco-Studio.app/Contents/tools/hvigor/hvigor-ohos-plugin/src/plugin/factory/plugin-factory.js
- /Applications/DevEco-Studio.app/Contents/tools/hvigor/hvigor-ohos-plugin/index.js
- /Users/vita/Vitemis/Outposts/Kikaria-HarmonyOS/hvigorfile.ts
- /Applications/DevEco-Studio.app/Contents/tools/hvigor/hvigor/src/base/internal/lifecycle/configuration.js
- /Applications/DevEco-Studio.app/Contents/tools/hvigor/hvigor/src/base/boot/index.js
- /Applications/DevEco-Studio.app/Contents/tools/hvigor/hvigor/src/base/daemon/cluster/worker-process-lifecycle.js
- /Applications/DevEco-Studio.app/Contents/tools/hvigor/hvigor/src/base/daemon/process/daemon-process-boot-script.js
[2026-05-30T12:10:09.226] [DEBUG] debug-file - Start initialize module-target build option map, moduleName=entry, buildMode=debug
[2026-05-30T12:10:09.226] [DEBUG] debug-file - Target 'default' config initialized
[2026-05-30T12:10:09.226] [DEBUG] debug-file - Module 'entry' target 'default' build option initialized
[2026-05-30T12:10:09.226] [DEBUG] debug-file - End initialize module-target build option map, moduleName=entry
[2026-05-30T12:10:09.226] [DEBUG] debug-file - Start initialize module-target build option map, moduleName=entry, buildMode=release
[2026-05-30T12:10:09.226] [DEBUG] debug-file - Target 'default' config initialized
[2026-05-30T12:10:09.227] [DEBUG] debug-file - Module 'entry' target 'default' build option initialized
[2026-05-30T12:10:09.227] [DEBUG] debug-file - End initialize module-target build option map, moduleName=entry
[2026-05-30T12:10:09.227] [DEBUG] debug-file - Start initialize module-target build option map, moduleName=entry, buildMode=debug
[2026-05-30T12:10:09.227] [DEBUG] debug-file - Target 'default' config initialized
[2026-05-30T12:10:09.227] [DEBUG] debug-file - Module 'entry' target 'default' build option initialized
[2026-05-30T12:10:09.227] [DEBUG] debug-file - End initialize module-target build option map, moduleName=entry
[2026-05-30T12:10:09.227] [DEBUG] debug-file - Obtain build option for module 'entry' target 'default'in this build.
[2026-05-30T12:10:09.229] [DEBUG] debug-file - Module entry task initialization takes 2 ms 
[2026-05-30T12:10:09.229] [DEBUG] debug-file - Hap plugin register hook start...
[2026-05-30T12:10:09.229] [DEBUG] debug-file - Hap plugin register hook end...
[2026-05-30T12:10:09.229] [DEBUG] debug-file - Plugin build process completed
[2026-05-30T12:10:09.229] [DEBUG] debug-file - hvigorfile, begin to bind custom plugins...
[2026-05-30T12:10:09.229] [DEBUG] debug-file - hvigorfile, no custom plugins were found in /Users/vita/Vitemis/Outposts/Kikaria-HarmonyOS/entry/hvigorfile.ts
[2026-05-30T12:10:09.229] [DEBUG] debug-file - hvigorfile, resolve finished /Users/vita/Vitemis/Outposts/Kikaria-HarmonyOS/entry/hvigorfile.ts
[2026-05-30T12:10:09.256] [DEBUG] debug-file - hvigorfile, resolve hvigorfile dependencies in 28 ms 
[2026-05-30T12:10:09.256] [DEBUG] debug-file - project has submodules:entry
[2026-05-30T12:10:09.257] [DEBUG] debug-file - start to load updatedOhPackageInfo to the disk
[2026-05-30T12:10:09.258] [DEBUG] debug-file - load to the disk finished
[2026-05-30T12:10:09.258] [DEBUG] debug-file - Start to initialize dependency information.
[2026-05-30T12:10:09.259] [DEBUG] debug-file - Module Kikaria-HarmonyOS Collected Dependency: 
[2026-05-30T12:10:09.259] [DEBUG] debug-file - Module Kikaria-HarmonyOS's total dependency: 0
[2026-05-30T12:10:09.259] [DEBUG] debug-file - Start to initialize dependency information.
[2026-05-30T12:10:09.260] [DEBUG] debug-file - Module entry Collected Dependency: 
[2026-05-30T12:10:09.260] [DEBUG] debug-file - Module entry's total dependency: 0
[2026-05-30T12:10:09.261] [DEBUG] debug-file - Configuration phase cost:763 ms 
[2026-05-30T12:10:09.261] [DEBUG] debug-file - Configuration task cost before running: 768 ms 
[2026-05-30T12:10:09.261] [DEBUG] debug-file - Executing task :entry:init
[2026-05-30T12:10:09.262] [DEBUG] debug-file - entry : init cost memory 0.0165252685546875
[2026-05-30T12:10:09.262] [DEBUG] debug-file - runTaskFromQueue task cost before running: 768 ms 
[2026-05-30T12:10:09.262] [INFO] debug-file - Finished :entry:init... after 1 ms 
[2026-05-30T12:10:09.262] [DEBUG] debug-file - Executing task ::init
[2026-05-30T12:10:09.262] [DEBUG] debug-file - Kikaria-HarmonyOS : init cost memory 0.014190673828125
[2026-05-30T12:10:09.262] [DEBUG] debug-file - runTaskFromQueue task cost before running: 768 ms 
[2026-05-30T12:10:09.262] [INFO] debug-file - Finished ::init... after 1 ms 
[2026-05-30T12:10:09.262] [DEBUG] debug-file - Obtain build option for module 'entry' target 'default'in this build.
[2026-05-30T12:10:09.264] [DEBUG] debug-file - Cleanup worker 0.
[2026-05-30T12:10:09.264] [DEBUG] debug-file - Worker 0 has been cleaned up.
[2026-05-30T12:10:09.264] [DEBUG] debug-file - Current idle worker size: 1.
[2026-05-30T12:10:09.264] [DEBUG] debug-file - Current resident worker size: 2.
[2026-05-30T12:10:09.264] [DEBUG] debug-file - Cleanup worker 1.
[2026-05-30T12:10:09.264] [DEBUG] debug-file - Worker 1 has been cleaned up.
[2026-05-30T12:10:09.264] [DEBUG] debug-file - Current idle worker size: 0.
[2026-05-30T12:10:09.264] [DEBUG] debug-file - Current resident worker size: 2.
[2026-05-30T12:10:09.264] [DEBUG] debug-file - hvigor build process will be closed.
[2026-05-30T12:10:09.312] [DEBUG] debug-file - worker[0] exits with exit code 1.
[2026-05-30T12:10:09.312] [DEBUG] debug-file - worker[1] exits with exit code 1.
[2026-05-30T12:10:09.320] [DEBUG] debug-file - session manager: send message to worker process.
[2026-05-30T12:10:09.320] [DEBUG] debug-file - session manager: send message to worker process.
[2026-05-30T12:10:09.320] [DEBUG] debug-file - watch worker: worker id should be larger than 0. Nothing will be sent to any worker thread.
[2026-05-30T12:10:09.320] [DEBUG] debug-file - watch worker: worker id should be larger than 0. Nothing will be sent to any worker thread.
[2026-05-30T12:10:56.209] [DEBUG] debug-file - session manager: set active socket. socketId=GNbFcPCsUjUVcVWQAAAD
[2026-05-30T12:10:56.214] [DEBUG] debug-file - watch worker: worker id should be larger than 0. Nothing will be sent to any worker thread.
[2026-05-30T12:10:56.218] [DEBUG] debug-file - Workers' log level updated to INFO
[2026-05-30T12:10:56.220] [DEBUG] debug-file - Hvigor init with startParameters:{
  hvigorfileTypeCheck: false,
  parallelExecution: true,
  incrementalExecution: true,
  printStackTrace: false,
  daemon: true,
  analyze: 0,
  logLevel: Level { level: 20000, levelStr: 'INFO', colour: 'green' },
  optimizationStrategy: 'memory',
  hotCompile: undefined,
  hotReloadBuild: undefined,
  customizedParam: undefined
}
[2026-05-30T12:10:56.221] [DEBUG] debug-file - Cache service initialization finished in 2 ms 
[2026-05-30T12:10:56.222] [DEBUG] debug-file - hvigorfile, resolving /Users/vita/Vitemis/Outposts/Kikaria-HarmonyOS/hvigorfile.ts
[2026-05-30T12:10:56.233] [DEBUG] debug-file - hvigorfile, require result:  { default: { plugins: [] } }
[2026-05-30T12:10:56.233] [DEBUG] debug-file - hvigorfile, binding system plugins null
[2026-05-30T12:10:56.233] [DEBUG] debug-file - Starting plugin build process
[2026-05-30T12:10:56.233] [DEBUG] debug-file - App plugin prepare start...
[2026-05-30T12:10:56.234] [DEBUG] debug-file - App plugin prepare end...
[2026-05-30T12:10:56.234] [DEBUG] debug-file - App plugin creating...
[2026-05-30T12:10:56.239] [DEBUG] debug-file - App plugin register hook start...
[2026-05-30T12:10:56.239] [DEBUG] debug-file - App plugin register hook end...
[2026-05-30T12:10:56.239] [DEBUG] debug-file - Plugin build process completed
[2026-05-30T12:10:56.239] [DEBUG] debug-file - Start initialize project's product build option map with build mode debug.
[2026-05-30T12:10:56.239] [DEBUG] debug-file - Picking option from product 'default' with build mode 'debug'.
[2026-05-30T12:10:56.239] [DEBUG] debug-file - Product 'default' build option initialized
[2026-05-30T12:10:56.240] [DEBUG] debug-file - End initialize project's product build option map with build mode 'debug'.
[2026-05-30T12:10:56.240] [DEBUG] debug-file - Obtain build option for product 'default'in this build.
[2026-05-30T12:10:56.240] [DEBUG] debug-file - No signingConfig found, initRemoteHspCache failed.
[2026-05-30T12:10:56.242] [DEBUG] debug-file - Start recording SDK configuration permission data.
[2026-05-30T12:10:56.254] [DEBUG] debug-file - Sdk init in 14 ms 
[2026-05-30T12:10:56.256] [DEBUG] debug-file - Project task initialization takes 2 ms 
[2026-05-30T12:10:56.256] [DEBUG] debug-file - hvigorfile, begin to bind custom plugins...
[2026-05-30T12:10:56.256] [DEBUG] debug-file - hvigorfile, no custom plugins were found in /Users/vita/Vitemis/Outposts/Kikaria-HarmonyOS/hvigorfile.ts
[2026-05-30T12:10:56.256] [DEBUG] debug-file - hvigorfile, resolve finished /Users/vita/Vitemis/Outposts/Kikaria-HarmonyOS/hvigorfile.ts
[2026-05-30T12:10:56.256] [DEBUG] debug-file - hvigorfile, resolving /Users/vita/Vitemis/Outposts/Kikaria-HarmonyOS/entry/hvigorfile.ts
[2026-05-30T12:10:56.259] [DEBUG] debug-file - hvigorfile, require result:  { default: { plugins: [] } }
[2026-05-30T12:10:56.259] [DEBUG] debug-file - hvigorfile, binding system plugins null
[2026-05-30T12:10:56.259] [DEBUG] debug-file - Starting plugin build process
[2026-05-30T12:10:56.259] [DEBUG] debug-file - Hap plugin creating...
[2026-05-30T12:10:56.259] [DEBUG] debug-file - failed to load cangjie to dynamically generate schemas: Error: Cannot find module '@ohos/cangjie-build-support/index'
Require stack:
- /Applications/DevEco-Studio.app/Contents/tools/hvigor/hvigor-ohos-plugin/src/plugin/hooks/cangjie-register.js
- /Applications/DevEco-Studio.app/Contents/tools/hvigor/hvigor-ohos-plugin/src/plugin/strategy/stage-init-strategy.js
- /Applications/DevEco-Studio.app/Contents/tools/hvigor/hvigor-ohos-plugin/src/plugin/builder/abstract-plugin-builder.js
- /Applications/DevEco-Studio.app/Contents/tools/hvigor/hvigor-ohos-plugin/src/plugin/builder/app-plugin-builder.js
- /Applications/DevEco-Studio.app/Contents/tools/hvigor/hvigor-ohos-plugin/src/plugin/factory/plugin-factory.js
- /Applications/DevEco-Studio.app/Contents/tools/hvigor/hvigor-ohos-plugin/index.js
- /Users/vita/Vitemis/Outposts/Kikaria-HarmonyOS/hvigorfile.ts
- /Applications/DevEco-Studio.app/Contents/tools/hvigor/hvigor/src/base/internal/lifecycle/configuration.js
- /Applications/DevEco-Studio.app/Contents/tools/hvigor/hvigor/src/base/boot/index.js
- /Applications/DevEco-Studio.app/Contents/tools/hvigor/hvigor/src/base/daemon/cluster/worker-process-lifecycle.js
- /Applications/DevEco-Studio.app/Contents/tools/hvigor/hvigor/src/base/daemon/process/daemon-process-boot-script.js
[2026-05-30T12:10:56.260] [DEBUG] debug-file - Start initialize module-target build option map, moduleName=entry, buildMode=debug
[2026-05-30T12:10:56.260] [DEBUG] debug-file - Target 'default' config initialized
[2026-05-30T12:10:56.260] [DEBUG] debug-file - Module 'entry' target 'default' build option initialized
[2026-05-30T12:10:56.260] [DEBUG] debug-file - End initialize module-target build option map, moduleName=entry
[2026-05-30T12:10:56.260] [DEBUG] debug-file - Start initialize module-target build option map, moduleName=entry, buildMode=release
[2026-05-30T12:10:56.260] [DEBUG] debug-file - Target 'default' config initialized
[2026-05-30T12:10:56.260] [DEBUG] debug-file - Module 'entry' target 'default' build option initialized
[2026-05-30T12:10:56.260] [DEBUG] debug-file - End initialize module-target build option map, moduleName=entry
[2026-05-30T12:10:56.261] [DEBUG] debug-file - Start initialize module-target build option map, moduleName=entry, buildMode=debug
[2026-05-30T12:10:56.261] [DEBUG] debug-file - Target 'default' config initialized
[2026-05-30T12:10:56.261] [DEBUG] debug-file - Module 'entry' target 'default' build option initialized
[2026-05-30T12:10:56.261] [DEBUG] debug-file - End initialize module-target build option map, moduleName=entry
[2026-05-30T12:10:56.261] [DEBUG] debug-file - Obtain build option for module 'entry' target 'default'in this build.
[2026-05-30T12:10:56.262] [DEBUG] debug-file - Module entry task initialization takes 1 ms 
[2026-05-30T12:10:56.262] [DEBUG] debug-file - Hap plugin register hook start...
[2026-05-30T12:10:56.262] [DEBUG] debug-file - Hap plugin register hook end...
[2026-05-30T12:10:56.262] [DEBUG] debug-file - Plugin build process completed
[2026-05-30T12:10:56.262] [DEBUG] debug-file - hvigorfile, begin to bind custom plugins...
[2026-05-30T12:10:56.262] [DEBUG] debug-file - hvigorfile, no custom plugins were found in /Users/vita/Vitemis/Outposts/Kikaria-HarmonyOS/entry/hvigorfile.ts
[2026-05-30T12:10:56.262] [DEBUG] debug-file - hvigorfile, resolve finished /Users/vita/Vitemis/Outposts/Kikaria-HarmonyOS/entry/hvigorfile.ts
[2026-05-30T12:10:56.302] [DEBUG] debug-file - hvigorfile, resolve hvigorfile dependencies in 40 ms 
[2026-05-30T12:10:56.302] [DEBUG] debug-file - project has submodules:entry
[2026-05-30T12:10:56.303] [DEBUG] debug-file - start to load updatedOhPackageInfo to the disk
[2026-05-30T12:10:56.304] [DEBUG] debug-file - load to the disk finished
[2026-05-30T12:10:56.304] [DEBUG] debug-file - Start to initialize dependency information.
[2026-05-30T12:10:56.304] [DEBUG] debug-file - Module Kikaria-HarmonyOS Collected Dependency: 
[2026-05-30T12:10:56.304] [DEBUG] debug-file - Module Kikaria-HarmonyOS's total dependency: 0
[2026-05-30T12:10:56.305] [DEBUG] debug-file - Start to initialize dependency information.
[2026-05-30T12:10:56.305] [DEBUG] debug-file - Module entry Collected Dependency: 
[2026-05-30T12:10:56.305] [DEBUG] debug-file - Module entry's total dependency: 0
[2026-05-30T12:10:56.306] [DEBUG] debug-file - Configuration phase cost:85 ms 
[2026-05-30T12:10:56.306] [DEBUG] debug-file - Configuration task cost before running: 88 ms 
[2026-05-30T12:10:56.309] [DEBUG] debug-file - Executing task :entry:default@PreBuild
[2026-05-30T12:10:56.310] [DEBUG] debug-file - Task 'entry:default@PreBuild' cost while wrapping incremental declarations: 1 ms 
[2026-05-30T12:10:56.312] [DEBUG] debug-file - entry:default@PreBuild is not up-to-date, since the input file '/Users/vita/Vitemis/Outposts/Kikaria-HarmonyOS/build-profile.json5' has been changed.
[2026-05-30T12:10:56.312] [DEBUG] debug-file - Incremental task entry:default@PreBuild pre-execution cost: 2 ms .
[2026-05-30T12:10:56.462] [DEBUG] debug-file - current product is not Atomic service.
[2026-05-30T12:10:56.463] [DEBUG] debug-file - Use tool [darwin: JAVA_HOME, CLASSPATH]
 [
  {
    JAVA_HOME: '/Applications/DevEco-Studio.app/Contents/jbr/Contents/Home'
  },
  { CLASSPATH: undefined }
]
[2026-05-30T12:10:56.463] [DEBUG] debug-file - Use tool [darwin: NODE_HOME]
 [
  {
    NODE_HOME: '/Applications/DevEco-Studio.app/Contents/tools/node/bin'
  }
]
[2026-05-30T12:10:56.463] [DEBUG] debug-file - entry : default@PreBuild cost memory 3.0134658813476562
[2026-05-30T12:10:56.463] [DEBUG] debug-file - runTaskFromQueue task cost before running: 245 ms 
[2026-05-30T12:10:56.464] [INFO] debug-file - Finished :entry:default@PreBuild... after 155 ms 
[2026-05-30T12:10:56.464] [DEBUG] debug-file - Executing task :entry:default@CreateModuleInfo
[2026-05-30T12:10:56.465] [DEBUG] debug-file - Task 'entry:default@CreateModuleInfo' cost while wrapping incremental declarations: 1 ms 
[2026-05-30T12:10:56.465] [DEBUG] debug-file - entry : default@CreateModuleInfo cost memory 0.05258941650390625
[2026-05-30T12:10:56.465] [DEBUG] debug-file - runTaskFromQueue task cost before running: 247 ms 
[2026-05-30T12:10:56.465] [INFO] debug-file - Finished :entry:default@CreateModuleInfo... after 1 ms 
[2026-05-30T12:10:56.465] [DEBUG] debug-file - Executing task :entry:default@MergeProfile
[2026-05-30T12:10:56.465] [DEBUG] debug-file - Task 'entry:default@MergeProfile' cost while wrapping incremental declarations: 1 ms 
[2026-05-30T12:10:56.466] [DEBUG] debug-file - entry:default@MergeProfile is not up-to-date, since the input file '/Users/vita/Vitemis/Outposts/Kikaria-HarmonyOS/build-profile.json5' has been changed.
[2026-05-30T12:10:56.466] [DEBUG] debug-file - Incremental task entry:default@MergeProfile pre-execution cost: 1 ms .
[2026-05-30T12:10:56.466] [DEBUG] debug-file - Change app api release type with 'Release'
[2026-05-30T12:10:56.466] [DEBUG] debug-file - Change app compile API version with '6.1.0.105'
[2026-05-30T12:10:56.466] [DEBUG] debug-file - Change app target API version with '60100023'
[2026-05-30T12:10:56.466] [DEBUG] debug-file - Change app minimum API version with '50000012'
[2026-05-30T12:10:56.466] [DEBUG] debug-file - Use cli appEnvironment
[2026-05-30T12:10:56.467] [DEBUG] debug-file - entry : default@MergeProfile cost memory 0.22489166259765625
[2026-05-30T12:10:56.467] [DEBUG] debug-file - runTaskFromQueue task cost before running: 249 ms 
[2026-05-30T12:10:56.467] [INFO] debug-file - Finished :entry:default@MergeProfile... after 2 ms 
[2026-05-30T12:10:56.468] [DEBUG] debug-file - Executing task :entry:default@CreateBuildProfile
[2026-05-30T12:10:56.468] [DEBUG] debug-file - Task 'entry:default@CreateBuildProfile' cost while wrapping incremental declarations: 1 ms 
[2026-05-30T12:10:56.468] [DEBUG] debug-file - entry:default@CreateBuildProfile is not up-to-date, since the input file '/Users/vita/Vitemis/Outposts/Kikaria-HarmonyOS/build-profile.json5' has been changed.
[2026-05-30T12:10:56.468] [DEBUG] debug-file - Incremental task entry:default@CreateBuildProfile pre-execution cost: 1 ms .
[2026-05-30T12:10:56.469] [DEBUG] debug-file - entry : default@CreateBuildProfile cost memory 0.08882904052734375
[2026-05-30T12:10:56.469] [DEBUG] debug-file - runTaskFromQueue task cost before running: 251 ms 
[2026-05-30T12:10:56.469] [INFO] debug-file - Finished :entry:default@CreateBuildProfile... after 1 ms 
[2026-05-30T12:10:56.469] [DEBUG] debug-file - Executing task :entry:default@PreCheckSyscap
[2026-05-30T12:10:56.469] [DEBUG] debug-file - entry : default@PreCheckSyscap cost memory 0.01467132568359375
[2026-05-30T12:10:56.469] [DEBUG] debug-file - runTaskFromQueue task cost before running: 251 ms 
[2026-05-30T12:10:56.469] [INFO] debug-file - Finished :entry:default@PreCheckSyscap... after 1 ms 
[2026-05-30T12:10:56.470] [DEBUG] debug-file - Executing task :entry:default@GeneratePkgContextInfo
[2026-05-30T12:10:56.474] [DEBUG] debug-file - Task 'entry:default@GeneratePkgContextInfo' cost while wrapping incremental declarations: 1 ms 
[2026-05-30T12:10:56.474] [DEBUG] debug-file - entry : default@GeneratePkgContextInfo cost memory 0.516265869140625
[2026-05-30T12:10:56.474] [DEBUG] debug-file - runTaskFromQueue task cost before running: 257 ms 
[2026-05-30T12:10:56.475] [INFO] debug-file - Finished :entry:default@GeneratePkgContextInfo... after 5 ms 
[2026-05-30T12:10:56.475] [DEBUG] debug-file - Executing task :entry:default@ProcessProfile
[2026-05-30T12:10:56.476] [DEBUG] debug-file - Task 'entry:default@ProcessProfile' cost while wrapping incremental declarations: 1 ms 
[2026-05-30T12:10:56.476] [DEBUG] debug-file - entry:default@ProcessProfile is not up-to-date, since the input file '/Users/vita/Vitemis/Outposts/Kikaria-HarmonyOS/entry/.preview/default/intermediates/merge_profile/default/module.json' has been changed.
[2026-05-30T12:10:56.476] [DEBUG] debug-file - Incremental task entry:default@ProcessProfile pre-execution cost: 1 ms .
[2026-05-30T12:10:56.477] [DEBUG] debug-file - [
  '/Applications/DevEco-Studio.app/Contents/tools/node/bin/node',
  '/Applications/DevEco-Studio.app/Contents/sdk/default/openharmony/ets/build-tools/ets-loader/bin/ark/ts2abc.js',
  '--target-api-version',
  '12',
  '--target-api-sub-version',
  'beta1'
]
[2026-05-30T12:10:56.538] [DEBUG] debug-file - 12.0.2.0
[2026-05-30T12:10:56.539] [DEBUG] debug-file - No need to add fake ui ability because of abilityPath does not exist.
[2026-05-30T12:10:56.539] [DEBUG] debug-file - entry : default@ProcessProfile cost memory 0.34099578857421875
[2026-05-30T12:10:56.539] [DEBUG] debug-file - runTaskFromQueue task cost before running: 322 ms 
[2026-05-30T12:10:56.540] [INFO] debug-file - Finished :entry:default@ProcessProfile... after 65 ms 
[2026-05-30T12:10:56.540] [DEBUG] debug-file - Executing task :entry:default@ProcessRouterMap
[2026-05-30T12:10:56.541] [DEBUG] debug-file - Incremental task entry:default@ProcessRouterMap pre-execution cost: 1 ms .
[2026-05-30T12:10:56.541] [DEBUG] debug-file - entry : default@ProcessRouterMap cost memory 0.16757965087890625
[2026-05-30T12:10:56.541] [INFO] debug-file - UP-TO-DATE :entry:default@ProcessRouterMap...  
[2026-05-30T12:10:56.541] [DEBUG] debug-file - Executing task :entry:default@ProcessShareConfig
[2026-05-30T12:10:56.542] [DEBUG] debug-file - Incremental task entry:default@ProcessShareConfig pre-execution cost: 1 ms .
[2026-05-30T12:10:56.542] [DEBUG] debug-file - entry : default@ProcessShareConfig cost memory 0.2876434326171875
[2026-05-30T12:10:56.542] [INFO] debug-file - UP-TO-DATE :entry:default@ProcessShareConfig...  
[2026-05-30T12:10:56.542] [DEBUG] debug-file - Executing task :entry:default@ProcessStartupConfig
[2026-05-30T12:10:56.542] [DEBUG] debug-file - Task 'entry:default@ProcessStartupConfig' cost while wrapping incremental declarations: 1 ms 
[2026-05-30T12:10:56.542] [DEBUG] debug-file - entry:default@ProcessStartupConfig is not up-to-date, since the output file '/Users/vita/Vitemis/Outposts/Kikaria-HarmonyOS/entry/.preview/default/intermediates/startup/default/startup_config.json' does not exist.
[2026-05-30T12:10:56.542] [DEBUG] debug-file - Incremental task entry:default@ProcessStartupConfig pre-execution cost: 1 ms .
[2026-05-30T12:10:56.542] [DEBUG] debug-file - entry : default@ProcessStartupConfig cost memory 0.078338623046875
[2026-05-30T12:10:56.542] [DEBUG] debug-file - runTaskFromQueue task cost before running: 325 ms 
[2026-05-30T12:10:56.543] [INFO] debug-file - Finished :entry:default@ProcessStartupConfig... after 1 ms 
[2026-05-30T12:10:56.543] [DEBUG] debug-file - restool module names: entry; moduleName=entry, taskName=default@PreviewProcessResource
[2026-05-30T12:10:56.543] [DEBUG] debug-file - Executing task :entry:default@PreviewProcessResource
[2026-05-30T12:10:56.543] [DEBUG] debug-file - Task 'entry:default@PreviewProcessResource' cost while wrapping incremental declarations: 1 ms 
[2026-05-30T12:10:56.543] [DEBUG] debug-file - entry : default@PreviewProcessResource cost memory 0.0787506103515625
[2026-05-30T12:10:56.544] [DEBUG] debug-file - runTaskFromQueue task cost before running: 326 ms 
[2026-05-30T12:10:56.544] [INFO] debug-file - Finished :entry:default@PreviewProcessResource... after 1 ms 
[2026-05-30T12:10:56.544] [DEBUG] debug-file - Executing task :entry:default@GenerateLoaderJson
[2026-05-30T12:10:56.545] [DEBUG] debug-file - Task 'entry:default@GenerateLoaderJson' cost while wrapping incremental declarations: 1 ms 
[2026-05-30T12:10:56.547] [DEBUG] debug-file - Incremental task entry:default@GenerateLoaderJson pre-execution cost: 1 ms .
[2026-05-30T12:10:56.547] [DEBUG] debug-file - entry : default@GenerateLoaderJson cost memory 0.5386276245117188
[2026-05-30T12:10:56.548] [INFO] debug-file - UP-TO-DATE :entry:default@GenerateLoaderJson...  
[2026-05-30T12:10:56.548] [DEBUG] debug-file - restool module names: entry; moduleName=entry, taskName=default@PreviewCompileResource
[2026-05-30T12:10:56.548] [DEBUG] debug-file - Executing task :entry:default@PreviewCompileResource
[2026-05-30T12:10:56.554] [DEBUG] debug-file - entry:default@PreviewCompileResource is not up-to-date, since the input file '/Users/vita/Vitemis/Outposts/Kikaria-HarmonyOS/entry/.preview/default/intermediates/merge_profile/default/module.json' has been changed.
[2026-05-30T12:10:56.554] [DEBUG] debug-file - Incremental task entry:default@PreviewCompileResource pre-execution cost: 7 ms .
[2026-05-30T12:10:56.571] [DEBUG] debug-file - Use tool [/Applications/DevEco-Studio.app/Contents/sdk/default/openharmony/toolchains/restool]
 [
  '/Applications/DevEco-Studio.app/Contents/sdk/default/openharmony/toolchains/restool',
  '-x',
  '/Users/vita/Vitemis/Outposts/Kikaria-HarmonyOS/AppScope/resources',
  '-o',
  '/Users/vita/Vitemis/Outposts/Kikaria-HarmonyOS/entry/.preview/default/intermediates/res/default/app_compiled'
]
[2026-05-30T12:10:56.571] [DEBUG] debug-file - current process  memoryUsage: {
  rss: 188514304,
  heapTotal: 169672704,
  heapUsed: 132837600,
  external: 3532436,
  arrayBuffers: 640289
} os memoryUsage :23.768875122070312
[2026-05-30T12:10:56.594] [DEBUG] debug-file - Info: restool resources compile success.

[2026-05-30T12:10:56.595] [DEBUG] debug-file - Use tool [/Applications/DevEco-Studio.app/Contents/sdk/default/openharmony/toolchains/restool]
 [
  '/Applications/DevEco-Studio.app/Contents/sdk/default/openharmony/toolchains/restool',
  '-x',
  '/Users/vita/Vitemis/Outposts/Kikaria-HarmonyOS/entry/src/main/resources',
  '-o',
  '/Users/vita/Vitemis/Outposts/Kikaria-HarmonyOS/entry/.preview/default/intermediates/res/default/module_compiled'
]
[2026-05-30T12:10:56.595] [DEBUG] debug-file - current process  memoryUsage: {
  rss: 188579840,
  heapTotal: 169672704,
  heapUsed: 132949616,
  external: 3532484,
  arrayBuffers: 600388
} os memoryUsage :23.765029907226562
[2026-05-30T12:10:56.609] [DEBUG] debug-file - Info: restool resources compile success.

[2026-05-30T12:10:56.610] [DEBUG] debug-file - Use tool [/Applications/DevEco-Studio.app/Contents/sdk/default/openharmony/toolchains/restool]
 [
  '/Applications/DevEco-Studio.app/Contents/sdk/default/openharmony/toolchains/restool',
  '-m',
  'entry',
  '-f',
  '-j',
  '/Users/vita/Vitemis/Outposts/Kikaria-HarmonyOS/entry/.preview/default/intermediates/process_profile/default/module.json',
  '-p',
  'c***a',
  '-r',
  '/Users/vita/Vitemis/Outposts/Kikaria-HarmonyOS/entry/.preview/default/generated/r/default/ResourceTable.h',
  '-z',
  '--ids',
  '/Users/vita/Vitemis/Outposts/Kikaria-HarmonyOS/entry/.preview/default/intermediates/res/default/ids_map',
  '--defined-ids',
  '/Users/vita/Vitemis/Outposts/Kikaria-HarmonyOS/entry/.preview/default/intermediates/res/default/ids_map/id_defined.json',
  '-i',
  '/Users/vita/Vitemis/Outposts/Kikaria-HarmonyOS/entry/.preview/default/intermediates/res/default/app_compiled',
  '-i',
  '/Users/vita/Vitemis/Outposts/Kikaria-HarmonyOS/entry/.preview/default/intermediates/res/default/module_compiled',
  '-o',
  '/Users/vita/Vitemis/Outposts/Kikaria-HarmonyOS/entry/.preview/default/intermediates/res/default',
  '--defined-sysids',
  '/Applications/DevEco-Studio.app/Contents/sdk/default/hms/toolchains/id_defined.json'
]
[2026-05-30T12:10:56.610] [DEBUG] debug-file - current process  memoryUsage: {
  rss: 188579840,
  heapTotal: 169672704,
  heapUsed: 133087424,
  external: 3532532,
  arrayBuffers: 600436
} os memoryUsage :23.75946044921875
[2026-05-30T12:10:56.650] [DEBUG] debug-file - Info: hardware concurrency count is : 10
Info: thread count is : 10

[2026-05-30T12:10:56.650] [DEBUG] debug-file - Info: thread pool is started

[2026-05-30T12:10:56.651] [DEBUG] debug-file - Info: restool resources compile success.

[2026-05-30T12:10:56.651] [DEBUG] debug-file - Info: thread pool is stopped

[2026-05-30T12:10:56.653] [DEBUG] debug-file - entry : default@PreviewCompileResource cost memory -3.2341079711914062
[2026-05-30T12:10:56.653] [DEBUG] debug-file - runTaskFromQueue task cost before running: 435 ms 
[2026-05-30T12:10:56.653] [INFO] debug-file - Finished :entry:default@PreviewCompileResource... after 105 ms 
[2026-05-30T12:10:56.654] [DEBUG] debug-file - Executing task :entry:default@PreviewHookCompileResource
[2026-05-30T12:10:56.654] [DEBUG] debug-file - entry : default@PreviewHookCompileResource cost memory 0.01528167724609375
[2026-05-30T12:10:56.654] [DEBUG] debug-file - runTaskFromQueue task cost before running: 436 ms 
[2026-05-30T12:10:56.654] [INFO] debug-file - Finished :entry:default@PreviewHookCompileResource... after 1 ms 
[2026-05-30T12:10:56.654] [DEBUG] debug-file - Executing task :entry:default@CopyPreviewProfile
[2026-05-30T12:10:56.655] [DEBUG] debug-file - entry:default@CopyPreviewProfile is not up-to-date, since the output file '/Users/vita/Vitemis/Outposts/Kikaria-HarmonyOS/entry/.preview/default/intermediates/res/default/resources/base/profile' does not exist.
[2026-05-30T12:10:56.655] [DEBUG] debug-file - Incremental task entry:default@CopyPreviewProfile pre-execution cost: 1 ms .
[2026-05-30T12:10:56.656] [DEBUG] debug-file - entry : default@CopyPreviewProfile cost memory 0.13175201416015625
[2026-05-30T12:10:56.657] [DEBUG] debug-file - runTaskFromQueue task cost before running: 439 ms 
[2026-05-30T12:10:56.657] [INFO] debug-file - Finished :entry:default@CopyPreviewProfile... after 3 ms 
[2026-05-30T12:10:56.657] [DEBUG] debug-file - Executing task :entry:default@ReplacePreviewerPage
[2026-05-30T12:10:56.658] [DEBUG] debug-file - entry : default@ReplacePreviewerPage cost memory 0.014892578125
[2026-05-30T12:10:56.658] [DEBUG] debug-file - runTaskFromQueue task cost before running: 440 ms 
[2026-05-30T12:10:56.658] [INFO] debug-file - Finished :entry:default@ReplacePreviewerPage... after 1 ms 
[2026-05-30T12:10:56.658] [DEBUG] debug-file - Executing task :entry:buildPreviewerResource
[2026-05-30T12:10:56.658] [DEBUG] debug-file - entry : buildPreviewerResource cost memory 0.01280975341796875
[2026-05-30T12:10:56.659] [DEBUG] debug-file - runTaskFromQueue task cost before running: 441 ms 
[2026-05-30T12:10:56.659] [INFO] debug-file - Finished :entry:buildPreviewerResource... after 1 ms 
[2026-05-30T12:10:56.659] [DEBUG] debug-file - Executing task :entry:default@PreviewUpdateAssets
[2026-05-30T12:10:56.660] [DEBUG] debug-file - entry:default@PreviewUpdateAssets is not up-to-date, since the output file '/Users/vita/Vitemis/Outposts/Kikaria-HarmonyOS/entry/.preview/default/intermediates/res/default/module.json' has been changed.
[2026-05-30T12:10:56.660] [DEBUG] debug-file - Incremental task entry:default@PreviewUpdateAssets pre-execution cost: 1 ms .
[2026-05-30T12:10:56.660] [DEBUG] debug-file - entry : default@PreviewUpdateAssets cost memory 0.09979248046875
[2026-05-30T12:10:56.660] [DEBUG] debug-file - runTaskFromQueue task cost before running: 442 ms 
[2026-05-30T12:10:56.660] [INFO] debug-file - Finished :entry:default@PreviewUpdateAssets... after 1 ms 
[2026-05-30T12:10:56.662] [DEBUG] debug-file - Executing task :entry:default@PreviewArkTS
[2026-05-30T12:10:56.662] [DEBUG] debug-file - obfuscationOptions: undefined
[2026-05-30T12:10:56.662] [DEBUG] debug-file - Task 'entry:default@PreviewArkTS' cost while wrapping incremental declarations: 1 ms 
[2026-05-30T12:10:56.664] [DEBUG] debug-file - entry:default@PreviewArkTS is not up-to-date, since the input file '/Users/vita/Vitemis/Outposts/Kikaria-HarmonyOS/entry/.preview/default/intermediates/res/default/ResourceTable.txt' has been changed.
[2026-05-30T12:10:56.664] [DEBUG] debug-file - Incremental task entry:default@PreviewArkTS pre-execution cost: 1 ms .
[2026-05-30T12:10:56.668] [DEBUG] debug-file - No watchWorker available for preview
[2026-05-30T12:10:56.668] [DEBUG] debug-file - Can not reuse worker, create new worker for preview
[2026-05-30T12:10:56.670] [DEBUG] debug-file - session manager: binding session. socketId=GNbFcPCsUjUVcVWQAAAD, threadId=1@1.
[2026-05-30T12:10:56.670] [DEBUG] debug-file - entry : default@PreviewArkTS cost memory 1.9842300415039062
[2026-05-30T12:10:57.672] [DEBUG] debug-file - watch worker: send response to session manager. Response type: WatchStart
[2026-05-30T12:10:57.672] [DEBUG] debug-file - session manager: watch message received from worker 1. Type: WatchStart
[2026-05-30T12:10:58.915] [DEBUG] debug-file - watch worker: send response to session manager. Response type: WatchLog
[2026-05-30T12:10:58.916] [DEBUG] debug-file - session manager: watch message received from worker 1. Type: WatchLog
[2026-05-30T12:10:58.915] [DEBUG] debug-file - watch worker: send response to session manager. Response type: WatchLog
[2026-05-30T12:10:58.916] [DEBUG] debug-file - session manager: watch message received from worker 1. Type: WatchLog
[2026-05-30T12:10:59.786] [DEBUG] debug-file - Ark compile finished.
[2026-05-30T12:10:59.786] [DEBUG] debug-file - watch worker: send response to session manager. Response type: WatchResult
[2026-05-30T12:10:59.787] [DEBUG] debug-file - session manager: watch message received from worker 1. Type: WatchResult
[2026-05-30T12:10:59.789] [INFO] debug-file - Finished :entry:default@PreviewArkTS... after 3 s 126 ms 
[2026-05-30T12:10:59.789] [DEBUG] debug-file - Executing task :entry:PreviewBuild
[2026-05-30T12:10:59.789] [DEBUG] debug-file - entry : PreviewBuild cost memory 0.01258087158203125
[2026-05-30T12:10:59.789] [DEBUG] debug-file - runTaskFromQueue task cost before running: 3 s 572 ms 
[2026-05-30T12:10:59.789] [INFO] debug-file - Finished :entry:PreviewBuild... after 1 ms 
[2026-05-30T12:10:59.790] [INFO] debug-file - BUILD SUCCESSFUL in 3 s 572 ms 
[2026-05-30T12:10:59.790] [DEBUG] debug-file - Update task entry:default@PreBuild input file:/Users/vita/Vitemis/Outposts/Kikaria-HarmonyOS/AppScope/app.json5 cache by regenerate.
[2026-05-30T12:10:59.790] [DEBUG] debug-file - Update task entry:default@PreBuild input file:/Users/vita/Vitemis/Outposts/Kikaria-HarmonyOS/entry/src/main/module.json5 cache by regenerate.
[2026-05-30T12:10:59.790] [DEBUG] debug-file - Update task entry:default@PreBuild input file:/Users/vita/Vitemis/Outposts/Kikaria-HarmonyOS/build-profile.json5 cache from map.
[2026-05-30T12:10:59.790] [DEBUG] debug-file - Update task entry:default@PreBuild input file:/Users/vita/Vitemis/Outposts/Kikaria-HarmonyOS/entry/build-profile.json5 cache by regenerate.
[2026-05-30T12:10:59.790] [DEBUG] debug-file - Update task entry:default@PreBuild input file:/Users/vita/Vitemis/Outposts/Kikaria-HarmonyOS/entry/src/main/resources/base/profile/main_pages.json cache by regenerate.
[2026-05-30T12:10:59.790] [DEBUG] debug-file - Update task entry:default@PreBuild input file:/Users/vita/Vitemis/Outposts/Kikaria-HarmonyOS/hvigor/hvigor-config.json5 cache by regenerate.
[2026-05-30T12:10:59.790] [DEBUG] debug-file - Update task entry:default@PreBuild input file:/Users/vita/Vitemis/Outposts/Kikaria-HarmonyOS/entry/oh-package.json5 cache by regenerate.
[2026-05-30T12:10:59.790] [DEBUG] debug-file - Update task entry:default@PreBuild input file:/Users/vita/Vitemis/Outposts/Kikaria-HarmonyOS/oh-package.json5 cache by regenerate.
[2026-05-30T12:10:59.790] [DEBUG] debug-file - Incremental task entry:default@PreBuild post-execution cost:1 ms .
[2026-05-30T12:10:59.790] [DEBUG] debug-file - Update task entry:default@CreateModuleInfo output file:/Users/vita/Vitemis/Outposts/Kikaria-HarmonyOS/entry/.preview/default/generated/profile/default/ModuleInfo.ts cache.
[2026-05-30T12:10:59.791] [DEBUG] debug-file - Incremental task entry:default@CreateModuleInfo post-execution cost:1 ms .
[2026-05-30T12:10:59.791] [DEBUG] debug-file - Update task entry:default@MergeProfile input file:/Users/vita/Vitemis/Outposts/Kikaria-HarmonyOS/AppScope/app.json5 cache by regenerate.
[2026-05-30T12:10:59.791] [DEBUG] debug-file - Update task entry:default@MergeProfile input file:/Users/vita/Vitemis/Outposts/Kikaria-HarmonyOS/build-profile.json5 cache from map.
[2026-05-30T12:10:59.791] [DEBUG] debug-file - Update task entry:default@MergeProfile input file:/Users/vita/Vitemis/Outposts/Kikaria-HarmonyOS/entry/src/main/module.json5 cache by regenerate.
[2026-05-30T12:10:59.791] [DEBUG] debug-file - Update task entry:default@MergeProfile output file:/Users/vita/Vitemis/Outposts/Kikaria-HarmonyOS/entry/.preview/default/intermediates/merge_profile/default/module.json cache.
[2026-05-30T12:10:59.791] [DEBUG] debug-file - Incremental task entry:default@MergeProfile post-execution cost:1 ms .
[2026-05-30T12:10:59.791] [DEBUG] debug-file - Update task entry:default@CreateBuildProfile input file:/Users/vita/Vitemis/Outposts/Kikaria-HarmonyOS/AppScope/app.json5 cache by regenerate.
[2026-05-30T12:10:59.791] [DEBUG] debug-file - Update task entry:default@CreateBuildProfile input file:/Users/vita/Vitemis/Outposts/Kikaria-HarmonyOS/build-profile.json5 cache from map.
[2026-05-30T12:10:59.791] [DEBUG] debug-file - Update task entry:default@CreateBuildProfile output file:/Users/vita/Vitemis/Outposts/Kikaria-HarmonyOS/entry/.preview/default/generated/profile/default/BuildProfile.ets cache.
[2026-05-30T12:10:59.791] [DEBUG] debug-file - Incremental task entry:default@CreateBuildProfile post-execution cost:1 ms .
[2026-05-30T12:10:59.791] [DEBUG] debug-file - Update task entry:default@GeneratePkgContextInfo output file:/Users/vita/Vitemis/Outposts/Kikaria-HarmonyOS/entry/.preview/default/intermediates/loader/default/pkgContextInfo.json cache.
[2026-05-30T12:10:59.791] [DEBUG] debug-file - Incremental task entry:default@GeneratePkgContextInfo post-execution cost:1 ms .
[2026-05-30T12:10:59.791] [DEBUG] debug-file - Update task entry:default@ProcessProfile input file:/Users/vita/Vitemis/Outposts/Kikaria-HarmonyOS/entry/.preview/default/intermediates/merge_profile/default/module.json cache from map.
[2026-05-30T12:10:59.791] [DEBUG] debug-file - Update task entry:default@ProcessProfile output file:/Users/vita/Vitemis/Outposts/Kikaria-HarmonyOS/entry/.preview/default/intermediates/process_profile/default/module.json cache.
[2026-05-30T12:10:59.791] [DEBUG] debug-file - Incremental task entry:default@ProcessProfile post-execution cost:1 ms .
[2026-05-30T12:10:59.791] [DEBUG] debug-file - There is no need to refresh cache, since the incremental task entry:default@ProcessRouterMap is up-to-date.
[2026-05-30T12:10:59.791] [DEBUG] debug-file - There is no need to refresh cache, since the incremental task entry:default@ProcessShareConfig is up-to-date.
[2026-05-30T12:10:59.791] [DEBUG] debug-file - Update task entry:default@ProcessStartupConfig output file:/Users/vita/Vitemis/Outposts/Kikaria-HarmonyOS/entry/.preview/default/intermediates/startup/default/startup_config.json cache.
[2026-05-30T12:10:59.791] [DEBUG] debug-file - Incremental task entry:default@ProcessStartupConfig post-execution cost:1 ms .
[2026-05-30T12:10:59.791] [DEBUG] debug-file - There is no need to refresh cache, since the incremental task entry:default@GenerateLoaderJson is up-to-date.
[2026-05-30T12:10:59.791] [DEBUG] debug-file - Update task entry:default@PreviewCompileResource input file:/Users/vita/Vitemis/Outposts/Kikaria-HarmonyOS/entry/src/main/resources cache by regenerate.
[2026-05-30T12:10:59.792] [DEBUG] debug-file - Update task entry:default@PreviewCompileResource input file:/Users/vita/Vitemis/Outposts/Kikaria-HarmonyOS/entry/.preview/default/intermediates/merge_profile/default/module.json cache from map.
[2026-05-30T12:10:59.792] [DEBUG] debug-file - Update task entry:default@PreviewCompileResource output file:/Users/vita/Vitemis/Outposts/Kikaria-HarmonyOS/entry/.preview/default/intermediates/res/default cache.
[2026-05-30T12:10:59.792] [DEBUG] debug-file - Update task entry:default@PreviewCompileResource output file:/Users/vita/Vitemis/Outposts/Kikaria-HarmonyOS/entry/.preview/default/generated/r/default cache.
[2026-05-30T12:10:59.793] [DEBUG] debug-file - Incremental task entry:default@PreviewCompileResource post-execution cost:2 ms .
[2026-05-30T12:10:59.793] [DEBUG] debug-file - Update task entry:default@CopyPreviewProfile input file:/Users/vita/Vitemis/Outposts/Kikaria-HarmonyOS/entry/src/main/resources/base/profile cache by regenerate.
[2026-05-30T12:10:59.793] [DEBUG] debug-file - Update task entry:default@CopyPreviewProfile output file:/Users/vita/Vitemis/Outposts/Kikaria-HarmonyOS/entry/.preview/default/intermediates/res/default/resources/base/profile cache.
[2026-05-30T12:10:59.793] [DEBUG] debug-file - Incremental task entry:default@CopyPreviewProfile post-execution cost:1 ms .
[2026-05-30T12:10:59.793] [DEBUG] debug-file - Update task entry:default@PreviewUpdateAssets output file:/Users/vita/Vitemis/Outposts/Kikaria-HarmonyOS/entry/.preview/default/intermediates/res/default/module.json cache.
[2026-05-30T12:10:59.793] [DEBUG] debug-file - Update task entry:default@PreviewUpdateAssets output file:/Users/vita/Vitemis/Outposts/Kikaria-HarmonyOS/entry/.preview/default/intermediates/res/default/resources/base/profile/main_pages.json cache.
[2026-05-30T12:10:59.793] [DEBUG] debug-file - Incremental task entry:default@PreviewUpdateAssets post-execution cost:1 ms .
[2026-05-30T12:10:59.793] [DEBUG] debug-file - Update task entry:default@PreviewArkTS input file:/Users/vita/Vitemis/Outposts/Kikaria-HarmonyOS/entry/.preview/default/intermediates/loader/default cache by regenerate.
[2026-05-30T12:10:59.793] [DEBUG] debug-file - Update task entry:default@PreviewArkTS input file:/Users/vita/Vitemis/Outposts/Kikaria-HarmonyOS/entry/.preview/default/intermediates/res/default/ResourceTable.txt cache from map.
[2026-05-30T12:10:59.793] [DEBUG] debug-file - Update task entry:default@PreviewArkTS input file:/Users/vita/Vitemis/Outposts/Kikaria-HarmonyOS/entry/.preview/default/intermediates/process_profile/default/module.json cache by regenerate.
[2026-05-30T12:10:59.793] [DEBUG] debug-file - Update task entry:default@PreviewArkTS input file:/Users/vita/Vitemis/Outposts/Kikaria-HarmonyOS/entry/.preview/default/intermediates/res/default/resources/base/profile cache by regenerate.
[2026-05-30T12:10:59.793] [DEBUG] debug-file - Update task entry:default@PreviewArkTS input file:/Users/vita/Vitemis/Outposts/Kikaria-HarmonyOS/entry/src/main/ets cache by regenerate.
[2026-05-30T12:10:59.793] [DEBUG] debug-file - Update task entry:default@PreviewArkTS input file:/Users/vita/Vitemis/Outposts/Kikaria-HarmonyOS/entry/src/main/ets/entryability/EntryAbility.ets cache by regenerate.
[2026-05-30T12:10:59.793] [DEBUG] debug-file - Update task entry:default@PreviewArkTS input file:/Users/vita/Vitemis/Outposts/Kikaria-HarmonyOS/entry/.preview/default/generated/profile/default/BuildProfile.ets cache by regenerate.
[2026-05-30T12:10:59.793] [DEBUG] debug-file - Update task entry:default@PreviewArkTS output file:/Users/vita/Vitemis/Outposts/Kikaria-HarmonyOS/entry/.preview/default/intermediates/loader_out/default/ets cache.
[2026-05-30T12:10:59.794] [DEBUG] debug-file - Incremental task entry:default@PreviewArkTS post-execution cost:1 ms .
[2026-05-30T12:10:59.799] [DEBUG] debug-file - There's no busy workers and idle workers need cleanup.
[2026-05-30T12:10:59.800] [DEBUG] debug-file - hvigor build process will be closed.
[2026-05-30T12:30:51.911] [DEBUG] debug-file - env: nodejsVersion=v18.20.1
[2026-05-30T12:30:52.218] [DEBUG] debug-file - Hvigor init with startParameters:{
  hvigorfileTypeCheck: false,
  parallelExecution: true,
  incrementalExecution: true,
  printStackTrace: false,
  daemon: false,
  analyze: 0,
  logLevel: Level { level: 20000, levelStr: 'INFO', colour: 'green' },
  optimizationStrategy: 'memory',
  hotCompile: undefined,
  hotReloadBuild: undefined,
  customizedParam: undefined
}
[2026-05-30T12:30:53.848] [DEBUG] debug-file - hvigorfile, require result:  { default: { system: [Function: appTasks], plugins: [] } }
[2026-05-30T12:30:53.850] [DEBUG] debug-file - Starting plugin build process
[2026-05-30T12:30:54.174] [DEBUG] debug-file - App plugin register hook start...
[2026-05-30T12:30:54.212] [DEBUG] debug-file - Start initialize project's product build option map with build mode debug.
[2026-05-30T12:30:51.913] [DEBUG] debug-file - env: hvigor-config.json5 content = { modelVersion: '6.1.0', dependencies: {} }
[2026-05-30T12:30:54.227] [DEBUG] debug-file - hvigor build process will be closed with an error.
[2026-05-30T12:30:54.252] [DEBUG] debug-file - Create  resident worker with id: 0.
[2026-05-30T12:30:52.220] [DEBUG] debug-file - Cache service initialization finished in 3 ms 
[2026-05-30T12:30:53.848] [DEBUG] debug-file - hvigorfile, binding system plugins [Function: appTasks]
[2026-05-30T12:30:53.850] [DEBUG] debug-file - App plugin prepare start...
[2026-05-30T12:30:54.175] [DEBUG] debug-file - App plugin register hook end...
[2026-05-30T12:30:54.212] [DEBUG] debug-file - Picking option from product 'default' with build mode 'debug'.
[2026-05-30T12:30:51.916] [DEBUG] debug-file - env: daemon=false
[2026-05-30T12:30:54.242] [ERROR] debug-file - [31m00303217 Configuration Error
Error Message: Invalid value of 'DEVECO_SDK_HOME' in the system environment path.

* Try the following:
  > Correct the value, run hvigorw --stop-daemon to stop the daemon process, and then try again.
[39m

[31m* Try:
> Run with --stacktrace option to get the stack trace.
> Run with --debug option to get more log output.

[2026-05-30T12:30:54.254] [DEBUG] debug-file - Create  resident worker with id: 1.
[2026-05-30T12:30:52.224] [DEBUG] debug-file - hvigorfile, resolving /Users/vita/Vitemis/Outposts/Kikaria-HarmonyOS/hvigorfile.ts
[2026-05-30T12:30:53.850] [DEBUG] debug-file - App plugin prepare end...
[2026-05-30T12:30:54.175] [DEBUG] debug-file - Plugin build process completed
[2026-05-30T12:30:54.212] [DEBUG] debug-file - Product 'default' build option initialized
[2026-05-30T12:30:51.916] [DEBUG] debug-file - no-daemon, use the parent process.execArgv --max-old-space-size=8192,--max-semi-space-size=16,--expose-gc
[2026-05-30T12:30:54.242] [DEBUG] debug-file - ERROR: stacktrace = AdaptorError: [31m00303217 Configuration Error
Error Message: Invalid value of 'DEVECO_SDK_HOME' in the system environment path.

* Try the following:
  > Correct the value, run hvigorw --stop-daemon to stop the daemon process, and then try again.
[39m
    at OhosLogger.printErrorExit (/Applications/DevEco-Studio.app/Contents/tools/hvigor/hvigor/src/base/log/hvigor-log.js:1:5087)
    at Property.validatePath (/Applications/DevEco-Studio.app/Contents/tools/hvigor/hvigor-ohos-plugin/src/sdk/lib/property-get.js:1:2027)
    at Property.getHosSdkDir (/Applications/DevEco-Studio.app/Contents/tools/hvigor/hvigor-ohos-plugin/src/sdk/lib/property-get.js:1:1395)
    at SdkLoader.getSdkInfo (/Applications/DevEco-Studio.app/Contents/tools/hvigor/hvigor-ohos-plugin/src/sdk/sdk-loader.js:1:668)
    at new ProjectTaskService (/Applications/DevEco-Studio.app/Contents/tools/hvigor/hvigor-ohos-plugin/src/tasks/service/project-task-service.js:1:2057)
    at AppPlugin.initTaskService (/Applications/DevEco-Studio.app/Contents/tools/hvigor/hvigor-ohos-plugin/src/plugin/app-plugin.js:1:715)
    at ProjectImpl.<anonymous> (/Applications/DevEco-Studio.app/Contents/tools/hvigor/hvigor-ohos-plugin/src/plugin/builder/app-plugin-builder.js:1:2286)
    at ProjectImpl.executeAfterBindSystemPluginsHook (/Applications/DevEco-Studio.app/Contents/tools/hvigor/hvigor/src/base/internal/lifecycle/hvigor-node-impl/default-node-impl.js:1:5577)
    at evaluateNodeVigorFile (/Applications/DevEco-Studio.app/Contents/tools/hvigor/hvigor/src/base/internal/lifecycle/configuration.js:1:9221)
    at process.processTicksAndRejections (node:internal/process/task_queues:95:5)
[2026-05-30T12:30:54.254] [DEBUG] debug-file - Current worker pool is stopped or closed.
[2026-05-30T12:30:53.850] [DEBUG] debug-file - App plugin creating...
[2026-05-30T12:30:54.212] [DEBUG] debug-file - End initialize project's product build option map with build mode 'debug'.
[2026-05-30T12:30:54.242] [ERROR] debug-file - AdaptorError: [31m00303217 Configuration Error
Error Message: Invalid value of 'DEVECO_SDK_HOME' in the system environment path.

* Try the following:
  > Correct the value, run hvigorw --stop-daemon to stop the daemon process, and then try again.
[39m
    at OhosLogger.printErrorExit (/Applications/DevEco-Studio.app/Contents/tools/hvigor/hvigor/src/base/log/hvigor-log.js:1:5087)
    at Property.validatePath (/Applications/DevEco-Studio.app/Contents/tools/hvigor/hvigor-ohos-plugin/src/sdk/lib/property-get.js:1:2027)
    at Property.getHosSdkDir (/Applications/DevEco-Studio.app/Contents/tools/hvigor/hvigor-ohos-plugin/src/sdk/lib/property-get.js:1:1395)
    at SdkLoader.getSdkInfo (/Applications/DevEco-Studio.app/Contents/tools/hvigor/hvigor-ohos-plugin/src/sdk/sdk-loader.js:1:668)
    at new ProjectTaskService (/Applications/DevEco-Studio.app/Contents/tools/hvigor/hvigor-ohos-plugin/src/tasks/service/project-task-service.js:1:2057)
    at AppPlugin.initTaskService (/Applications/DevEco-Studio.app/Contents/tools/hvigor/hvigor-ohos-plugin/src/plugin/app-plugin.js:1:715)
    at ProjectImpl.<anonymous> (/Applications/DevEco-Studio.app/Contents/tools/hvigor/hvigor-ohos-plugin/src/plugin/builder/app-plugin-builder.js:1:2286)
    at ProjectImpl.executeAfterBindSystemPluginsHook (/Applications/DevEco-Studio.app/Contents/tools/hvigor/hvigor/src/base/internal/lifecycle/hvigor-node-impl/default-node-impl.js:1:5577)
    at evaluateNodeVigorFile (/Applications/DevEco-Studio.app/Contents/tools/hvigor/hvigor/src/base/internal/lifecycle/configuration.js:1:9221)
    at process.processTicksAndRejections (node:internal/process/task_queues:95:5)
[2026-05-30T12:30:54.254] [DEBUG] debug-file - Clear worker 0.
[2026-05-30T12:30:54.244] [ERROR] debug-file - BUILD FAILED in 2 s 30 ms 
[2026-05-30T12:30:54.255] [DEBUG] debug-file - Worker 0 has been cleared.
[2026-05-30T12:30:54.251] [DEBUG] debug-file - Since there is no instance or instance is terminated, create a new worker pool.
[2026-05-30T12:30:54.255] [DEBUG] debug-file - Current idle worker size: 1.
[2026-05-30T12:30:54.252] [DEBUG] debug-file - Worker pool is initialized with config:  {
  minPoolNum: 2,
  maxPoolNum: undefined,
  maxCoreSize: undefined,
  cacheCapacity: undefined,
  cacheTtl: undefined
}
[2026-05-30T12:30:54.255] [DEBUG] debug-file - Current busy worker size: 0.
[2026-05-30T12:30:54.255] [DEBUG] debug-file - Clear worker 1.
[2026-05-30T12:30:54.255] [DEBUG] debug-file - Worker 1 has been cleared.
[2026-05-30T12:30:54.255] [DEBUG] debug-file - Current idle worker size: 0.
[2026-05-30T12:30:54.255] [DEBUG] debug-file - Current busy worker size: 0.
[2026-05-30T12:30:54.262] [DEBUG] debug-file - hvigor build process will be closed.
[2026-05-30T12:30:54.273] [DEBUG] debug-file - worker[0] exits with exit code 0.
[2026-05-30T12:30:54.273] [DEBUG] debug-file - worker[1] exits with exit code 0.
[2026-05-30T12:30:54.273] [DEBUG] debug-file - Current worker pool is terminated.
[2026-05-30T12:31:13.199] [DEBUG] debug-file - env: nodejsVersion=v18.20.1
[2026-05-30T12:31:13.485] [DEBUG] debug-file - Hvigor init with startParameters:{
  hvigorfileTypeCheck: false,
  parallelExecution: true,
  incrementalExecution: true,
  printStackTrace: false,
  daemon: false,
  analyze: 0,
  logLevel: Level { level: 20000, levelStr: 'INFO', colour: 'green' },
  optimizationStrategy: 'memory',
  hotCompile: undefined,
  hotReloadBuild: undefined,
  customizedParam: undefined
}
[2026-05-30T12:31:15.247] [DEBUG] debug-file - hvigorfile, require result:  { default: { system: [Function: appTasks], plugins: [] } }
[2026-05-30T12:31:15.248] [DEBUG] debug-file - Starting plugin build process
[2026-05-30T12:31:15.427] [DEBUG] debug-file - App plugin register hook start...
[2026-05-30T12:31:15.429] [DEBUG] debug-file - Start initialize project's product build option map with build mode debug.
[2026-05-30T12:31:13.200] [DEBUG] debug-file - env: hvigor-config.json5 content = { modelVersion: '6.1.0', dependencies: {} }
[2026-05-30T12:31:15.432] [DEBUG] debug-file - Obtain build option for product 'default'in this build.
[2026-05-30T12:31:15.493] [DEBUG] debug-file - Create  resident worker with id: 0.
[2026-05-30T12:31:13.487] [DEBUG] debug-file - Cache service initialization finished in 2 ms 
[2026-05-30T12:31:15.247] [DEBUG] debug-file - hvigorfile, binding system plugins [Function: appTasks]
[2026-05-30T12:31:15.249] [DEBUG] debug-file - App plugin prepare start...
[2026-05-30T12:31:15.428] [DEBUG] debug-file - App plugin register hook end...
[2026-05-30T12:31:15.429] [DEBUG] debug-file - Picking option from product 'default' with build mode 'debug'.
[2026-05-30T12:31:13.201] [DEBUG] debug-file - env: daemon=false
[2026-05-30T12:31:15.433] [DEBUG] debug-file - No signingConfig found, initRemoteHspCache failed.
[2026-05-30T12:31:15.495] [DEBUG] debug-file - Create  resident worker with id: 1.
[2026-05-30T12:31:13.487] [DEBUG] debug-file - hvigorfile, resolving /Users/vita/Vitemis/Outposts/Kikaria-HarmonyOS/hvigorfile.ts
[2026-05-30T12:31:15.249] [DEBUG] debug-file - App plugin prepare end...
[2026-05-30T12:31:15.430] [DEBUG] debug-file - Product 'default' build option initialized
[2026-05-30T12:31:15.428] [DEBUG] debug-file - Plugin build process completed
[2026-05-30T12:31:13.201] [DEBUG] debug-file - no-daemon, use the parent process.execArgv --max-old-space-size=8192,--max-semi-space-size=16,--expose-gc
[2026-05-30T12:31:15.434] [DEBUG] debug-file - Local scan or download HarmonyOS sdk components toolchains,ets,js,native,previewer
[2026-05-30T12:31:15.497] [DEBUG] debug-file - Current worker pool is stopped or closed.
[2026-05-30T12:31:15.249] [DEBUG] debug-file - App plugin creating...
[2026-05-30T12:31:15.430] [DEBUG] debug-file - End initialize project's product build option map with build mode 'debug'.
[2026-05-30T12:31:15.466] [DEBUG] debug-file - hvigor build process will be closed with an error.
[2026-05-30T12:31:15.497] [DEBUG] debug-file - Clear worker 0.
[2026-05-30T12:31:15.469] [ERROR] debug-file - [31m00303168 Configuration Error
Error Message: SDK component missing.

* Try the following:
  > Please verify the integrity of your SDK.
  > Please update the SDK at the download link below.
  > More info: https://developer.huawei.com/consumer/en/download
[39m

[31m* Try:
> Run with --stacktrace option to get the stack trace.
> Run with --debug option to get more log output.

[2026-05-30T12:31:15.497] [DEBUG] debug-file - Worker 0 has been cleared.
[2026-05-30T12:31:15.469] [DEBUG] debug-file - ERROR: stacktrace = AdaptorError: [31m00303168 Configuration Error
Error Message: SDK component missing.

* Try the following:
  > Please verify the integrity of your SDK.
  > Please update the SDK at the download link below.
  > More info: https://developer.huawei.com/consumer/en/download
[39m
    at OhosLogger.printErrorExit (/Applications/DevEco-Studio.app/Contents/tools/hvigor/hvigor/src/base/log/hvigor-log.js:1:5087)
    at HmosSdkLoader.getHmosSdkComponents (/Applications/DevEco-Studio.app/Contents/tools/hvigor/hvigor-ohos-plugin/src/sdk/hmos-sdk-loader.js:1:1895)
    at HosSdkInfo.setup (/Applications/DevEco-Studio.app/Contents/tools/hvigor/hvigor-ohos-plugin/src/sdk/info/hos-sdk-info.js:1:1537)
    at ProjectTaskService.setup (/Applications/DevEco-Studio.app/Contents/tools/hvigor/hvigor-ohos-plugin/src/tasks/service/project-task-service.js:1:2525)
    at ProjectImpl.<anonymous> (/Applications/DevEco-Studio.app/Contents/tools/hvigor/hvigor-ohos-plugin/src/plugin/builder/app-plugin-builder.js:1:2361)
    at ProjectImpl.executeAfterBindSystemPluginsHook (/Applications/DevEco-Studio.app/Contents/tools/hvigor/hvigor/src/base/internal/lifecycle/hvigor-node-impl/default-node-impl.js:1:5577)
    at evaluateNodeVigorFile (/Applications/DevEco-Studio.app/Contents/tools/hvigor/hvigor/src/base/internal/lifecycle/configuration.js:1:9221)
    at process.processTicksAndRejections (node:internal/process/task_queues:95:5)
    at async evalProject (/Applications/DevEco-Studio.app/Contents/tools/hvigor/hvigor/src/base/internal/lifecycle/configuration.js:1:3544)
    at async configuration (/Applications/DevEco-Studio.app/Contents/tools/hvigor/hvigor/src/base/internal/lifecycle/configuration.js:1:2288)
[2026-05-30T12:31:15.469] [ERROR] debug-file - AdaptorError: [31m00303168 Configuration Error
Error Message: SDK component missing.

* Try the following:
  > Please verify the integrity of your SDK.
  > Please update the SDK at the download link below.
  > More info: https://developer.huawei.com/consumer/en/download
[39m
    at OhosLogger.printErrorExit (/Applications/DevEco-Studio.app/Contents/tools/hvigor/hvigor/src/base/log/hvigor-log.js:1:5087)
    at HmosSdkLoader.getHmosSdkComponents (/Applications/DevEco-Studio.app/Contents/tools/hvigor/hvigor-ohos-plugin/src/sdk/hmos-sdk-loader.js:1:1895)
    at HosSdkInfo.setup (/Applications/DevEco-Studio.app/Contents/tools/hvigor/hvigor-ohos-plugin/src/sdk/info/hos-sdk-info.js:1:1537)
    at ProjectTaskService.setup (/Applications/DevEco-Studio.app/Contents/tools/hvigor/hvigor-ohos-plugin/src/tasks/service/project-task-service.js:1:2525)
    at ProjectImpl.<anonymous> (/Applications/DevEco-Studio.app/Contents/tools/hvigor/hvigor-ohos-plugin/src/plugin/builder/app-plugin-builder.js:1:2361)
    at ProjectImpl.executeAfterBindSystemPluginsHook (/Applications/DevEco-Studio.app/Contents/tools/hvigor/hvigor/src/base/internal/lifecycle/hvigor-node-impl/default-node-impl.js:1:5577)
    at evaluateNodeVigorFile (/Applications/DevEco-Studio.app/Contents/tools/hvigor/hvigor/src/base/internal/lifecycle/configuration.js:1:9221)
    at process.processTicksAndRejections (node:internal/process/task_queues:95:5)
    at async evalProject (/Applications/DevEco-Studio.app/Contents/tools/hvigor/hvigor/src/base/internal/lifecycle/configuration.js:1:3544)
    at async configuration (/Applications/DevEco-Studio.app/Contents/tools/hvigor/hvigor/src/base/internal/lifecycle/configuration.js:1:2288)
[2026-05-30T12:31:15.497] [DEBUG] debug-file - Current idle worker size: 1.
[2026-05-30T12:31:15.471] [ERROR] debug-file - BUILD FAILED in 1 s 989 ms 
[2026-05-30T12:31:15.497] [DEBUG] debug-file - Current busy worker size: 0.
[2026-05-30T12:31:15.492] [DEBUG] debug-file - Since there is no instance or instance is terminated, create a new worker pool.
[2026-05-30T12:31:15.497] [DEBUG] debug-file - Clear worker 1.
[2026-05-30T12:31:15.492] [DEBUG] debug-file - Worker pool is initialized with config:  {
  minPoolNum: 2,
  maxPoolNum: undefined,
  maxCoreSize: undefined,
  cacheCapacity: undefined,
  cacheTtl: undefined
}
[2026-05-30T12:31:15.497] [DEBUG] debug-file - Worker 1 has been cleared.
[2026-05-30T12:31:15.497] [DEBUG] debug-file - Current idle worker size: 0.
[2026-05-30T12:31:15.497] [DEBUG] debug-file - Current busy worker size: 0.
[2026-05-30T12:31:15.504] [DEBUG] debug-file - hvigor build process will be closed.
[2026-05-30T12:31:15.509] [DEBUG] debug-file - worker[1] exits with exit code 0.
[2026-05-30T12:31:15.510] [DEBUG] debug-file - worker[0] exits with exit code 0.
[2026-05-30T12:31:15.514] [DEBUG] debug-file - Current worker pool is terminated.
[2026-05-30T12:31:34.681] [DEBUG] debug-file - env: nodejsVersion=v18.20.1
[2026-05-30T12:31:35.087] [DEBUG] debug-file - Hvigor init with startParameters:{
  hvigorfileTypeCheck: false,
  parallelExecution: true,
  incrementalExecution: true,
  printStackTrace: false,
  daemon: false,
  analyze: 0,
  logLevel: Level { level: 20000, levelStr: 'INFO', colour: 'green' },
  optimizationStrategy: 'memory',
  hotCompile: undefined,
  hotReloadBuild: undefined,
  customizedParam: undefined
}
[2026-05-30T12:31:36.352] [DEBUG] debug-file - hvigorfile, require result:  { default: { system: [Function: appTasks], plugins: [] } }
[2026-05-30T12:31:36.352] [DEBUG] debug-file - Starting plugin build process
[2026-05-30T12:31:36.515] [DEBUG] debug-file - App plugin register hook start...
[2026-05-30T12:31:36.516] [DEBUG] debug-file - Start initialize project's product build option map with build mode debug.
[2026-05-30T12:31:36.517] [DEBUG] debug-file - Obtain build option for product 'default'in this build.
[2026-05-30T12:31:34.682] [DEBUG] debug-file - env: hvigor-config.json5 content = { modelVersion: '6.1.0', dependencies: {} }
[2026-05-30T12:31:36.632] [DEBUG] debug-file - Create  resident worker with id: 0.
[2026-05-30T12:31:35.095] [DEBUG] debug-file - Cache service initialization finished in 8 ms 
[2026-05-30T12:31:36.352] [DEBUG] debug-file - hvigorfile, binding system plugins [Function: appTasks]
[2026-05-30T12:31:36.352] [DEBUG] debug-file - App plugin prepare start...
[2026-05-30T12:31:36.515] [DEBUG] debug-file - App plugin register hook end...
[2026-05-30T12:31:36.516] [DEBUG] debug-file - Picking option from product 'default' with build mode 'debug'.
[2026-05-30T12:31:36.517] [DEBUG] debug-file - No signingConfig found, initRemoteHspCache failed.
[2026-05-30T12:31:34.684] [DEBUG] debug-file - env: daemon=false
[2026-05-30T12:31:36.634] [DEBUG] debug-file - Create  resident worker with id: 1.
[2026-05-30T12:31:35.097] [DEBUG] debug-file - hvigorfile, resolving /Users/vita/Vitemis/Outposts/Kikaria-HarmonyOS/hvigorfile.ts
[2026-05-30T12:31:36.352] [DEBUG] debug-file - App plugin prepare end...
[2026-05-30T12:31:36.515] [DEBUG] debug-file - Plugin build process completed
[2026-05-30T12:31:36.516] [DEBUG] debug-file - Product 'default' build option initialized
[2026-05-30T12:31:36.519] [DEBUG] debug-file - Local scan or download HarmonyOS sdk components toolchains,ets,js,native,previewer
[2026-05-30T12:31:34.684] [DEBUG] debug-file - no-daemon, use the parent process.execArgv --max-old-space-size=8192,--max-semi-space-size=16,--expose-gc
[2026-05-30T12:31:36.637] [DEBUG] debug-file - Current worker pool is stopped or closed.
[2026-05-30T12:31:36.352] [DEBUG] debug-file - App plugin creating...
[2026-05-30T12:31:36.516] [DEBUG] debug-file - End initialize project's product build option map with build mode 'debug'.
[2026-05-30T12:31:36.612] [DEBUG] debug-file - hvigor build process will be closed with an error.
[2026-05-30T12:31:36.638] [DEBUG] debug-file - Clear worker 0.
[2026-05-30T12:31:36.620] [ERROR] debug-file - [31m00303168 Configuration Error
Error Message: SDK component missing.

* Try the following:
  > Please verify the integrity of your SDK.
  > Please update the SDK at the download link below.
  > More info: https://developer.huawei.com/consumer/en/download
[39m

[31m* Try:
> Run with --stacktrace option to get the stack trace.
> Run with --debug option to get more log output.

[2026-05-30T12:31:36.638] [DEBUG] debug-file - Worker 0 has been cleared.
[2026-05-30T12:31:36.620] [DEBUG] debug-file - ERROR: stacktrace = AdaptorError: [31m00303168 Configuration Error
Error Message: SDK component missing.

* Try the following:
  > Please verify the integrity of your SDK.
  > Please update the SDK at the download link below.
  > More info: https://developer.huawei.com/consumer/en/download
[39m
    at OhosLogger.printErrorExit (/Applications/DevEco-Studio.app/Contents/tools/hvigor/hvigor/src/base/log/hvigor-log.js:1:5087)
    at HmosSdkLoader.getHmosSdkComponents (/Applications/DevEco-Studio.app/Contents/tools/hvigor/hvigor-ohos-plugin/src/sdk/hmos-sdk-loader.js:1:1895)
    at HosSdkInfo.setup (/Applications/DevEco-Studio.app/Contents/tools/hvigor/hvigor-ohos-plugin/src/sdk/info/hos-sdk-info.js:1:1537)
    at ProjectTaskService.setup (/Applications/DevEco-Studio.app/Contents/tools/hvigor/hvigor-ohos-plugin/src/tasks/service/project-task-service.js:1:2525)
    at ProjectImpl.<anonymous> (/Applications/DevEco-Studio.app/Contents/tools/hvigor/hvigor-ohos-plugin/src/plugin/builder/app-plugin-builder.js:1:2361)
    at ProjectImpl.executeAfterBindSystemPluginsHook (/Applications/DevEco-Studio.app/Contents/tools/hvigor/hvigor/src/base/internal/lifecycle/hvigor-node-impl/default-node-impl.js:1:5577)
    at evaluateNodeVigorFile (/Applications/DevEco-Studio.app/Contents/tools/hvigor/hvigor/src/base/internal/lifecycle/configuration.js:1:9221)
    at process.processTicksAndRejections (node:internal/process/task_queues:95:5)
    at async evalProject (/Applications/DevEco-Studio.app/Contents/tools/hvigor/hvigor/src/base/internal/lifecycle/configuration.js:1:3544)
    at async configuration (/Applications/DevEco-Studio.app/Contents/tools/hvigor/hvigor/src/base/internal/lifecycle/configuration.js:1:2288)
[2026-05-30T12:31:36.638] [DEBUG] debug-file - Current idle worker size: 1.
[2026-05-30T12:31:36.620] [ERROR] debug-file - AdaptorError: [31m00303168 Configuration Error
Error Message: SDK component missing.

* Try the following:
  > Please verify the integrity of your SDK.
  > Please update the SDK at the download link below.
  > More info: https://developer.huawei.com/consumer/en/download
[39m
    at OhosLogger.printErrorExit (/Applications/DevEco-Studio.app/Contents/tools/hvigor/hvigor/src/base/log/hvigor-log.js:1:5087)
    at HmosSdkLoader.getHmosSdkComponents (/Applications/DevEco-Studio.app/Contents/tools/hvigor/hvigor-ohos-plugin/src/sdk/hmos-sdk-loader.js:1:1895)
    at HosSdkInfo.setup (/Applications/DevEco-Studio.app/Contents/tools/hvigor/hvigor-ohos-plugin/src/sdk/info/hos-sdk-info.js:1:1537)
    at ProjectTaskService.setup (/Applications/DevEco-Studio.app/Contents/tools/hvigor/hvigor-ohos-plugin/src/tasks/service/project-task-service.js:1:2525)
    at ProjectImpl.<anonymous> (/Applications/DevEco-Studio.app/Contents/tools/hvigor/hvigor-ohos-plugin/src/plugin/builder/app-plugin-builder.js:1:2361)
    at ProjectImpl.executeAfterBindSystemPluginsHook (/Applications/DevEco-Studio.app/Contents/tools/hvigor/hvigor/src/base/internal/lifecycle/hvigor-node-impl/default-node-impl.js:1:5577)
    at evaluateNodeVigorFile (/Applications/DevEco-Studio.app/Contents/tools/hvigor/hvigor/src/base/internal/lifecycle/configuration.js:1:9221)
    at process.processTicksAndRejections (node:internal/process/task_queues:95:5)
    at async evalProject (/Applications/DevEco-Studio.app/Contents/tools/hvigor/hvigor/src/base/internal/lifecycle/configuration.js:1:3544)
    at async configuration (/Applications/DevEco-Studio.app/Contents/tools/hvigor/hvigor/src/base/internal/lifecycle/configuration.js:1:2288)
[2026-05-30T12:31:36.638] [DEBUG] debug-file - Current busy worker size: 0.
[2026-05-30T12:31:36.622] [ERROR] debug-file - BUILD FAILED in 1 s 547 ms 
[2026-05-30T12:31:36.638] [DEBUG] debug-file - Clear worker 1.
[2026-05-30T12:31:36.631] [DEBUG] debug-file - Since there is no instance or instance is terminated, create a new worker pool.
[2026-05-30T12:31:36.638] [DEBUG] debug-file - Worker 1 has been cleared.
[2026-05-30T12:31:36.631] [DEBUG] debug-file - Worker pool is initialized with config:  {
  minPoolNum: 2,
  maxPoolNum: undefined,
  maxCoreSize: undefined,
  cacheCapacity: undefined,
  cacheTtl: undefined
}
[2026-05-30T12:31:36.638] [DEBUG] debug-file - Current idle worker size: 0.
[2026-05-30T12:31:36.638] [DEBUG] debug-file - Current busy worker size: 0.
[2026-05-30T12:31:36.643] [DEBUG] debug-file - hvigor build process will be closed.
[2026-05-30T12:31:36.654] [DEBUG] debug-file - worker[1] exits with exit code 0.
[2026-05-30T12:31:36.656] [DEBUG] debug-file - Current worker pool is terminated.
[2026-05-30T12:31:36.662] [DEBUG] debug-file - worker[0] exits with exit code 0.
[2026-05-30T12:31:42.692] [DEBUG] debug-file - env: nodejsVersion=v18.20.1
[2026-05-30T12:31:42.868] [DEBUG] debug-file - Hvigor init with startParameters:{
  hvigorfileTypeCheck: false,
  parallelExecution: true,
  incrementalExecution: true,
  printStackTrace: false,
  daemon: false,
  analyze: 0,
  logLevel: Level { level: 10000, levelStr: 'DEBUG', colour: 'cyan' },
  optimizationStrategy: 'memory',
  hotCompile: undefined,
  hotReloadBuild: undefined,
  customizedParam: undefined
}
[2026-05-30T12:31:43.588] [DEBUG] debug-file - hvigorfile, require result:  { default: { system: [Function: appTasks], plugins: [] } }
[2026-05-30T12:31:43.589] [DEBUG] debug-file - Starting plugin build process
[2026-05-30T12:31:43.742] [DEBUG] debug-file - App plugin register hook start...
[2026-05-30T12:31:43.743] [DEBUG] debug-file - Start initialize project's product build option map with build mode debug.
[2026-05-30T12:31:43.744] [DEBUG] debug-file - Obtain build option for product 'default'in this build.
[2026-05-30T12:31:42.692] [DEBUG] debug-file - env: hvigor-config.json5 content = { modelVersion: '6.1.0', dependencies: {} }
[2026-05-30T12:31:42.871] [DEBUG] debug-file - Cache service initialization finished in 3 ms 
[2026-05-30T12:31:43.589] [DEBUG] debug-file - hvigorfile, binding system plugins [Function: appTasks]
[2026-05-30T12:31:43.589] [DEBUG] debug-file - App plugin prepare start...
[2026-05-30T12:31:43.742] [DEBUG] debug-file - App plugin register hook end...
[2026-05-30T12:31:43.743] [DEBUG] debug-file - Picking option from product 'default' with build mode 'debug'.
[2026-05-30T12:31:43.778] [DEBUG] debug-file - Create  resident worker with id: 0.
[2026-05-30T12:31:43.745] [DEBUG] debug-file - No signingConfig found, initRemoteHspCache failed.
[2026-05-30T12:31:42.693] [DEBUG] debug-file - env: daemon=false
[2026-05-30T12:31:42.872] [DEBUG] debug-file - hvigorfile, resolving /Users/vita/Vitemis/Outposts/Kikaria-HarmonyOS/hvigorfile.ts
[2026-05-30T12:31:43.590] [DEBUG] debug-file - App plugin prepare end...
[2026-05-30T12:31:43.742] [DEBUG] debug-file - Plugin build process completed
[2026-05-30T12:31:43.743] [DEBUG] debug-file - Product 'default' build option initialized
[2026-05-30T12:31:43.779] [DEBUG] debug-file - Create  resident worker with id: 1.
[2026-05-30T12:31:43.747] [DEBUG] debug-file - Local scan or download HarmonyOS sdk components toolchains,ets,js,native,previewer
[2026-05-30T12:31:42.693] [DEBUG] debug-file - no-daemon, use the parent process.execArgv --max-old-space-size=8192,--max-semi-space-size=16,--expose-gc
[2026-05-30T12:31:43.590] [DEBUG] debug-file - App plugin creating...
[2026-05-30T12:31:43.743] [DEBUG] debug-file - End initialize project's product build option map with build mode 'debug'.
[2026-05-30T12:31:43.780] [DEBUG] debug-file - Current worker pool is stopped or closed.
[2026-05-30T12:31:43.764] [DEBUG] debug-file - hvigor build process will be closed with an error.
[2026-05-30T12:31:43.780] [DEBUG] debug-file - Clear worker 0.
[2026-05-30T12:31:43.766] [ERROR] debug-file - [31m00303168 Configuration Error
Error Message: SDK component missing.

* Try the following:
  > Please verify the integrity of your SDK.
  > Please update the SDK at the download link below.
  > More info: https://developer.huawei.com/consumer/en/download
[39m

[31m* Try:
> Run with --stacktrace option to get the stack trace.

[2026-05-30T12:31:43.780] [DEBUG] debug-file - Worker 0 has been cleared.
[2026-05-30T12:31:43.766] [DEBUG] debug-file - ERROR: stacktrace = AdaptorError: [31m00303168 Configuration Error
Error Message: SDK component missing.

* Try the following:
  > Please verify the integrity of your SDK.
  > Please update the SDK at the download link below.
  > More info: https://developer.huawei.com/consumer/en/download
[39m
    at OhosLogger.printErrorExit (/Applications/DevEco-Studio.app/Contents/tools/hvigor/hvigor/src/base/log/hvigor-log.js:1:5087)
    at HmosSdkLoader.getHmosSdkComponents (/Applications/DevEco-Studio.app/Contents/tools/hvigor/hvigor-ohos-plugin/src/sdk/hmos-sdk-loader.js:1:1895)
    at HosSdkInfo.setup (/Applications/DevEco-Studio.app/Contents/tools/hvigor/hvigor-ohos-plugin/src/sdk/info/hos-sdk-info.js:1:1537)
    at ProjectTaskService.setup (/Applications/DevEco-Studio.app/Contents/tools/hvigor/hvigor-ohos-plugin/src/tasks/service/project-task-service.js:1:2525)
    at ProjectImpl.<anonymous> (/Applications/DevEco-Studio.app/Contents/tools/hvigor/hvigor-ohos-plugin/src/plugin/builder/app-plugin-builder.js:1:2361)
    at ProjectImpl.executeAfterBindSystemPluginsHook (/Applications/DevEco-Studio.app/Contents/tools/hvigor/hvigor/src/base/internal/lifecycle/hvigor-node-impl/default-node-impl.js:1:5577)
    at evaluateNodeVigorFile (/Applications/DevEco-Studio.app/Contents/tools/hvigor/hvigor/src/base/internal/lifecycle/configuration.js:1:9221)
    at process.processTicksAndRejections (node:internal/process/task_queues:95:5)
    at async evalProject (/Applications/DevEco-Studio.app/Contents/tools/hvigor/hvigor/src/base/internal/lifecycle/configuration.js:1:3544)
    at async configuration (/Applications/DevEco-Studio.app/Contents/tools/hvigor/hvigor/src/base/internal/lifecycle/configuration.js:1:2288)
[2026-05-30T12:31:43.780] [DEBUG] debug-file - Current idle worker size: 1.
[2026-05-30T12:31:43.767] [ERROR] debug-file - AdaptorError: [31m00303168 Configuration Error
Error Message: SDK component missing.

* Try the following:
  > Please verify the integrity of your SDK.
  > Please update the SDK at the download link below.
  > More info: https://developer.huawei.com/consumer/en/download
[39m
    at OhosLogger.printErrorExit (/Applications/DevEco-Studio.app/Contents/tools/hvigor/hvigor/src/base/log/hvigor-log.js:1:5087)
    at HmosSdkLoader.getHmosSdkComponents (/Applications/DevEco-Studio.app/Contents/tools/hvigor/hvigor-ohos-plugin/src/sdk/hmos-sdk-loader.js:1:1895)
    at HosSdkInfo.setup (/Applications/DevEco-Studio.app/Contents/tools/hvigor/hvigor-ohos-plugin/src/sdk/info/hos-sdk-info.js:1:1537)
    at ProjectTaskService.setup (/Applications/DevEco-Studio.app/Contents/tools/hvigor/hvigor-ohos-plugin/src/tasks/service/project-task-service.js:1:2525)
    at ProjectImpl.<anonymous> (/Applications/DevEco-Studio.app/Contents/tools/hvigor/hvigor-ohos-plugin/src/plugin/builder/app-plugin-builder.js:1:2361)
    at ProjectImpl.executeAfterBindSystemPluginsHook (/Applications/DevEco-Studio.app/Contents/tools/hvigor/hvigor/src/base/internal/lifecycle/hvigor-node-impl/default-node-impl.js:1:5577)
    at evaluateNodeVigorFile (/Applications/DevEco-Studio.app/Contents/tools/hvigor/hvigor/src/base/internal/lifecycle/configuration.js:1:9221)
    at process.processTicksAndRejections (node:internal/process/task_queues:95:5)
    at async evalProject (/Applications/DevEco-Studio.app/Contents/tools/hvigor/hvigor/src/base/internal/lifecycle/configuration.js:1:3544)
    at async configuration (/Applications/DevEco-Studio.app/Contents/tools/hvigor/hvigor/src/base/internal/lifecycle/configuration.js:1:2288)
[2026-05-30T12:31:43.780] [DEBUG] debug-file - Current busy worker size: 0.
[2026-05-30T12:31:43.768] [ERROR] debug-file - BUILD FAILED in 903 ms 
[2026-05-30T12:31:43.780] [DEBUG] debug-file - Clear worker 1.
[2026-05-30T12:31:43.777] [DEBUG] debug-file - Since there is no instance or instance is terminated, create a new worker pool.
[2026-05-30T12:31:43.780] [DEBUG] debug-file - Worker 1 has been cleared.
[2026-05-30T12:31:43.777] [DEBUG] debug-file - Worker pool is initialized with config:  {
  minPoolNum: 2,
  maxPoolNum: undefined,
  maxCoreSize: undefined,
  cacheCapacity: undefined,
  cacheTtl: undefined
}
[2026-05-30T12:31:43.780] [DEBUG] debug-file - Current idle worker size: 0.
[2026-05-30T12:31:43.780] [DEBUG] debug-file - Current busy worker size: 0.
[2026-05-30T12:31:43.784] [DEBUG] debug-file - hvigor build process will be closed.
[2026-05-30T12:31:43.785] [DEBUG] debug-file - worker[0] exits with exit code 0.
[2026-05-30T12:31:43.786] [DEBUG] debug-file - worker[1] exits with exit code 0.
[2026-05-30T12:31:43.786] [DEBUG] debug-file - Current worker pool is terminated.
[2026-05-30T12:32:29.415] [DEBUG] debug-file - env: nodejsVersion=v18.20.1
[2026-05-30T12:32:29.624] [DEBUG] debug-file - Hvigor init with startParameters:{
  hvigorfileTypeCheck: false,
  parallelExecution: true,
  incrementalExecution: true,
  printStackTrace: true,
  daemon: false,
  analyze: 0,
  logLevel: Level { level: 20000, levelStr: 'INFO', colour: 'green' },
  optimizationStrategy: 'memory',
  hotCompile: undefined,
  hotReloadBuild: undefined,
  customizedParam: undefined
}
[2026-05-30T12:32:30.279] [DEBUG] debug-file - hvigorfile, require result:  { default: { system: [Function: appTasks], plugins: [] } }
[2026-05-30T12:32:30.280] [DEBUG] debug-file - Starting plugin build process
[2026-05-30T12:32:30.412] [DEBUG] debug-file - App plugin register hook start...
[2026-05-30T12:32:30.413] [DEBUG] debug-file - Start initialize project's product build option map with build mode debug.
[2026-05-30T12:32:30.414] [DEBUG] debug-file - Obtain build option for product 'default'in this build.
[2026-05-30T12:32:29.416] [DEBUG] debug-file - env: hvigor-config.json5 content = { modelVersion: '6.1.0', dependencies: {} }
[2026-05-30T12:32:30.444] [DEBUG] debug-file - Create  resident worker with id: 0.
[2026-05-30T12:32:29.626] [DEBUG] debug-file - Cache service initialization finished in 2 ms 
[2026-05-30T12:32:30.279] [DEBUG] debug-file - hvigorfile, binding system plugins [Function: appTasks]
[2026-05-30T12:32:30.280] [DEBUG] debug-file - App plugin prepare start...
[2026-05-30T12:32:30.412] [DEBUG] debug-file - App plugin register hook end...
[2026-05-30T12:32:30.413] [DEBUG] debug-file - Picking option from product 'default' with build mode 'debug'.
[2026-05-30T12:32:30.415] [DEBUG] debug-file - No signingConfig found, initRemoteHspCache failed.
[2026-05-30T12:32:29.416] [DEBUG] debug-file - env: daemon=false
[2026-05-30T12:32:30.445] [DEBUG] debug-file - Create  resident worker with id: 1.
[2026-05-30T12:32:29.627] [DEBUG] debug-file - hvigorfile, resolving /Users/vita/Vitemis/Outposts/Kikaria-HarmonyOS/hvigorfile.ts
[2026-05-30T12:32:30.280] [DEBUG] debug-file - App plugin prepare end...
[2026-05-30T12:32:30.412] [DEBUG] debug-file - Plugin build process completed
[2026-05-30T12:32:30.413] [DEBUG] debug-file - Product 'default' build option initialized
[2026-05-30T12:32:30.415] [DEBUG] debug-file - Local scan or download HarmonyOS sdk components toolchains,ets,js,native,previewer
[2026-05-30T12:32:29.416] [DEBUG] debug-file - no-daemon, use the parent process.execArgv --max-old-space-size=8192,--max-semi-space-size=16,--expose-gc,--enable-source-maps
[2026-05-30T12:32:30.446] [DEBUG] debug-file - Current worker pool is stopped or closed.
[2026-05-30T12:32:30.280] [DEBUG] debug-file - App plugin creating...
[2026-05-30T12:32:30.413] [DEBUG] debug-file - End initialize project's product build option map with build mode 'debug'.
[2026-05-30T12:32:30.433] [DEBUG] debug-file - hvigor build process will be closed with an error.
[2026-05-30T12:32:30.446] [DEBUG] debug-file - Clear worker 0.
[2026-05-30T12:32:30.437] [ERROR] debug-file - [31m00303168 Configuration Error
Error Message: SDK component missing.

* Try the following:
  > Please verify the integrity of your SDK.
  > Please update the SDK at the download link below.
  > More info: https://developer.huawei.com/consumer/en/download
[39m

[31m* Try:
> Run with --debug option to get more log output.

[2026-05-30T12:32:30.446] [DEBUG] debug-file - Worker 0 has been cleared.
[2026-05-30T12:32:30.437] [ERROR] debug-file - AdaptorError: [31m00303168 Configuration Error
Error Message: SDK component missing.

* Try the following:
  > Please verify the integrity of your SDK.
  > Please update the SDK at the download link below.
  > More info: https://developer.huawei.com/consumer/en/download
[39m
    at OhosLogger.printErrorExit (/Applications/DevEco-Studio.app/Contents/tools/hvigor/hvigor/src/base/log/hvigor-log.js:1:5087)
    at HmosSdkLoader.getHmosSdkComponents (/Applications/DevEco-Studio.app/Contents/tools/hvigor/hvigor-ohos-plugin/src/sdk/hmos-sdk-loader.js:1:1895)
    at HosSdkInfo.setup (/Applications/DevEco-Studio.app/Contents/tools/hvigor/hvigor-ohos-plugin/src/sdk/info/hos-sdk-info.js:1:1537)
    at ProjectTaskService.setup (/Applications/DevEco-Studio.app/Contents/tools/hvigor/hvigor-ohos-plugin/src/tasks/service/project-task-service.js:1:2525)
    at ProjectImpl.<anonymous> (/Applications/DevEco-Studio.app/Contents/tools/hvigor/hvigor-ohos-plugin/src/plugin/builder/app-plugin-builder.js:1:2361)
    at ProjectImpl.executeAfterBindSystemPluginsHook (/Applications/DevEco-Studio.app/Contents/tools/hvigor/hvigor/src/base/internal/lifecycle/hvigor-node-impl/default-node-impl.js:1:5577)
    at evaluateNodeVigorFile (/Applications/DevEco-Studio.app/Contents/tools/hvigor/hvigor/src/base/internal/lifecycle/configuration.js:1:9221)
    at process.processTicksAndRejections (node:internal/process/task_queues:95:5)
    at async evalProject (/Applications/DevEco-Studio.app/Contents/tools/hvigor/hvigor/src/base/internal/lifecycle/configuration.js:1:3544)
    at async configuration (/Applications/DevEco-Studio.app/Contents/tools/hvigor/hvigor/src/base/internal/lifecycle/configuration.js:1:2288)
[2026-05-30T12:32:30.446] [DEBUG] debug-file - Current idle worker size: 1.
[2026-05-30T12:32:30.438] [ERROR] debug-file - BUILD FAILED in 819 ms 
[2026-05-30T12:32:30.446] [DEBUG] debug-file - Current busy worker size: 0.
[2026-05-30T12:32:30.444] [DEBUG] debug-file - Since there is no instance or instance is terminated, create a new worker pool.
[2026-05-30T12:32:30.446] [DEBUG] debug-file - Clear worker 1.
[2026-05-30T12:32:30.444] [DEBUG] debug-file - Worker pool is initialized with config:  {
  minPoolNum: 2,
  maxPoolNum: undefined,
  maxCoreSize: undefined,
  cacheCapacity: undefined,
  cacheTtl: undefined
}
[2026-05-30T12:32:30.446] [DEBUG] debug-file - Worker 1 has been cleared.
[2026-05-30T12:32:30.446] [DEBUG] debug-file - Current idle worker size: 0.
[2026-05-30T12:32:30.446] [DEBUG] debug-file - Current busy worker size: 0.
[2026-05-30T12:32:30.451] [DEBUG] debug-file - hvigor build process will be closed.
[2026-05-30T12:32:30.455] [DEBUG] debug-file - worker[0] exits with exit code 0.
[2026-05-30T12:32:30.455] [DEBUG] debug-file - worker[1] exits with exit code 0.
[2026-05-30T12:32:30.455] [DEBUG] debug-file - Current worker pool is terminated.
[2026-05-30T13:37:22.839] [DEBUG] debug-file - session manager: send message to worker process.
[2026-05-30T13:37:22.840] [DEBUG] debug-file - session manager: send message to worker process.
[2026-05-31T14:53:11.725] [DEBUG] debug-file - env: nodejsVersion=v18.20.1
[2026-05-31T14:53:11.855] [DEBUG] debug-file - Hvigor init with startParameters:{
  hvigorfileTypeCheck: false,
  parallelExecution: true,
  incrementalExecution: true,
  printStackTrace: false,
  daemon: false,
  analyze: 0,
  logLevel: Level { level: 20000, levelStr: 'INFO', colour: 'green' },
  optimizationStrategy: 'memory',
  hotCompile: undefined,
  hotReloadBuild: undefined,
  customizedParam: undefined
}
[2026-05-31T14:53:12.464] [DEBUG] debug-file - hvigorfile, require result:  { default: { system: [Function: appTasks], plugins: [] } }
[2026-05-31T14:53:12.558] [DEBUG] debug-file - App plugin register hook start...
[2026-05-31T14:53:12.559] [DEBUG] debug-file - Start initialize project's product build option map with build mode debug.
[2026-05-31T14:53:12.467] [DEBUG] debug-file - Starting plugin build process
[2026-05-31T14:53:12.562] [DEBUG] debug-file - hvigor build process will be closed with an error.
[2026-05-31T14:53:11.726] [DEBUG] debug-file - env: hvigor-config.json5 content = { modelVersion: '6.1.0', dependencies: {} }
[2026-05-31T14:53:12.578] [DEBUG] debug-file - Create  resident worker with id: 0.
[2026-05-31T14:53:11.856] [DEBUG] debug-file - Cache service initialization finished in 2 ms 
[2026-05-31T14:53:12.558] [DEBUG] debug-file - App plugin register hook end...
[2026-05-31T14:53:12.559] [DEBUG] debug-file - Picking option from product 'default' with build mode 'debug'.
[2026-05-31T14:53:12.465] [DEBUG] debug-file - hvigorfile, binding system plugins [Function: appTasks]
[2026-05-31T14:53:12.467] [DEBUG] debug-file - App plugin prepare start...
[2026-05-31T14:53:11.726] [DEBUG] debug-file - env: daemon=false
[2026-05-31T14:53:12.571] [ERROR] debug-file - [31m00303217 Configuration Error
Error Message: Invalid value of 'DEVECO_SDK_HOME' in the system environment path.

* Try the following:
  > Correct the value, run hvigorw --stop-daemon to stop the daemon process, and then try again.
[39m

[31m* Try:
> Run with --stacktrace option to get the stack trace.
> Run with --debug option to get more log output.

[2026-05-31T14:53:12.579] [DEBUG] debug-file - Create  resident worker with id: 1.
[2026-05-31T14:53:11.857] [DEBUG] debug-file - hvigorfile, resolving /Users/vita/Vitemis/Outposts/Kikaria-HarmonyOS/hvigorfile.ts
[2026-05-31T14:53:12.558] [DEBUG] debug-file - Plugin build process completed
[2026-05-31T14:53:12.559] [DEBUG] debug-file - Product 'default' build option initialized
[2026-05-31T14:53:12.467] [DEBUG] debug-file - App plugin prepare end...
[2026-05-31T14:53:11.726] [DEBUG] debug-file - no-daemon, use the parent process.execArgv --max-old-space-size=8192,--max-semi-space-size=16,--expose-gc
[2026-05-31T14:53:12.571] [DEBUG] debug-file - ERROR: stacktrace = AdaptorError: [31m00303217 Configuration Error
Error Message: Invalid value of 'DEVECO_SDK_HOME' in the system environment path.

* Try the following:
  > Correct the value, run hvigorw --stop-daemon to stop the daemon process, and then try again.
[39m
    at OhosLogger.printErrorExit (/Applications/DevEco-Studio.app/Contents/tools/hvigor/hvigor/src/base/log/hvigor-log.js:1:5087)
    at Property.validatePath (/Applications/DevEco-Studio.app/Contents/tools/hvigor/hvigor-ohos-plugin/src/sdk/lib/property-get.js:1:2027)
    at Property.getHosSdkDir (/Applications/DevEco-Studio.app/Contents/tools/hvigor/hvigor-ohos-plugin/src/sdk/lib/property-get.js:1:1395)
    at SdkLoader.getSdkInfo (/Applications/DevEco-Studio.app/Contents/tools/hvigor/hvigor-ohos-plugin/src/sdk/sdk-loader.js:1:668)
    at new ProjectTaskService (/Applications/DevEco-Studio.app/Contents/tools/hvigor/hvigor-ohos-plugin/src/tasks/service/project-task-service.js:1:2057)
    at AppPlugin.initTaskService (/Applications/DevEco-Studio.app/Contents/tools/hvigor/hvigor-ohos-plugin/src/plugin/app-plugin.js:1:715)
    at ProjectImpl.<anonymous> (/Applications/DevEco-Studio.app/Contents/tools/hvigor/hvigor-ohos-plugin/src/plugin/builder/app-plugin-builder.js:1:2286)
    at ProjectImpl.executeAfterBindSystemPluginsHook (/Applications/DevEco-Studio.app/Contents/tools/hvigor/hvigor/src/base/internal/lifecycle/hvigor-node-impl/default-node-impl.js:1:5577)
    at evaluateNodeVigorFile (/Applications/DevEco-Studio.app/Contents/tools/hvigor/hvigor/src/base/internal/lifecycle/configuration.js:1:9221)
    at process.processTicksAndRejections (node:internal/process/task_queues:95:5)
[2026-05-31T14:53:12.580] [DEBUG] debug-file - Current worker pool is stopped or closed.
[2026-05-31T14:53:12.559] [DEBUG] debug-file - End initialize project's product build option map with build mode 'debug'.
[2026-05-31T14:53:12.467] [DEBUG] debug-file - App plugin creating...
[2026-05-31T14:53:12.571] [ERROR] debug-file - AdaptorError: [31m00303217 Configuration Error
Error Message: Invalid value of 'DEVECO_SDK_HOME' in the system environment path.

* Try the following:
  > Correct the value, run hvigorw --stop-daemon to stop the daemon process, and then try again.
[39m
    at OhosLogger.printErrorExit (/Applications/DevEco-Studio.app/Contents/tools/hvigor/hvigor/src/base/log/hvigor-log.js:1:5087)
    at Property.validatePath (/Applications/DevEco-Studio.app/Contents/tools/hvigor/hvigor-ohos-plugin/src/sdk/lib/property-get.js:1:2027)
    at Property.getHosSdkDir (/Applications/DevEco-Studio.app/Contents/tools/hvigor/hvigor-ohos-plugin/src/sdk/lib/property-get.js:1:1395)
    at SdkLoader.getSdkInfo (/Applications/DevEco-Studio.app/Contents/tools/hvigor/hvigor-ohos-plugin/src/sdk/sdk-loader.js:1:668)
    at new ProjectTaskService (/Applications/DevEco-Studio.app/Contents/tools/hvigor/hvigor-ohos-plugin/src/tasks/service/project-task-service.js:1:2057)
    at AppPlugin.initTaskService (/Applications/DevEco-Studio.app/Contents/tools/hvigor/hvigor-ohos-plugin/src/plugin/app-plugin.js:1:715)
    at ProjectImpl.<anonymous> (/Applications/DevEco-Studio.app/Contents/tools/hvigor/hvigor-ohos-plugin/src/plugin/builder/app-plugin-builder.js:1:2286)
    at ProjectImpl.executeAfterBindSystemPluginsHook (/Applications/DevEco-Studio.app/Contents/tools/hvigor/hvigor/src/base/internal/lifecycle/hvigor-node-impl/default-node-impl.js:1:5577)
    at evaluateNodeVigorFile (/Applications/DevEco-Studio.app/Contents/tools/hvigor/hvigor/src/base/internal/lifecycle/configuration.js:1:9221)
    at process.processTicksAndRejections (node:internal/process/task_queues:95:5)
[2026-05-31T14:53:12.580] [DEBUG] debug-file - Clear worker 0.
[2026-05-31T14:53:12.571] [ERROR] debug-file - BUILD FAILED in 718 ms 
[2026-05-31T14:53:12.580] [DEBUG] debug-file - Worker 0 has been cleared.
[2026-05-31T14:53:12.577] [DEBUG] debug-file - Since there is no instance or instance is terminated, create a new worker pool.
[2026-05-31T14:53:12.580] [DEBUG] debug-file - Current idle worker size: 1.
[2026-05-31T14:53:12.577] [DEBUG] debug-file - Worker pool is initialized with config:  {
  minPoolNum: 2,
  maxPoolNum: undefined,
  maxCoreSize: undefined,
  cacheCapacity: undefined,
  cacheTtl: undefined
}
[2026-05-31T14:53:12.580] [DEBUG] debug-file - Current busy worker size: 0.
[2026-05-31T14:53:12.580] [DEBUG] debug-file - Clear worker 1.
[2026-05-31T14:53:12.580] [DEBUG] debug-file - Worker 1 has been cleared.
[2026-05-31T14:53:12.580] [DEBUG] debug-file - Current idle worker size: 0.
[2026-05-31T14:53:12.580] [DEBUG] debug-file - Current busy worker size: 0.
[2026-05-31T14:53:12.584] [DEBUG] debug-file - hvigor build process will be closed.
[2026-05-31T14:53:12.586] [DEBUG] debug-file - worker[0] exits with exit code 0.
[2026-05-31T14:53:12.586] [DEBUG] debug-file - worker[1] exits with exit code 0.
[2026-05-31T14:53:12.587] [DEBUG] debug-file - Current worker pool is terminated.
[2026-05-31T14:53:19.683] [DEBUG] debug-file - env: nodejsVersion=v18.20.1
[2026-05-31T14:53:19.790] [DEBUG] debug-file - Hvigor init with startParameters:{
  hvigorfileTypeCheck: false,
  parallelExecution: true,
  incrementalExecution: true,
  printStackTrace: false,
  daemon: false,
  analyze: 0,
  logLevel: Level { level: 20000, levelStr: 'INFO', colour: 'green' },
  optimizationStrategy: 'memory',
  hotCompile: undefined,
  hotReloadBuild: undefined,
  customizedParam: undefined
}
[2026-05-31T14:53:20.167] [DEBUG] debug-file - Starting plugin build process
[2026-05-31T14:53:20.166] [DEBUG] debug-file - hvigorfile, require result:  { default: { system: [Function: appTasks], plugins: [] } }
[2026-05-31T14:53:20.238] [DEBUG] debug-file - Start initialize project's product build option map with build mode debug.
[2026-05-31T14:53:20.237] [DEBUG] debug-file - App plugin register hook start...
[2026-05-31T14:53:19.683] [DEBUG] debug-file - env: hvigor-config.json5 content = { modelVersion: '6.1.0', dependencies: {} }
[2026-05-31T14:53:20.239] [DEBUG] debug-file - Obtain build option for product 'default'in this build.
[2026-05-31T14:53:20.258] [DEBUG] debug-file - Create  resident worker with id: 0.
[2026-05-31T14:53:19.791] [DEBUG] debug-file - Cache service initialization finished in 1 ms 
[2026-05-31T14:53:20.167] [DEBUG] debug-file - App plugin prepare start...
[2026-05-31T14:53:20.166] [DEBUG] debug-file - hvigorfile, binding system plugins [Function: appTasks]
[2026-05-31T14:53:20.238] [DEBUG] debug-file - Picking option from product 'default' with build mode 'debug'.
[2026-05-31T14:53:20.238] [DEBUG] debug-file - App plugin register hook end...
[2026-05-31T14:53:19.684] [DEBUG] debug-file - env: daemon=false
[2026-05-31T14:53:20.240] [DEBUG] debug-file - No signingConfig found, initRemoteHspCache failed.
[2026-05-31T14:53:20.259] [DEBUG] debug-file - Create  resident worker with id: 1.
[2026-05-31T14:53:19.791] [DEBUG] debug-file - hvigorfile, resolving /Users/vita/Vitemis/Outposts/Kikaria-HarmonyOS/hvigorfile.ts
[2026-05-31T14:53:20.167] [DEBUG] debug-file - App plugin prepare end...
[2026-05-31T14:53:20.238] [DEBUG] debug-file - Product 'default' build option initialized
[2026-05-31T14:53:20.238] [DEBUG] debug-file - Plugin build process completed
[2026-05-31T14:53:19.684] [DEBUG] debug-file - no-daemon, use the parent process.execArgv --max-old-space-size=8192,--max-semi-space-size=16,--expose-gc
[2026-05-31T14:53:20.241] [DEBUG] debug-file - Local scan or download HarmonyOS sdk components toolchains,ets,js,native,previewer
[2026-05-31T14:53:20.259] [DEBUG] debug-file - Current worker pool is stopped or closed.
[2026-05-31T14:53:20.167] [DEBUG] debug-file - App plugin creating...
[2026-05-31T14:53:20.238] [DEBUG] debug-file - End initialize project's product build option map with build mode 'debug'.
[2026-05-31T14:53:20.250] [DEBUG] debug-file - hvigor build process will be closed with an error.
[2026-05-31T14:53:20.260] [DEBUG] debug-file - Clear worker 0.
[2026-05-31T14:53:20.252] [ERROR] debug-file - [31m00303168 Configuration Error
Error Message: SDK component missing.

* Try the following:
  > Please verify the integrity of your SDK.
  > Please update the SDK at the download link below.
  > More info: https://developer.huawei.com/consumer/en/download
[39m

[31m* Try:
> Run with --stacktrace option to get the stack trace.
> Run with --debug option to get more log output.

[2026-05-31T14:53:20.260] [DEBUG] debug-file - Worker 0 has been cleared.
[2026-05-31T14:53:20.252] [DEBUG] debug-file - ERROR: stacktrace = AdaptorError: [31m00303168 Configuration Error
Error Message: SDK component missing.

* Try the following:
  > Please verify the integrity of your SDK.
  > Please update the SDK at the download link below.
  > More info: https://developer.huawei.com/consumer/en/download
[39m
    at OhosLogger.printErrorExit (/Applications/DevEco-Studio.app/Contents/tools/hvigor/hvigor/src/base/log/hvigor-log.js:1:5087)
    at HmosSdkLoader.getHmosSdkComponents (/Applications/DevEco-Studio.app/Contents/tools/hvigor/hvigor-ohos-plugin/src/sdk/hmos-sdk-loader.js:1:1895)
    at HosSdkInfo.setup (/Applications/DevEco-Studio.app/Contents/tools/hvigor/hvigor-ohos-plugin/src/sdk/info/hos-sdk-info.js:1:1537)
    at ProjectTaskService.setup (/Applications/DevEco-Studio.app/Contents/tools/hvigor/hvigor-ohos-plugin/src/tasks/service/project-task-service.js:1:2525)
    at ProjectImpl.<anonymous> (/Applications/DevEco-Studio.app/Contents/tools/hvigor/hvigor-ohos-plugin/src/plugin/builder/app-plugin-builder.js:1:2361)
    at ProjectImpl.executeAfterBindSystemPluginsHook (/Applications/DevEco-Studio.app/Contents/tools/hvigor/hvigor/src/base/internal/lifecycle/hvigor-node-impl/default-node-impl.js:1:5577)
    at evaluateNodeVigorFile (/Applications/DevEco-Studio.app/Contents/tools/hvigor/hvigor/src/base/internal/lifecycle/configuration.js:1:9221)
    at process.processTicksAndRejections (node:internal/process/task_queues:95:5)
    at async evalProject (/Applications/DevEco-Studio.app/Contents/tools/hvigor/hvigor/src/base/internal/lifecycle/configuration.js:1:3544)
    at async configuration (/Applications/DevEco-Studio.app/Contents/tools/hvigor/hvigor/src/base/internal/lifecycle/configuration.js:1:2288)
[2026-05-31T14:53:20.260] [DEBUG] debug-file - Current idle worker size: 1.
[2026-05-31T14:53:20.252] [ERROR] debug-file - AdaptorError: [31m00303168 Configuration Error
Error Message: SDK component missing.

* Try the following:
  > Please verify the integrity of your SDK.
  > Please update the SDK at the download link below.
  > More info: https://developer.huawei.com/consumer/en/download
[39m
    at OhosLogger.printErrorExit (/Applications/DevEco-Studio.app/Contents/tools/hvigor/hvigor/src/base/log/hvigor-log.js:1:5087)
    at HmosSdkLoader.getHmosSdkComponents (/Applications/DevEco-Studio.app/Contents/tools/hvigor/hvigor-ohos-plugin/src/sdk/hmos-sdk-loader.js:1:1895)
    at HosSdkInfo.setup (/Applications/DevEco-Studio.app/Contents/tools/hvigor/hvigor-ohos-plugin/src/sdk/info/hos-sdk-info.js:1:1537)
    at ProjectTaskService.setup (/Applications/DevEco-Studio.app/Contents/tools/hvigor/hvigor-ohos-plugin/src/tasks/service/project-task-service.js:1:2525)
    at ProjectImpl.<anonymous> (/Applications/DevEco-Studio.app/Contents/tools/hvigor/hvigor-ohos-plugin/src/plugin/builder/app-plugin-builder.js:1:2361)
    at ProjectImpl.executeAfterBindSystemPluginsHook (/Applications/DevEco-Studio.app/Contents/tools/hvigor/hvigor/src/base/internal/lifecycle/hvigor-node-impl/default-node-impl.js:1:5577)
    at evaluateNodeVigorFile (/Applications/DevEco-Studio.app/Contents/tools/hvigor/hvigor/src/base/internal/lifecycle/configuration.js:1:9221)
    at process.processTicksAndRejections (node:internal/process/task_queues:95:5)
    at async evalProject (/Applications/DevEco-Studio.app/Contents/tools/hvigor/hvigor/src/base/internal/lifecycle/configuration.js:1:3544)
    at async configuration (/Applications/DevEco-Studio.app/Contents/tools/hvigor/hvigor/src/base/internal/lifecycle/configuration.js:1:2288)
[2026-05-31T14:53:20.260] [DEBUG] debug-file - Current busy worker size: 0.
[2026-05-31T14:53:20.253] [ERROR] debug-file - BUILD FAILED in 465 ms 
[2026-05-31T14:53:20.260] [DEBUG] debug-file - Clear worker 1.
[2026-05-31T14:53:20.257] [DEBUG] debug-file - Since there is no instance or instance is terminated, create a new worker pool.
[2026-05-31T14:53:20.260] [DEBUG] debug-file - Worker 1 has been cleared.
[2026-05-31T14:53:20.257] [DEBUG] debug-file - Worker pool is initialized with config:  {
  minPoolNum: 2,
  maxPoolNum: undefined,
  maxCoreSize: undefined,
  cacheCapacity: undefined,
  cacheTtl: undefined
}
[2026-05-31T14:53:20.260] [DEBUG] debug-file - Current idle worker size: 0.
[2026-05-31T14:53:20.260] [DEBUG] debug-file - Current busy worker size: 0.
[2026-05-31T14:53:20.263] [DEBUG] debug-file - hvigor build process will be closed.
[2026-05-31T14:53:20.264] [DEBUG] debug-file - worker[0] exits with exit code 0.
[2026-05-31T14:53:20.264] [DEBUG] debug-file - worker[1] exits with exit code 0.
[2026-05-31T14:53:20.265] [DEBUG] debug-file - Current worker pool is terminated.
